Period,Year,Month,Date,Product_SKU,Product_Name,Brand_Group,Category,Is_Strategic,Orders_Count,Quantity,Amount_THB
2026-08,2026,8,2026-08-28,06538,Spascopan (Buscopan) 10mg 50Bl/Box BDC,Spascopan,ยาบรรเทาอาการปวดเกร็งช่องท้อง (Antispasmodics),No,124,4276,311493.63
2026-08,2026,8,2026-08-28,00663,Clinovir (Acidclovir) cream 5g BDC,Clinovir,ยาต้านเชื้อไวรัสเริม/งูสวัด (Antivirals),No,167,3422,271351.77
2026-08,2026,8,2026-08-28,01944,Zenzera (Albendazole) 200mg 2Tab/Bl BDC,Zenzera,ยาถ่ายพยาธิ (Anthelmintics),Yes,138,3818,256650.48
2026-08,2026,8,2026-08-28,01475,Noraphen 500mg 50Bl/Box BDC,Noraphen,ยาแก้ปวด/ต้านการอักเสบ (NSAIDs & Pain Relief),No,20,16942,255787.59
2026-08,2026,8,2026-08-28,01758,Sporoxyl (Ketoconasol) 200mg 10Bl/Box BDC,Sporosil,ยาต้านเชื้อรา (Antifungals),No,134,1147,195793.79
2026-08,2026,8,2026-08-28,08921,Cephalexyl (Cephalexin) 500mg 10Bl/Box SAP,Cephalexyl,ยาปฏิชีวนะ/ฆ่าเชื้อแบคทีเรีย (Antibiotics),No,44,673,195103.16
2026-08,2026,8,2026-08-28,07427,Clinimet (Cimetidine) 400mg 50Bl/Box BDC,Klenimed,ยาลดกรดในกระเพาะอาหาร (Antacids & GI),No,88,6484,182165.02
2026-08,2026,8,2026-08-28,01947,Zertine (Cetirizine) 10mg 10Bl/Box FML,Zertine,ยาแก้แพ้/ต้านฮิสตามีน (Antihistamines),No,172,2398,152728.91
2026-08,2026,8,2026-08-28,07777,Gi-Bismol syrup 240ml (Prink) BDC,Gastro-Bismol,ยาเคลือบกระเพาะ/กรดไหลย้อน (Antacids & GI),Yes,32,513,127894.55
2026-08,2026,8,2026-08-28,01094,Glucosa 500mg 10Bl/Box BDC,Glucosa,ยาบำรุงข้อกระดูก (Osteoarthritis),Yes,65,511,127219.39
2026-08,2026,8,2026-08-28,00644,Ciproxyl (Ciprofloxacin) 500mg 10Bl/Box FML,Ciprocin,ยาปฏิชีวนะ/ฆ่าเชื้อทางเดินปัสสาวะ (Antibiotics),No,47,607,122802.43
2026-08,2026,8,2026-08-28,00661,Clinivate-N cream 5g BDC,Klenivet,ยาผิวหนังฆ่าเชื้อ/ต้านอักเสบ (Dermatology),No,97,1442,110333.9
2026-08,2026,8,2026-08-28,05942,Clinivate-N cream 15g BDC,Klenivet,ยาผิวหนังฆ่าเชื้อ/ต้านอักเสบ (Dermatology),No,53,302,103224.73
2026-08,2026,8,2026-08-28,01759,Sporaxyl (Ketoconasol) cream 5g BDC,Sporosil,ยาต้านเชื้อรา (Antifungals),No,80,1298,98682.61
2026-08,2026,8,2026-08-28,01500,Oflocee (Ofloxacin) 200mg 10Bl/Box,Oflocee,ยาปฏิชีวนะ/ฆ่าเชื้อ (Antibiotics),No,76,556,95883.47
2026-08,2026,8,2026-08-28,01091,Glucosa 1500mg Red 30Sach/Box BDC,Glucosa,ยาบำรุงข้อกระดูก (Osteoarthritis),Yes,43,345,91446.91
2026-08,2026,8,2026-08-28,05020,Sporaxyl (Ketoconasol) cream 15g BDC,Sporosil,ยาต้านเชื้อรา (Antifungals),No,45,649,57289.18
2026-08,2026,8,2026-08-28,01012,Fexotine (Fexofenadin) 60mg 10Box/Pack FML,Fexotine,กลุ่มยาและเวชภัณฑ์ทั่วไป (General Health & Others),No,35,869,56413.98
2026-08,2026,8,2026-08-28,18610,Precius (Pregabalin) 75mg 6Bl/Box,Precius,ยารักษาอาการปวดเส้นประสาท (Neuropathic Pain),Yes,4,112,47483.1
2026-08,2026,8,2026-08-28,05108,Clinovir (Acyclovir) 400mg 5Bl/Box BDC,Clinovir,ยาต้านเชื้อไวรัสเริม/งูสวัด (Antivirals),No,34,361,44987.14
2026-08,2026,8,2026-08-28,15617,Zenzera supersion 200mg 10ml/Sach,Zenzera,ยาถ่ายพยาธิ (Anthelmintics),Yes,17,185,40069.65
2026-08,2026,8,2026-08-28,18238,Clinovir-800mg 7Bl/Box TH,Clinovir,ยาต้านเชื้อไวรัสเริม/งูสวัด (Antivirals),No,18,156,37288.34
2026-08,2026,8,2026-08-28,18422,Hepivir (Hepatitis B) entecavir 0.5mg 3Bl/Box TH,Hepivir,ยาต้านไวรัสตับอักเสบ (Antivirals & Hepatology),Yes,7,69,36985.22
2026-08,2026,8,2026-08-28,18544,Clena TM EX (Anti melasma) 15g,Clenascar,เวชสำอางดูแลแผลเป็น/สิว (Dermatology & Skincare),Yes,12,267,36422.81
2026-08,2026,8,2026-08-28,14275,Nacoxib (Etoricoxib) 90mg,Nacoxib,ยาแก้ปวด/ต้านการอักเสบ (NSAIDs & Pain Relief),Yes,6,272,35908.88
2026-08,2026,8,2026-08-28,17224,Gastro bismol 524 10Bl/Box,Gastro-Bismol,ยาเคลือบกระเพาะ/กรดไหลย้อน (Antacids & GI),Yes,8,71,28866.25
2026-08,2026,8,2026-08-28,00658,Clinigel (Vaseline) 50g BDC,Clinigel,กลุ่มยาและเวชภัณฑ์ทั่วไป (General Health & Others),No,33,719,27448.37
2026-08,2026,8,2026-08-28,00664,Clinovir (Acidclovir) 200mg BDC,Clinovir,ยาต้านเชื้อไวรัสเริม/งูสวัด (Antivirals),No,30,297,26373.9
2026-08,2026,8,2026-08-28,03654,Glucosa 1500mg lemon 30Sach/Box BDC,Glucosa,ยาบำรุงข้อกระดูก (Osteoarthritis),Yes,12,104,25666.6
2026-08,2026,8,2026-08-28,10191,Spascopan (Buscopan) 10mg 500Tab/Bott BDC,Spascopan,ยาบรรเทาอาการปวดเกร็งช่องท้อง (Antispasmodics),No,13,33,25438.37
2026-08,2026,8,2026-08-28,01244,Lorita (Loratadine) 10mg 10Bl/Box FML,Lolita,ยาแก้แพ้/ต้านฮิสตามีน (Antihistamines),No,29,295,23609.46
2026-08,2026,8,2026-08-28,19685,Axamin (Tranexamic Acid) 250mg 50Bl/Box,Axamin,ยาห้ามเลือด/บำรุงสุขภาพ (Hemostatics & Wellness),Yes,6,753,23582.87
2026-08,2026,8,2026-08-28,00863,Domper-M (Domperidone) 10mg BDC,Domper-M,ยาช่วยย่อย/ต้านคลื่นไส้อาเจียน (Antiemetics),No,20,309,22677.84
2026-08,2026,8,2026-08-28,01103,Gynogesic (Mefenamic acid) 500mg 10Bl/Box BDC,Gynogesic,ยาแก้ปวดประจำเดือน/กล้ามเนื้อ (Analgesics),No,27,107,17448.65
2026-08,2026,8,2026-08-28,03358,Gastrosec (Omeprazole) 20mg BDC,Gastrosec,ยาลดกรดในกระเพาะอาหาร (PPIs & Antacids),No,17,591,17274.04
2026-08,2026,8,2026-08-28,04220,"Zyno cream 0,1% 15g BDC",Zeno,กลุ่มยาและเวชภัณฑ์ทั่วไป (General Health & Others),No,12,58,14995.69
2026-08,2026,8,2026-08-28,02072,Stugin (Cinnarizine) 25mg 50Bl/Box BDC,Stugin,ยาบรรเทาอาการเวียนศีรษะ/บ้านหมุน (Vertigo & CNS),No,32,387,14363.5
2026-08,2026,8,2026-08-28,17100,Prozeus15 10Sach/Box TH,Prozeus,โปรตีนและโภชนาการเสริม (Nutritional Supplements),Yes,6,53,13610.95
2026-08,2026,8,2026-08-28,14106,Anzac fluoxetin HCI 20mg 10Bl/Box,Anxac,ยาปรับสารเคมีในสมอง/คลายกังวล (Psychotropics),No,13,112,13521.59
2026-08,2026,8,2026-08-28,07545,Plaivana cream 14% 35g BDC,Plaivana,ยาแก้ปวด/กล้ามเนื้อ/ข้อกระดูก (Analgesics & Musculoskeletal),Yes,4,163,12891.37
2026-08,2026,8,2026-08-28,17101,Prozeus15 30Sach/Box TH,Prozeus,โปรตีนและโภชนาการเสริม (Nutritional Supplements),Yes,3,15,11588.05
2026-08,2026,8,2026-08-28,01735,Skinfect (Gentamicin) cream 5g BDC,Skinfect,ยาปฏิชีวนะทาแผล/ผิวหนัง (Dermatology),No,15,170,11327.06
2026-08,2026,8,2026-08-28,17225,Arotika cool spray 60ml,Arotika,ยาแก้ปวด/กล้ามเนื้อ/ข้อกระดูก (Analgesics & Musculoskeletal),Yes,5,93,11136.72
2026-08,2026,8,2026-08-28,00996,Fango (Clotrimazole) cream 5g BDC,Fango,ยาผิวหนังต้านเชื้อรา/อักเสบ (Dermatology),Yes,16,492,11094.78
2026-08,2026,8,2026-08-28,05943,Clinoderm cream 15g BDC,Clinoderm,กลุ่มยาและเวชภัณฑ์ทั่วไป (General Health & Others),No,6,41,10478.45
2026-08,2026,8,2026-08-28,04353,"Capsika-25 (0,025%) gel 35g",Capsika,ยาแก้ปวด/กล้ามเนื้อ/ข้อกระดูก (Analgesics & Musculoskeletal),Yes,8,149,10219.23
2026-08,2026,8,2026-08-28,06243,Diabederm cream 20% 35g (Blue) BDC,Diabederm,ยาผิวหนัง/บำรุงผิวแห้งแตก (Dermatology),Yes,5,111,9196.6
2026-08,2026,8,2026-08-28,08452,Arotika cool gel 35g BDC,Arotika,ยาแก้ปวด/กล้ามเนื้อ/ข้อกระดูก (Analgesics & Musculoskeletal),Yes,7,118,9002.7
2026-08,2026,8,2026-08-28,15712,Arotika rub lotion 80ml,Arotika,ยาแก้ปวด/กล้ามเนื้อ/ข้อกระดูก (Analgesics & Musculoskeletal),Yes,2,44,8783.6
2026-08,2026,8,2026-08-28,18911,Fango-BD (Clotrimazole 1% / Betamethasone 0.1%) cream 5g,Fango,ยาผิวหนังต้านเชื้อรา/อักเสบ (Dermatology),Yes,5,86,8698.96
2026-08,2026,8,2026-08-28,10399,Feenoze nasal spray 20ml BDC,Feenoze,กลุ่มยาและเวชภัณฑ์ทั่วไป (General Health & Others),No,4,146,8391.53
2026-08,2026,8,2026-08-28,03519,"Zyno cream 0,1% 5g BDC",Zeno,กลุ่มยาและเวชภัณฑ์ทั่วไป (General Health & Others),No,8,48,8248.49
2026-08,2026,8,2026-08-28,08451,Arotika rub lotion 60ml BDC,Arotika,ยาแก้ปวด/กล้ามเนื้อ/ข้อกระดูก (Analgesics & Musculoskeletal),Yes,2,90,7838.42
2026-08,2026,8,2026-08-28,18682,Zentozide (Praziquantel) 600mg Bl/Box,Zentocide,ยาถ่ายพยาธิใบไม้ในตับ (Antiparasitics),Yes,4,130,6588.68
2026-08,2026,8,2026-08-28,17226,Tristan (Etoricoxib) 90mg,Tristan,ยาแก้ปวด/ต้านการอักเสบ (NSAIDs & Pain Relief),Yes,3,30,5956.71
2026-08,2026,8,2026-08-28,00368,Allerax-Fc 10mg 50Bl/Box BDC,Allerlax,ยาแก้แพ้/ต้านฮิสตามีน (Antihistamines),No,11,78,5761.68
2026-08,2026,8,2026-08-28,00999,Fartussin 10Bl/Box 15mg FML,Fartussin,กลุ่มยาและเวชภัณฑ์ทั่วไป (General Health & Others),No,2,60,4683.79
2026-08,2026,8,2026-08-28,10799,Clenascar gel 15g BDC,Clenascar,เวชสำอางดูแลแผลเป็น/สิว (Dermatology & Skincare),Yes,2,25,4250.49
2026-08,2026,8,2026-08-28,08450,Arotika rub 35g BDC,Arotika,ยาแก้ปวด/กล้ามเนื้อ/ข้อกระดูก (Analgesics & Musculoskeletal),Yes,2,35,4077.0
2026-08,2026,8,2026-08-28,01958,"Zyno cream 0,02% 15g BDC",Zeno,กลุ่มยาและเวชภัณฑ์ทั่วไป (General Health & Others),No,4,16,4040.68
2026-08,2026,8,2026-08-28,00581,"Capsika 0,0125% gel 35g BDC",Capsika,ยาแก้ปวด/กล้ามเนื้อ/ข้อกระดูก (Analgesics & Musculoskeletal),Yes,4,92,3596.53
2026-08,2026,8,2026-08-28,19501,Diabederm lotion 10% 200ml BDC,Diabederm,ยาผิวหนัง/บำรุงผิวแห้งแตก (Dermatology),Yes,1,12,3540.09
2026-08,2026,8,2026-08-28,05252,Fango (Clotrimazole) cream 15g BDC,Fango,ยาผิวหนังต้านเชื้อรา/อักเสบ (Dermatology),Yes,3,146,3399.35
2026-08,2026,8,2026-08-28,05946,Diabederm cream 10% 35g (Green) BDC,Diabederm,ยาผิวหนัง/บำรุงผิวแห้งแตก (Dermatology),Yes,1,50,2650.0
2026-08,2026,8,2026-08-28,00662,Clinoderm (Clobetaso) cream 5g BDC,Clinoderm,กลุ่มยาและเวชภัณฑ์ทั่วไป (General Health & Others),No,2,36,2617.07
2026-08,2026,8,2026-08-28,00369,Allerax-Fc 10mg 1000Tab/Bott BDC,Allerlax,ยาแก้แพ้/ต้านฮิสตามีน (Antihistamines),No,6,11,2310.0
2026-08,2026,8,2026-08-28,08449,Arotika rub 15g BDC,Arotika,ยาแก้ปวด/กล้ามเนื้อ/ข้อกระดูก (Analgesics & Musculoskeletal),Yes,4,62,2283.93
2026-08,2026,8,2026-08-28,19502,Clenascar acne spot gel 7g,Clenascar,เวชสำอางดูแลแผลเป็น/สิว (Dermatology & Skincare),Yes,2,30,2068.92
2026-08,2026,8,2026-08-28,19504,Raqua cleansing gel 80ml,Raqua,ผลิตภัณฑ์ทำความสะอาดผิวหน้า (Skincare),Yes,1,12,1980.09
2026-08,2026,8,2026-08-28,01957,"Zyno cream 0,02% 5g 12Tub/Pack BDC",Zeno,กลุ่มยาและเวชภัณฑ์ทั่วไป (General Health & Others),No,4,50,1210.09
2026-01,2026,1,2026-01-28,01944,Zenzera (Albendazole) 200mg 2Tab/Bl BDC,Zenzera,ยาถ่ายพยาธิ (Anthelmintics),Yes,0,45150,345725.03
2026-01,2026,1,2026-01-28,06538,Spascopan (Buscopan) 10mg 50Bl/Box BDC,Spascopan,ยาบรรเทาอาการปวดเกร็งช่องท้อง (Antispasmodics),No,0,13870,267258.16
2026-01,2026,1,2026-01-28,00663,CliMarir (Acidclovir) cream 5g BDC,Clinovir,ยาต้านเชื้อไวรัสเริม/งูสวัด (Antivirals),No,0,17620,249316.06
2026-01,2026,1,2026-01-28,05942,Clinivate-N cream 15g BDC,Klenivet,ยาผิวหนังฆ่าเชื้อ/ต้านอักเสบ (Dermatology),No,0,5472,172873.16
2026-01,2026,1,2026-01-28,08921,Cephalexyl (Cephalexin) 500mg 10Bl/Box SAP,Cephalexyl,ยาปฏิชีวนะ/ฆ่าเชื้อแบคทีเรีย (Antibiotics),No,0,604,170174.95
2026-01,2026,1,2026-01-28,01947,Zertine (Cetirizine) 10mg 10Bl/Box FML,Zertine,ยาแก้แพ้/ต้านฮิสตามีน (Antihistamines),No,0,2608,160015.91
2026-01,2026,1,2026-01-28,00644,Ciproxyl (Ciprofloxacin) 500mg 10Bl/Box FML,Ciprocin,ยาปฏิชีวนะ/ฆ่าเชื้อทางเดินปัสสาวะ (Antibiotics),No,0,703,151568.35
2026-01,2026,1,2026-01-28,07427,Clinimet (Cimetidine) 400mg 50Bl/Box BDC,Klenimed,ยาลดกรดในกระเพาะอาหาร (Antacids & GI),No,0,8940,140597.58
2026-01,2026,1,2026-01-28,00661,Clinivate-N cream 5g BDC,Klenivet,ยาผิวหนังฆ่าเชื้อ/ต้านอักเสบ (Dermatology),No,0,9364,134956.94
2026-01,2026,1,2026-01-28,07777,Gi-Bisamol syrup 240ml (Prink) BDC,Gibisamol,กลุ่มยาและเวชภัณฑ์ทั่วไป (General Health & Others),No,0,1727,128920.39
2026-01,2026,1,2026-01-28,01758,Sporoxyl (Ketoconasol) 200mg 10Bl/Box BDC,Sporosil,ยาต้านเชื้อรา (Antifungals),No,0,755,125323.79
2026-01,2026,1,2026-01-28,01759,Sporaxyl (Ketoconasol) cream 5g BDC,Sporosil,ยาต้านเชื้อรา (Antifungals),No,0,8320,122572.84
2026-01,2026,1,2026-01-28,01091,Glucosa 1500mg Red 30Sach/Box BDC,Glucosa,ยาบำรุงข้อกระดูก (Osteoarthritis),Yes,0,453,118054.85
2026-01,2026,1,2026-01-28,01094,Glucosa 500mg 10Bl/Box BDC,Glucosa,ยาบำรุงข้อกระดูก (Osteoarthritis),Yes,0,457,112529.77
2026-01,2026,1,2026-01-28,03886,"Goutichine (Colchicine) 0,6mg 10Bl/Box FML",Goutichine,กลุ่มยาและเวชภัณฑ์ทั่วไป (General Health & Others),No,0,743,66286.84
2026-01,2026,1,2026-01-28,01500,Oflocee (Ofloxacin) 200mg 10Bl/Box FML,Oflocee,ยาปฏิชีวนะ/ฆ่าเชื้อ (Antibiotics),No,0,341,57582.49
2026-01,2026,1,2026-01-28,14275,Nacoxib (Etoricoxib) 90mg,Nacoxib,ยาแก้ปวด/ต้านการอักเสบ (NSAIDs & Pain Relief),Yes,0,363,52470.16
2026-01,2026,1,2026-01-28,01012,Fexotine (Fexofenadin) 60mg 10Box/Pack FML,Fexotine,กลุ่มยาและเวชภัณฑ์ทั่วไป (General Health & Others),No,0,1353,44017.93
2026-01,2026,1,2026-01-28,01475,Noraphen 500mg 50Bl/Box BDC,Noraphen,ยาแก้ปวด/ต้านการอักเสบ (NSAIDs & Pain Relief),No,0,4490,39050.02
2026-01,2026,1,2026-01-28,02072,Stugin (Cinnarizine) 25mg 50Bl/Box BDC,Stugin,ยาบรรเทาอาการเวียนศีรษะ/บ้านหมุน (Vertigo & CNS),No,0,8080,31715.92
2026-01,2026,1,2026-01-28,01103,Gynogesic (Dolfenal) 500mg 10Bl/Box BDC,Gynogesic,ยาแก้ปวดประจำเดือน/กล้ามเนื้อ (Analgesics),No,0,209,28482.44
2026-01,2026,1,2026-01-28,01709,Roxithroxyl (Roxithromycin) 150mg 10Bl/Box BDC,Roxithroxyl,กลุ่มยาและเวชภัณฑ์ทั่วไป (General Health & Others),No,0,1350,27234.54
2026-01,2026,1,2026-01-28,03654,Glucosa 1500mg lemon 30Sach/Box BDC,Glucosa,ยาบำรุงข้อกระดูก (Osteoarthritis),Yes,0,82,21620.98
2026-01,2026,1,2026-01-28,14106,Anzac fluoxetin HCI 20mg 10Bl/Box,Anxac,ยาปรับสารเคมีในสมอง/คลายกังวล (Psychotropics),No,0,180,20663.82
2026-01,2026,1,2026-01-28,00664,CliMarir (Acidclovir) 200mg BDC,Clinovir,ยาต้านเชื้อไวรัสเริม/งูสวัด (Antivirals),No,0,165,18160.29
2026-01,2026,1,2026-01-28,05108,CliMarir (Acyclovir) 400mg 5Bl/Box BDC,Clinovir,ยาต้านเชื้อไวรัสเริม/งูสวัด (Antivirals),No,0,134,17139.18
2026-01,2026,1,2026-01-28,03358,Gastrosec (Omeprazole) 20mg BDC,Gastrosec,ยาลดกรดในกระเพาะอาหาร (PPIs & Antacids),No,0,626,16979.61
2026-01,2026,1,2026-01-28,05943,Clinoderm cream 15g BDC,Clinoderm,กลุ่มยาและเวชภัณฑ์ทั่วไป (General Health & Others),No,0,408,13839.59
2026-01,2026,1,2026-01-28,17224,Gastro bismol 524,Gastro-Bismol,ยาเคลือบกระเพาะ/กรดไหลย้อน (Antacids & GI),Yes,0,49,13452.8
2026-01,2026,1,2026-01-28,18911,Fango-BD (Clotrimazole 1% / Betamethasone 0.1%) cream 5g,Fango,ยาผิวหนังต้านเชื้อรา/อักเสบ (Dermatology),Yes,0,720,12336.41
2026-01,2026,1,2026-01-28,01735,Skinfect (Gentamicin) cream 5g BDC,Skinfect,ยาปฏิชีวนะทาแผล/ผิวหนัง (Dermatology),No,0,876,11710.58
2026-01,2026,1,2026-01-28,00999,Fartussin 10Bl/Box 15mg FML,Fartussin,กลุ่มยาและเวชภัณฑ์ทั่วไป (General Health & Others),No,0,134,11103.31
2026-01,2026,1,2026-01-28,15617,Zenzera supersion 200mg 10ml/Sach,Zenzera,ยาถ่ายพยาธิ (Anthelmintics),Yes,0,144,10871.27
2026-01,2026,1,2026-01-28,04220,"Zyno cream 0,1% 15g BDC",Zeno,กลุ่มยาและเวชภัณฑ์ทั่วไป (General Health & Others),No,0,486,10749.1
2026-01,2026,1,2026-01-28,01244,Lorita (Loratadine) 10mg 10Bl/Box FML,Lolita,ยาแก้แพ้/ต้านฮิสตามีน (Antihistamines),No,0,127,9636.22
2026-01,2026,1,2026-01-28,03519,"Zyno cream 0,1% 5g BDC",Zeno,กลุ่มยาและเวชภัณฑ์ทั่วไป (General Health & Others),No,0,648,9030.42
2026-01,2026,1,2026-01-28,01958,"Zyno cream 0,02% 15g BDC",Zeno,กลุ่มยาและเวชภัณฑ์ทั่วไป (General Health & Others),No,0,414,9006.11
2026-01,2026,1,2026-01-28,00658,Clinigel (Vaseline) 50g BDC,Clinigel,กลุ่มยาและเวชภัณฑ์ทั่วไป (General Health & Others),No,0,209,8001.99
2026-01,2026,1,2026-01-28,18610,Precius (Pregabalin) 75mg 6Bl/Box,Precius,ยารักษาอาการปวดเส้นประสาท (Neuropathic Pain),Yes,0,20,7952.54
2026-01,2026,1,2026-01-28,03880,Glucocron (Gliclazide) 80mg BDC,Glucocron,ยารักษาโรคเบาหวาน (Antidiabetics),No,0,58,7293.52
2026-01,2026,1,2026-01-28,10399,Feenoze nasal spray 20ml BDC,Feenoze,กลุ่มยาและเวชภัณฑ์ทั่วไป (General Health & Others),No,0,132,7104.08
2026-01,2026,1,2026-01-28,00368,Allerax-Fc 10mg 50Bl/Box BDC,Allerlax,ยาแก้แพ้/ต้านฮิสตามีน (Antihistamines),No,0,2010,6998.73
2026-01,2026,1,2026-01-28,05946,Diabederm cream 10% 35g (Green) BDC,Diabederm,ยาผิวหนัง/บำรุงผิวแห้งแตก (Dermatology),Yes,0,137,6122.85
2026-01,2026,1,2026-01-28,17847,Finasteride 1mg 3Bl/Box,Finasteride,ยารักษาต่อมลูกหมาก/ผมร่วง (Urology & Men Health),Yes,0,30,5839.06
2026-01,2026,1,2026-01-28,00660,Clinivate cream 5g BDC,Klenivet,ยาผิวหนังฆ่าเชื้อ/ต้านอักเสบ (Dermatology),No,0,264,5443.76
2026-01,2026,1,2026-01-28,04353,"Capsika-25 (0,025%) gel 35g",Capsika,ยาแก้ปวด/กล้ามเนื้อ/ข้อกระดูก (Analgesics & Musculoskeletal),Yes,0,130,5161.19
2026-01,2026,1,2026-01-28,00581,"Capsika 0,0125% gel 35g BDC",Capsika,ยาแก้ปวด/กล้ามเนื้อ/ข้อกระดูก (Analgesics & Musculoskeletal),Yes,0,130,5106.35
2026-01,2026,1,2026-01-28,08452,Arotika cool gel 35g BDC,Arotika,ยาแก้ปวด/กล้ามเนื้อ/ข้อกระดูก (Analgesics & Musculoskeletal),Yes,0,120,4916.93
2026-01,2026,1,2026-01-28,08451,Arotika rub lotion 60ml BDC,Arotika,ยาแก้ปวด/กล้ามเนื้อ/ข้อกระดูก (Analgesics & Musculoskeletal),Yes,0,52,4673.33
2026-01,2026,1,2026-01-28,05252,Fango (Clotrimazole) cream 15g BDC,Fango,ยาผิวหนังต้านเชื้อรา/อักเสบ (Dermatology),Yes,0,192,4593.89
2026-01,2026,1,2026-01-28,05941,Clinivate cream 15g BDC,Klenivet,ยาผิวหนังฆ่าเชื้อ/ต้านอักเสบ (Dermatology),No,0,204,4573.53
2026-01,2026,1,2026-01-28,18544,Clena TM EX (Anti melasma) 15g,Clenascar,เวชสำอางดูแลแผลเป็น/สิว (Dermatology & Skincare),Yes,0,36,4265.39
2026-01,2026,1,2026-01-28,00369,Allerax-Fc 10mg 1000Tab/Bott BDC,Allerlax,ยาแก้แพ้/ต้านฮิสตามีน (Antihistamines),No,0,20,4200.91
2026-01,2026,1,2026-01-28,17225,Arotika cool spray 60ml,Arotika,ยาแก้ปวด/กล้ามเนื้อ/ข้อกระดูก (Analgesics & Musculoskeletal),Yes,0,36,3711.99
2026-01,2026,1,2026-01-28,00863,Domper-M (Domperidone) 10mg BDC,Domper-M,ยาช่วยย่อย/ต้านคลื่นไส้อาเจียน (Antiemetics),No,0,880,3704.58
2026-01,2026,1,2026-01-28,10799,Clenascar gel 15g BDC,Clenascar,เวชสำอางดูแลแผลเป็น/สิว (Dermatology & Skincare),Yes,0,36,3484.36
2026-01,2026,1,2026-01-28,00996,Fango (Clotrimazole) cream 5g BDC,Fango,ยาผิวหนังต้านเชื้อรา/อักเสบ (Dermatology),Yes,0,192,3418.89
2026-01,2026,1,2026-01-28,08450,Arotika rub 35g BDC,Arotika,ยาแก้ปวด/กล้ามเนื้อ/ข้อกระดูก (Analgesics & Musculoskeletal),Yes,0,50,2722.79
2026-01,2026,1,2026-01-28,07539,Plaivana cream 14% 15g BDC,Plaivana,ยาแก้ปวด/กล้ามเนื้อ/ข้อกระดูก (Analgesics & Musculoskeletal),Yes,0,87,2390.52
2026-01,2026,1,2026-01-28,18682,Zentozide (Praziquantel) 600mg Bl/Box,Zentocide,ยาถ่ายพยาธิใบไม้ในตับ (Antiparasitics),Yes,0,50,1970.13
2026-01,2026,1,2026-01-28,18238,CliMarir-800mg 7Bl/Box TH,Clinovir,ยาต้านเชื้อไวรัสเริม/งูสวัด (Antivirals),No,0,8,1933.8
2026-01,2026,1,2026-01-28,01957,"Zyno cream 0,02% 5g 12Tub/Pack BDC",Zeno,กลุ่มยาและเวชภัณฑ์ทั่วไป (General Health & Others),No,0,180,1717.38
2026-01,2026,1,2026-01-28,06243,Diabederm cream 20% 35g (Blue) BDC,Diabederm,ยาผิวหนัง/บำรุงผิวแห้งแตก (Dermatology),Yes,0,20,1146.4
2026-01,2026,1,2026-01-28,17226,Tristan (Etoricoxib) 90mg,Tristan,ยาแก้ปวด/ต้านการอักเสบ (NSAIDs & Pain Relief),Yes,0,3,135.0
2026-01,2026,1,2026-01-28,08449,Arotika rub 15g BDC,Arotika,ยาแก้ปวด/กล้ามเนื้อ/ข้อกระดูก (Analgesics & Musculoskeletal),Yes,0,3,96.02
2026-01,2026,1,2026-01-28,19095,(Free) Fartussin 10Bl/Box 15mg FML,Fartussin,กลุ่มยาและเวชภัณฑ์ทั่วไป (General Health & Others),No,0,31,0.0
2026-01,2026,1,2026-01-28,19122,(Free) Clinivate-N cream 5g BDC,Klenivet,ยาผิวหนังฆ่าเชื้อ/ต้านอักเสบ (Dermatology),No,0,270,0.0
2026-01,2026,1,2026-01-28,18922,(Free) Tiger star ໝໍ້ແດງ SP-100,Tiger,กลุ่มยาและเวชภัณฑ์ทั่วไป (General Health & Others),No,0,11,0.0
2026-01,2026,1,2026-01-28,18923,(Free) Safe & Save ກາຕົ້ມນໍ້າໄຟຟ້າ 1.8L TH,Safe,กลุ่มยาและเวชภัณฑ์ทั่วไป (General Health & Others),No,0,5,0.0
2026-01,2026,1,2026-01-28,18578,(Free) Capsika-25 lotion spong pak 80ml,Capsika,ยาแก้ปวด/กล้ามเนื้อ/ข้อกระดูก (Analgesics & Musculoskeletal),Yes,0,30,0.0
2026-02,2026,2,2026-02-28,06538,Spascopan (Buscopan) 10mg 50Bl/Box BDC,Spascopan,ยาบรรเทาอาการปวดเกร็งช่องท้อง (Antispasmodics),No,0,16200,343140.2
2026-02,2026,2,2026-02-28,01944,Zenzera (Albendazole) 200mg 2Tab/Bl BDC,Zenzera,ยาถ่ายพยาธิ (Anthelmintics),Yes,0,40111,307765.74
2026-02,2026,2,2026-02-28,08921,Cephalexyl (Cephalexin) 500mg 10Bl/Box SAP,Cephalexyl,ยาปฏิชีวนะ/ฆ่าเชื้อแบคทีเรีย (Antibiotics),No,0,481,144657.13
2026-02,2026,2,2026-02-28,00663,CliMarir (Acidclovir) cream 5g BDC,Clinovir,ยาต้านเชื้อไวรัสเริม/งูสวัด (Antivirals),No,0,9909,140908.41
2026-02,2026,2,2026-02-28,01091,Glucosa 1500mg Red 30Sach/Box BDC,Glucosa,ยาบำรุงข้อกระดูก (Osteoarthritis),Yes,0,412,116808.34
2026-02,2026,2,2026-02-28,01758,Sporoxyl (Ketoconasol) 200mg 10Bl/Box BDC,Sporosil,ยาต้านเชื้อรา (Antifungals),No,0,657,107527.07
2026-02,2026,2,2026-02-28,01094,Glucosa 500mg 10Bl/Box BDC,Glucosa,ยาบำรุงข้อกระดูก (Osteoarthritis),Yes,0,425,103242.07
2026-02,2026,2,2026-02-28,07427,Clinimet (Cimetidine) 400mg 50Bl/Box BDC,Klenimed,ยาลดกรดในกระเพาะอาหาร (Antacids & GI),No,0,6250,99531.88
2026-02,2026,2,2026-02-28,07777,Gi-Bisamol syrup 240ml (Prink) BDC,Gibisamol,กลุ่มยาและเวชภัณฑ์ทั่วไป (General Health & Others),No,0,1089,82523.46
2026-02,2026,2,2026-02-28,01500,Oflocee (Ofloxacin) 200mg 10Bl/Box FML,Oflocee,ยาปฏิชีวนะ/ฆ่าเชื้อ (Antibiotics),No,0,423,78893.49
2026-02,2026,2,2026-02-28,01759,Sporaxyl (Ketoconasol) cream 5g BDC,Sporosil,ยาต้านเชื้อรา (Antifungals),No,0,5419,74128.82
2026-02,2026,2,2026-02-28,05942,Clinivate-N cream 15g BDC,Klenivet,ยาผิวหนังฆ่าเชื้อ/ต้านอักเสบ (Dermatology),No,0,2280,68482.98
2026-02,2026,2,2026-02-28,05108,CliMarir (Acyclovir) 400mg 5Bl/Box BDC,Clinovir,ยาต้านเชื้อไวรัสเริม/งูสวัด (Antivirals),No,0,544,64485.74
2026-02,2026,2,2026-02-28,00644,Ciproxyl (Ciprofloxacin) 500mg 10Bl/Box FML,Ciprocin,ยาปฏิชีวนะ/ฆ่าเชื้อทางเดินปัสสาวะ (Antibiotics),No,0,305,59738.65
2026-02,2026,2,2026-02-28,00661,Clinivate-N cream 5g BDC,Klenivet,ยาผิวหนังฆ่าเชื้อ/ต้านอักเสบ (Dermatology),No,0,3988,58137.5
2026-02,2026,2,2026-02-28,01947,Zertine (Cetirizine) 10mg 10Bl/Box FML,Zertine,ยาแก้แพ้/ต้านฮิสตามีน (Antihistamines),No,0,834,52355.54
2026-02,2026,2,2026-02-28,14275,Nacoxib (Etoricoxib) 90mg,Nacoxib,ยาแก้ปวด/ต้านการอักเสบ (NSAIDs & Pain Relief),Yes,0,298,43959.87
2026-02,2026,2,2026-02-28,17224,Gastro bismol 524,Gastro-Bismol,ยาเคลือบกระเพาะ/กรดไหลย้อน (Antacids & GI),Yes,0,127,41625.14
2026-02,2026,2,2026-02-28,00658,Clinigel (Vaseline) 50g BDC,Clinigel,กลุ่มยาและเวชภัณฑ์ทั่วไป (General Health & Others),No,0,842,37251.36
2026-02,2026,2,2026-02-28,01012,Fexotine (Fexofenadin) 60mg 10Box/Pack FML,Fexotine,กลุ่มยาและเวชภัณฑ์ทั่วไป (General Health & Others),No,0,1174,36670.05
2026-02,2026,2,2026-02-28,00664,CliMarir (Acidclovir) 200mg BDC,Clinovir,ยาต้านเชื้อไวรัสเริม/งูสวัด (Antivirals),No,0,344,29744.75
2026-02,2026,2,2026-02-28,02072,Stugin (Cinnarizine) 25mg 50Bl/Box BDC,Stugin,ยาบรรเทาอาการเวียนศีรษะ/บ้านหมุน (Vertigo & CNS),No,0,7130,29541.0
2026-02,2026,2,2026-02-28,03654,Glucosa 1500mg lemon 30Sach/Box BDC,Glucosa,ยาบำรุงข้อกระดูก (Osteoarthritis),Yes,0,111,29145.28
2026-02,2026,2,2026-02-28,15617,Zenzera supersion 200mg 10ml/Sach,Zenzera,ยาถ่ายพยาธิ (Anthelmintics),Yes,0,336,27901.03
2026-02,2026,2,2026-02-28,17101,Prozeus15 30Sach/Box TH,Prozeus,โปรตีนและโภชนาการเสริม (Nutritional Supplements),Yes,0,35,27106.18
2026-02,2026,2,2026-02-28,06243,Diabederm cream 20% 35g (Blue) BDC,Diabederm,ยาผิวหนัง/บำรุงผิวแห้งแตก (Dermatology),Yes,0,365,22560.36
2026-02,2026,2,2026-02-28,18610,Precius (Pregabalin) 75mg 6Bl/Box,Precius,ยารักษาอาการปวดเส้นประสาท (Neuropathic Pain),Yes,0,57,20455.73
2026-02,2026,2,2026-02-28,01244,Lorita (Loratadine) 10mg 10Bl/Box FML,Lolita,ยาแก้แพ้/ต้านฮิสตามีน (Antihistamines),No,0,261,19471.28
2026-02,2026,2,2026-02-28,03358,Gastrosec (Omeprazole) 20mg BDC,Gastrosec,ยาลดกรดในกระเพาะอาหาร (PPIs & Antacids),No,0,620,17968.2
2026-02,2026,2,2026-02-28,01709,Roxithroxyl (Roxithromycin) 150mg 10Bl/Box BDC,Roxithroxyl,กลุ่มยาและเวชภัณฑ์ทั่วไป (General Health & Others),No,0,1010,17948.12
2026-02,2026,2,2026-02-28,00863,Domper-M (Domperidone) 10mg BDC,Domper-M,ยาช่วยย่อย/ต้านคลื่นไส้อาเจียน (Antiemetics),No,0,4270,17825.31
2026-02,2026,2,2026-02-28,00662,Clinoderm (Clobetaso) cream 5g BDC,Clinoderm,กลุ่มยาและเวชภัณฑ์ทั่วไป (General Health & Others),No,0,996,16393.09
2026-02,2026,2,2026-02-28,04353,"Capsika-25 (0,025%) gel 35g",Capsika,ยาแก้ปวด/กล้ามเนื้อ/ข้อกระดูก (Analgesics & Musculoskeletal),Yes,0,410,15882.24
2026-02,2026,2,2026-02-28,18544,Clena TM EX (Anti melasma) 15g,Clenascar,เวชสำอางดูแลแผลเป็น/สิว (Dermatology & Skincare),Yes,0,132,15639.75
2026-02,2026,2,2026-02-28,14106,Anzac fluoxetin HCI 20mg 10Bl/Box,Anxac,ยาปรับสารเคมีในสมอง/คลายกังวล (Psychotropics),No,0,119,15596.07
2026-02,2026,2,2026-02-28,07545,Plaivana cream 14% 35g BDC,Plaivana,ยาแก้ปวด/กล้ามเนื้อ/ข้อกระดูก (Analgesics & Musculoskeletal),Yes,0,220,14463.79
2026-02,2026,2,2026-02-28,10399,Feenoze nasal spray 20ml BDC,Feenoze,กลุ่มยาและเวชภัณฑ์ทั่วไป (General Health & Others),No,0,242,13386.99
2026-02,2026,2,2026-02-28,04220,"Zyno cream 0,1% 15g BDC",Zeno,กลุ่มยาและเวชภัณฑ์ทั่วไป (General Health & Others),No,0,564,13355.49
2026-02,2026,2,2026-02-28,01103,Gynogesic (Dolfenal) 500mg 10Bl/Box BDC,Gynogesic,ยาแก้ปวดประจำเดือน/กล้ามเนื้อ (Analgesics),No,0,90,13100.44
2026-02,2026,2,2026-02-28,08451,Arotika rub lotion 60ml BDC,Arotika,ยาแก้ปวด/กล้ามเนื้อ/ข้อกระดูก (Analgesics & Musculoskeletal),Yes,0,132,11473.45
2026-02,2026,2,2026-02-28,18238,CliMarir-800mg 7Bl/Box TH,Clinovir,ยาต้านเชื้อไวรัสเริม/งูสวัด (Antivirals),No,0,59,11044.96
2026-02,2026,2,2026-02-28,08452,Arotika cool gel 35g BDC,Arotika,ยาแก้ปวด/กล้ามเนื้อ/ข้อกระดูก (Analgesics & Musculoskeletal),Yes,0,270,10514.78
2026-02,2026,2,2026-02-28,17225,Arotika cool spray 60ml,Arotika,ยาแก้ปวด/กล้ามเนื้อ/ข้อกระดูก (Analgesics & Musculoskeletal),Yes,0,90,8880.28
2026-02,2026,2,2026-02-28,05943,Clinoderm cream 15g BDC,Clinoderm,กลุ่มยาและเวชภัณฑ์ทั่วไป (General Health & Others),No,0,276,8785.47
2026-02,2026,2,2026-02-28,17100,Prozeus15 10Sach/Box TH,Prozeus,โปรตีนและโภชนาการเสริม (Nutritional Supplements),Yes,0,33,8567.72
2026-02,2026,2,2026-02-28,17847,Finasteride 1mg 3Bl/Box,Finasteride,ยารักษาต่อมลูกหมาก/ผมร่วง (Urology & Men Health),Yes,0,39,8441.64
2026-02,2026,2,2026-02-28,05946,Diabederm cream 10% 35g (Green) BDC,Diabederm,ยาผิวหนัง/บำรุงผิวแห้งแตก (Dermatology),Yes,0,164,7775.81
2026-02,2026,2,2026-02-28,03880,Glucocron (Gliclazide) 80mg BDC,Glucocron,ยารักษาโรคเบาหวาน (Antidiabetics),No,0,56,7045.04
2026-02,2026,2,2026-02-28,00996,Fango (Clotrimazole) cream 5g BDC,Fango,ยาผิวหนังต้านเชื้อรา/อักเสบ (Dermatology),Yes,0,564,7036.12
2026-02,2026,2,2026-02-28,00581,"Capsika 0,0125% gel 35g BDC",Capsika,ยาแก้ปวด/กล้ามเนื้อ/ข้อกระดูก (Analgesics & Musculoskeletal),Yes,0,150,5716.81
2026-02,2026,2,2026-02-28,08450,Arotika rub 35g BDC,Arotika,ยาแก้ปวด/กล้ามเนื้อ/ข้อกระดูก (Analgesics & Musculoskeletal),Yes,0,100,4837.28
2026-02,2026,2,2026-02-28,00368,Allerax-Fc 10mg 50Bl/Box BDC,Allerlax,ยาแก้แพ้/ต้านฮิสตามีน (Antihistamines),No,0,1050,4833.32
2026-02,2026,2,2026-02-28,01957,"Zyno cream 0,02% 5g 12Tub/Pack BDC",Zeno,กลุ่มยาและเวชภัณฑ์ทั่วไป (General Health & Others),No,0,420,4744.61
2026-02,2026,2,2026-02-28,01958,"Zyno cream 0,02% 15g BDC",Zeno,กลุ่มยาและเวชภัณฑ์ทั่วไป (General Health & Others),No,0,216,4589.22
2026-02,2026,2,2026-02-28,03519,"Zyno cream 0,1% 5g BDC",Zeno,กลุ่มยาและเวชภัณฑ์ทั่วไป (General Health & Others),No,0,300,4316.96
2026-02,2026,2,2026-02-28,01735,Skinfect (Gentamicin) cream 5g BDC,Skinfect,ยาปฏิชีวนะทาแผล/ผิวหนัง (Dermatology),No,0,312,3889.71
2026-02,2026,2,2026-02-28,07539,Plaivana cream 14% 15g BDC,Plaivana,ยาแก้ปวด/กล้ามเนื้อ/ข้อกระดูก (Analgesics & Musculoskeletal),Yes,0,91,3483.26
2026-02,2026,2,2026-02-28,18682,Zentozide (Praziquantel) 600mg Bl/Box,Zentocide,ยาถ่ายพยาธิใบไม้ในตับ (Antiparasitics),Yes,0,75,3469.1
2026-02,2026,2,2026-02-28,00369,Allerax-Fc 10mg 1000Tab/Bott BDC,Allerlax,ยาแก้แพ้/ต้านฮิสตามีน (Antihistamines),No,0,19,3427.8
2026-02,2026,2,2026-02-28,17226,Tristan (Etoricoxib) 90mg,Tristan,ยาแก้ปวด/ต้านการอักเสบ (NSAIDs & Pain Relief),Yes,0,66,2970.0
2026-02,2026,2,2026-02-28,05252,Fango (Clotrimazole) cream 15g BDC,Fango,ยาผิวหนังต้านเชื้อรา/อักเสบ (Dermatology),Yes,0,132,2921.26
2026-02,2026,2,2026-02-28,05941,Clinivate cream 15g BDC,Klenivet,ยาผิวหนังฆ่าเชื้อ/ต้านอักเสบ (Dermatology),No,0,144,2914.63
2026-02,2026,2,2026-02-28,18911,Fango-BD (Clotrimazole 1% / Betamethasone 0.1%) cream 5g,Fango,ยาผิวหนังต้านเชื้อรา/อักเสบ (Dermatology),Yes,0,144,2244.28
2026-02,2026,2,2026-02-28,00660,Clinivate cream 5g BDC,Klenivet,ยาผิวหนังฆ่าเชื้อ/ต้านอักเสบ (Dermatology),No,0,156,1757.4
2026-02,2026,2,2026-02-28,08449,Arotika rub 15g BDC,Arotika,ยาแก้ปวด/กล้ามเนื้อ/ข้อกระดูก (Analgesics & Musculoskeletal),Yes,0,24,768.0
2026-02,2026,2,2026-02-28,00999,Fartussin 10Bl/Box 15mg FML,Fartussin,กลุ่มยาและเวชภัณฑ์ทั่วไป (General Health & Others),No,0,4,360.0
2026-02,2026,2,2026-02-28,19121,(Free) Capsika-75 lotion sponge pak 80ml,Capsika,ยาแก้ปวด/กล้ามเนื้อ/ข้อกระดูก (Analgesics & Musculoskeletal),Yes,0,30,0.0
2026-02,2026,2,2026-02-28,19123,(Free) Gynogesic (Mefenamic acid) 500mg 10Bl/Box BDC,Gynogesic,ยาแก้ปวดประจำเดือน/กล้ามเนื้อ (Analgesics),No,0,4,0.0
2026-02,2026,2,2026-02-28,19325,(Free) Zenzera supersion 200mg 10ml/Sach,Zenzera,ยาถ่ายพยาธิ (Anthelmintics),Yes,0,1,0.0
2026-02,2026,2,2026-02-28,19342,(Free) Camping chair ຕັ່ງແຄມປິ້ງ,Camping,กลุ่มยาและเวชภัณฑ์ทั่วไป (General Health & Others),No,0,2,0.0
2026-02,2026,2,2026-02-28,19095,(Free) Fartussin 10Bl/Box 15mg FML,Fartussin,กลุ่มยาและเวชภัณฑ์ทั่วไป (General Health & Others),No,0,50,0.0
2026-02,2026,2,2026-02-28,19122,(Free) Clinivate-N cream 5g BDC,Klenivet,ยาผิวหนังฆ่าเชื้อ/ต้านอักเสบ (Dermatology),No,0,139,0.0
2026-02,2026,2,2026-02-28,18642,(Free) Precius (Pregabalin) 75mg 6Bl/Box,Precius,ยารักษาอาการปวดเส้นประสาท (Neuropathic Pain),Yes,0,1,0.0
2026-02,2026,2,2026-02-28,19326,(Free) Zertin SP 5mg 60ml FML,Zertine,ยาแก้แพ้/ต้านฮิสตามีน (Antihistamines),No,0,18,0.0
2026-02,2026,2,2026-02-28,18922,(Free) Tiger star ໝໍ້ແດງ SP-100,Tiger,กลุ่มยาและเวชภัณฑ์ทั่วไป (General Health & Others),No,0,13,0.0
2026-02,2026,2,2026-02-28,18923,(Free) Safe & Save ກາຕົ້ມນໍ້າໄຟຟ້າ 1.8L TH,Safe,กลุ่มยาและเวชภัณฑ์ทั่วไป (General Health & Others),No,0,2,0.0
2026-03,2026,3,2026-03-28,01944,Zenzera (Albendazole) 200mg 2Tab/Bl BDC,Zenzera,ยาถ่ายพยาธิ (Anthelmintics),Yes,0,32010,250869.44
2026-03,2026,3,2026-03-28,07427,Clinimet (Cimetidine) 400mg 50Bl/Box BDC,Klenimed,ยาลดกรดในกระเพาะอาหาร (Antacids & GI),No,0,13110,209931.34
2026-03,2026,3,2026-03-28,00644,Ciproxyl (Ciprofloxacin) 500mg 10Bl/Box FML,Ciprocin,ยาปฏิชีวนะ/ฆ่าเชื้อทางเดินปัสสาวะ (Antibiotics),No,0,891,203863.64
2026-03,2026,3,2026-03-28,01758,Sporoxyl (Ketoconasol) 200mg 10Bl/Box BDC,Sporosil,ยาต้านเชื้อรา (Antifungals),No,0,1209,201843.73
2026-03,2026,3,2026-03-28,01947,Zertine (Cetirizine) 10mg 10Bl/Box FML,Zertine,ยาแก้แพ้/ต้านฮิสตามีน (Antihistamines),No,0,3365,201053.87
2026-03,2026,3,2026-03-28,00663,CliMarir (Acidclovir) cream 5g BDC,Clinovir,ยาต้านเชื้อไวรัสเริม/งูสวัด (Antivirals),No,0,13896,198623.55
2026-03,2026,3,2026-03-28,08921,Cephalexyl (Cephalexin) 500mg 10Bl/Box SAP,Cephalexyl,ยาปฏิชีวนะ/ฆ่าเชื้อแบคทีเรีย (Antibiotics),No,0,548,158725.71
2026-03,2026,3,2026-03-28,01103,Gynogesic (Dolfenal) 500mg 10Bl/Box BDC,Gynogesic,ยาแก้ปวดประจำเดือน/กล้ามเนื้อ (Analgesics),No,0,719,146421.19
2026-03,2026,3,2026-03-28,01475,Noraphen 500mg 50Bl/Box BDC,Noraphen,ยาแก้ปวด/ต้านการอักเสบ (NSAIDs & Pain Relief),No,0,12150,108408.39
2026-03,2026,3,2026-03-28,01094,Glucosa 500mg 10Bl/Box BDC,Glucosa,ยาบำรุงข้อกระดูก (Osteoarthritis),Yes,0,453,107406.8
2026-03,2026,3,2026-03-28,05942,Clinivate-N cream 15g BDC,Klenivet,ยาผิวหนังฆ่าเชื้อ/ต้านอักเสบ (Dermatology),No,0,2928,89598.85
2026-03,2026,3,2026-03-28,01091,Glucosa 1500mg Red 30Sach/Box BDC,Glucosa,ยาบำรุงข้อกระดูก (Osteoarthritis),Yes,0,345,85886.09
2026-03,2026,3,2026-03-28,07777,Gi-Bisamol syrup 240ml (Prink) BDC,Gibisamol,กลุ่มยาและเวชภัณฑ์ทั่วไป (General Health & Others),No,0,1107,82459.82
2026-03,2026,3,2026-03-28,10191,Spascopan (Buscopan) 10mg 500Tab/Bott BDC,Spascopan,ยาบรรเทาอาการปวดเกร็งช่องท้อง (Antispasmodics),No,0,93,80775.56
2026-03,2026,3,2026-03-28,01500,Oflocee (Ofloxacin) 200mg 10Bl/Box FML,Oflocee,ยาปฏิชีวนะ/ฆ่าเชื้อ (Antibiotics),No,0,460,74394.33
2026-03,2026,3,2026-03-28,01759,Sporaxyl (Ketoconasol) cream 5g BDC,Sporosil,ยาต้านเชื้อรา (Antifungals),No,0,4764,71365.58
2026-03,2026,3,2026-03-28,01012,Fexotine (Fexofenadin) 60mg 10Box/Pack FML,Fexotine,กลุ่มยาและเวชภัณฑ์ทั่วไป (General Health & Others),No,0,2110,67831.23
2026-03,2026,3,2026-03-28,18544,Clena TM EX (Anti melasma) 15g,Clenascar,เวชสำอางดูแลแผลเป็น/สิว (Dermatology & Skincare),Yes,0,552,65765.6
2026-03,2026,3,2026-03-28,00863,Domper-M (Domperidone) 10mg BDC,Domper-M,ยาช่วยย่อย/ต้านคลื่นไส้อาเจียน (Antiemetics),No,0,12640,65603.99
2026-03,2026,3,2026-03-28,14275,Nacoxib (Etoricoxib) 90mg,Nacoxib,ยาแก้ปวด/ต้านการอักเสบ (NSAIDs & Pain Relief),Yes,0,512,65472.4
2026-03,2026,3,2026-03-28,05108,CliMarir (Acyclovir) 400mg 5Bl/Box BDC,Clinovir,ยาต้านเชื้อไวรัสเริม/งูสวัด (Antivirals),No,0,487,61661.98
2026-03,2026,3,2026-03-28,05020,Sporaxyl (Ketoconasol) cream 15g BDC,Sporosil,ยาต้านเชื้อรา (Antifungals),No,0,2454,56162.81
2026-03,2026,3,2026-03-28,18610,Precius (Pregabalin) 75mg 6Bl/Box,Precius,ยารักษาอาการปวดเส้นประสาท (Neuropathic Pain),Yes,0,132,49993.73
2026-03,2026,3,2026-03-28,00661,Clinivate-N cream 5g BDC,Klenivet,ยาผิวหนังฆ่าเชื้อ/ต้านอักเสบ (Dermatology),No,0,3336,48089.76
2026-03,2026,3,2026-03-28,01244,Lorita (Loratadine) 10mg 10Bl/Box FML,Lolita,ยาแก้แพ้/ต้านฮิสตามีน (Antihistamines),No,0,498,36695.86
2026-03,2026,3,2026-03-28,00664,CliMarir (Acidclovir) 200mg BDC,Clinovir,ยาต้านเชื้อไวรัสเริม/งูสวัด (Antivirals),No,0,348,34897.67
2026-03,2026,3,2026-03-28,00658,Clinigel (Vaseline) 50g BDC,Clinigel,กลุ่มยาและเวชภัณฑ์ทั่วไป (General Health & Others),No,0,700,29767.56
2026-03,2026,3,2026-03-28,02072,Stugin (Cinnarizine) 25mg 50Bl/Box BDC,Stugin,ยาบรรเทาอาการเวียนศีรษะ/บ้านหมุน (Vertigo & CNS),No,0,7520,28992.08
2026-03,2026,3,2026-03-28,03654,Glucosa 1500mg lemon 30Sach/Box BDC,Glucosa,ยาบำรุงข้อกระดูก (Osteoarthritis),Yes,0,119,28723.19
2026-03,2026,3,2026-03-28,15617,Zenzera supersion 200mg 10ml/Sach,Zenzera,ยาถ่ายพยาธิ (Anthelmintics),Yes,0,288,23387.16
2026-03,2026,3,2026-03-28,18238,CliMarir-800mg 7Bl/Box TH,Clinovir,ยาต้านเชื้อไวรัสเริม/งูสวัด (Antivirals),No,0,112,20669.27
2026-03,2026,3,2026-03-28,14106,Anzac fluoxetin HCI 20mg 10Bl/Box,Anxac,ยาปรับสารเคมีในสมอง/คลายกังวล (Psychotropics),No,0,123,16360.09
2026-03,2026,3,2026-03-28,01709,Roxithroxyl (Roxithromycin) 150mg 10Bl/Box BDC,Roxithroxyl,กลุ่มยาและเวชภัณฑ์ทั่วไป (General Health & Others),No,0,760,15042.82
2026-03,2026,3,2026-03-28,03358,Gastrosec (Omeprazole) 20mg BDC,Gastrosec,ยาลดกรดในกระเพาะอาหาร (PPIs & Antacids),No,0,496,14126.62
2026-03,2026,3,2026-03-28,17224,Gastro bismol 524,Gastro-Bismol,ยาเคลือบกระเพาะ/กรดไหลย้อน (Antacids & GI),Yes,0,44,13930.95
2026-03,2026,3,2026-03-28,05946,Diabederm cream 10% 35g (Green) BDC,Diabederm,ยาผิวหนัง/บำรุงผิวแห้งแตก (Dermatology),Yes,0,234,12481.66
2026-03,2026,3,2026-03-28,05943,Clinoderm cream 15g BDC,Clinoderm,กลุ่มยาและเวชภัณฑ์ทั่วไป (General Health & Others),No,0,408,12379.81
2026-03,2026,3,2026-03-28,06243,Diabederm cream 20% 35g (Blue) BDC,Diabederm,ยาผิวหนัง/บำรุงผิวแห้งแตก (Dermatology),Yes,0,242,12285.32
2026-03,2026,3,2026-03-28,10399,Feenoze nasal spray 20ml BDC,Feenoze,กลุ่มยาและเวชภัณฑ์ทั่วไป (General Health & Others),No,0,202,11947.03
2026-03,2026,3,2026-03-28,00662,Clinoderm (Clobetaso) cream 5g BDC,Clinoderm,กลุ่มยาและเวชภัณฑ์ทั่วไป (General Health & Others),No,0,540,11069.61
2026-03,2026,3,2026-03-28,17100,Prozeus15 10Sach/Box TH,Prozeus,โปรตีนและโภชนาการเสริม (Nutritional Supplements),Yes,0,42,10643.75
2026-03,2026,3,2026-03-28,17847,Finasteride 1mg 3Bl/Box,Finasteride,ยารักษาต่อมลูกหมาก/ผมร่วง (Urology & Men Health),Yes,0,50,10456.04
2026-03,2026,3,2026-03-28,04220,"Zyno cream 0,1% 15g BDC",Zeno,กลุ่มยาและเวชภัณฑ์ทั่วไป (General Health & Others),No,0,444,9796.52
2026-03,2026,3,2026-03-28,17101,Prozeus15 30Sach/Box TH,Prozeus,โปรตีนและโภชนาการเสริม (Nutritional Supplements),Yes,0,12,9202.42
2026-03,2026,3,2026-03-28,03880,Glucocron (Gliclazide) 80mg BDC,Glucocron,ยารักษาโรคเบาหวาน (Antidiabetics),No,0,73,9093.3
2026-03,2026,3,2026-03-28,17226,Tristan (Etoricoxib) 90mg,Tristan,ยาแก้ปวด/ต้านการอักเสบ (NSAIDs & Pain Relief),Yes,0,285,8333.04
2026-03,2026,3,2026-03-28,00368,Allerax-Fc 10mg 50Bl/Box BDC,Allerlax,ยาแก้แพ้/ต้านฮิสตามีน (Antihistamines),No,0,2050,7762.51
2026-03,2026,3,2026-03-28,07545,Plaivana cream 14% 35g BDC,Plaivana,ยาแก้ปวด/กล้ามเนื้อ/ข้อกระดูก (Analgesics & Musculoskeletal),Yes,0,116,7504.19
2026-03,2026,3,2026-03-28,17225,Arotika cool spray 60ml,Arotika,ยาแก้ปวด/กล้ามเนื้อ/ข้อกระดูก (Analgesics & Musculoskeletal),Yes,0,76,7421.11
2026-03,2026,3,2026-03-28,00996,Fango (Clotrimazole) cream 5g BDC,Fango,ยาผิวหนังต้านเชื้อรา/อักเสบ (Dermatology),Yes,0,462,7315.02
2026-03,2026,3,2026-03-28,04353,"Capsika-25 (0,025%) gel 35g",Capsika,ยาแก้ปวด/กล้ามเนื้อ/ข้อกระดูก (Analgesics & Musculoskeletal),Yes,0,152,6566.0
2026-03,2026,3,2026-03-28,00581,"Capsika 0,0125% gel 35g BDC",Capsika,ยาแก้ปวด/กล้ามเนื้อ/ข้อกระดูก (Analgesics & Musculoskeletal),Yes,0,162,6157.34
2026-03,2026,3,2026-03-28,01735,Skinfect (Gentamicin) cream 5g BDC,Skinfect,ยาปฏิชีวนะทาแผล/ผิวหนัง (Dermatology),No,0,492,5640.17
2026-03,2026,3,2026-03-28,00369,Allerax-Fc 10mg 1000Tab/Bott BDC,Allerlax,ยาแก้แพ้/ต้านฮิสตามีน (Antihistamines),No,0,27,5049.05
2026-03,2026,3,2026-03-28,01958,"Zyno cream 0,02% 15g BDC",Zeno,กลุ่มยาและเวชภัณฑ์ทั่วไป (General Health & Others),No,0,216,4711.34
2026-03,2026,3,2026-03-28,08452,Arotika cool gel 35g BDC,Arotika,ยาแก้ปวด/กล้ามเนื้อ/ข้อกระดูก (Analgesics & Musculoskeletal),Yes,0,125,4706.76
2026-03,2026,3,2026-03-28,08451,Arotika rub lotion 60ml BDC,Arotika,ยาแก้ปวด/กล้ามเนื้อ/ข้อกระดูก (Analgesics & Musculoskeletal),Yes,0,37,3446.72
2026-03,2026,3,2026-03-28,05252,Fango (Clotrimazole) cream 15g BDC,Fango,ยาผิวหนังต้านเชื้อรา/อักเสบ (Dermatology),Yes,0,132,3284.91
2026-03,2026,3,2026-03-28,18911,Fango-BD (Clotrimazole 1% / Betamethasone 0.1%) cream 5g,Fango,ยาผิวหนังต้านเชื้อรา/อักเสบ (Dermatology),Yes,0,180,2940.29
2026-03,2026,3,2026-03-28,18682,Zentozide (Praziquantel) 600mg Bl/Box,Zentocide,ยาถ่ายพยาธิใบไม้ในตับ (Antiparasitics),Yes,0,65,2925.0
2026-03,2026,3,2026-03-28,00999,Fartussin 10Bl/Box 15mg FML,Fartussin,กลุ่มยาและเวชภัณฑ์ทั่วไป (General Health & Others),No,0,30,2700.0
2026-03,2026,3,2026-03-28,06538,Spascopan (Buscopan) 10mg 50Bl/Box BDC,Spascopan,ยาบรรเทาอาการปวดเกร็งช่องท้อง (Antispasmodics),No,0,130,2668.5
2026-03,2026,3,2026-03-28,08449,Arotika rub 15g BDC,Arotika,ยาแก้ปวด/กล้ามเนื้อ/ข้อกระดูก (Analgesics & Musculoskeletal),Yes,0,84,2630.26
2026-03,2026,3,2026-03-28,08450,Arotika rub 35g BDC,Arotika,ยาแก้ปวด/กล้ามเนื้อ/ข้อกระดูก (Analgesics & Musculoskeletal),Yes,0,50,2397.79
2026-03,2026,3,2026-03-28,01957,"Zyno cream 0,02% 5g 12Tub/Pack BDC",Zeno,กลุ่มยาและเวชภัณฑ์ทั่วไป (General Health & Others),No,0,144,2160.0
2026-03,2026,3,2026-03-28,15712,Arotika rub lotion 80ml,Arotika,ยาแก้ปวด/กล้ามเนื้อ/ข้อกระดูก (Analgesics & Musculoskeletal),Yes,0,12,1947.28
2026-03,2026,3,2026-03-28,07539,Plaivana cream 14% 15g BDC,Plaivana,ยาแก้ปวด/กล้ามเนื้อ/ข้อกระดูก (Analgesics & Musculoskeletal),Yes,0,48,1720.75
2026-03,2026,3,2026-03-28,04553,"Capsika-25 gel 15g 0,025% 12Tub/Doz BDC",Capsika,ยาแก้ปวด/กล้ามเนื้อ/ข้อกระดูก (Analgesics & Musculoskeletal),Yes,0,48,1519.21
2026-03,2026,3,2026-03-28,00660,Clinivate cream 5g BDC,Klenivet,ยาผิวหนังฆ่าเชื้อ/ต้านอักเสบ (Dermatology),No,0,96,1181.35
2026-03,2026,3,2026-03-28,10799,Clenascar gel 15g BDC,Clenascar,เวชสำอางดูแลแผลเป็น/สิว (Dermatology & Skincare),Yes,0,12,1150.06
2026-03,2026,3,2026-03-28,03519,"Zyno cream 0,1% 5g BDC",Zeno,กลุ่มยาและเวชภัณฑ์ทั่วไป (General Health & Others),No,0,72,1079.74
2026-03,2026,3,2026-03-28,19356,(Free) Sporaxyl (Ketoconasol) cream 5g BDC,Sporosil,ยาต้านเชื้อรา (Antifungals),No,0,60,0.0
2026-03,2026,3,2026-03-28,19404,(Free) Camping table ໂຕະແຄມປິ້ງ,Camping,กลุ่มยาและเวชภัณฑ์ทั่วไป (General Health & Others),No,0,10,0.0
2026-03,2026,3,2026-03-28,19325,(Free) Zenzera supersion 200mg 10ml/Sach,Zenzera,ยาถ่ายพยาธิ (Anthelmintics),Yes,0,56,0.0
2026-03,2026,3,2026-03-28,19342,(Free) Camping chair ຕັ່ງແຄມປິ້ງ,Camping,กลุ่มยาและเวชภัณฑ์ทั่วไป (General Health & Others),No,0,45,0.0
2026-03,2026,3,2026-03-28,19358,(Free) Clinovir (Acidclovir) cream 5g BDC,Clinovir,ยาต้านเชื้อไวรัสเริม/งูสวัด (Antivirals),No,0,202,0.0
2026-03,2026,3,2026-03-28,19122,(Free) Clinivate-N cream 5g BDC,Klenivet,ยาผิวหนังฆ่าเชื้อ/ต้านอักเสบ (Dermatology),No,0,38,0.0
2026-03,2026,3,2026-03-28,19326,(Free) Zertin SP 5mg 60ml FML,Zertine,ยาแก้แพ้/ต้านฮิสตามีน (Antihistamines),No,0,4,0.0
2026-03,2026,3,2026-03-28,19355,(Free) Zenzera (Albendazole) 200mg 2Tab/Bl BDC,Zenzera,ยาถ่ายพยาธิ (Anthelmintics),Yes,0,475,0.0
2026-03,2026,3,2026-03-28,19359,(Free) Ciproxyl (Ciprofloxacin) 500mg 10Bl/Box FML,Ciprocin,ยาปฏิชีวนะ/ฆ่าเชื้อทางเดินปัสสาวะ (Antibiotics),No,0,2,0.0
2026-03,2026,3,2026-03-28,19406,(Free) Zertine (Cetirizine) 10mg 10Bl/Box FML,Zertine,ยาแก้แพ้/ต้านฮิสตามีน (Antihistamines),No,0,1,0.0
2026-03,2026,3,2026-03-28,18922,(Free) Tiger star ໝໍ້ແດງ SP-100,Tiger,กลุ่มยาและเวชภัณฑ์ทั่วไป (General Health & Others),No,0,1,0.0
2026-03,2026,3,2026-03-28,18923,(Free) Safe & Save ກາຕົ້ມນໍ້າໄຟຟ້າ 1.8L TH,Safe,กลุ่มยาและเวชภัณฑ์ทั่วไป (General Health & Others),No,0,4,0.0
2026-04,2026,4,2026-04-28,08921,Cephalexyl (Cephalexin) 500mg 10Bl/Box SAP,Cephalexyl,ยาปฏิชีวนะ/ฆ่าเชื้อแบคทีเรีย (Antibiotics),No,0,722,213100.38
2026-04,2026,4,2026-04-28,07777,Gi-Bisamol syrup 240ml (Prink) BDC,Gibisamol,กลุ่มยาและเวชภัณฑ์ทั่วไป (General Health & Others),No,0,2580,202527.12
2026-04,2026,4,2026-04-28,01947,Zertine (Cetirizine) 10mg 10Bl/Box FML,Zertine,ยาแก้แพ้/ต้านฮิสตามีน (Antihistamines),No,0,2889,197322.36
2026-04,2026,4,2026-04-28,07427,Clinimet (Cimetidine) 400mg 50Bl/Box BDC,Klenimed,ยาลดกรดในกระเพาะอาหาร (Antacids & GI),No,0,10145,168054.8
2026-04,2026,4,2026-04-28,00663,CliMarir (Acidclovir) cream 5g BDC,Clinovir,ยาต้านเชื้อไวรัสเริม/งูสวัด (Antivirals),No,0,10429,150290.44
2026-04,2026,4,2026-04-28,01758,Sporoxyl (Ketoconasol) 200mg 10Bl/Box BDC,Sporosil,ยาต้านเชื้อรา (Antifungals),No,0,857,143442.73
2026-04,2026,4,2026-04-28,00644,Ciproxyl (Ciprofloxacin) 500mg 10Bl/Box FML,Ciprocin,ยาปฏิชีวนะ/ฆ่าเชื้อทางเดินปัสสาวะ (Antibiotics),No,0,600,118633.33
2026-04,2026,4,2026-04-28,01094,Glucosa 500mg 10Bl/Box BDC,Glucosa,ยาบำรุงข้อกระดูก (Osteoarthritis),Yes,0,485,115060.49
2026-04,2026,4,2026-04-28,05942,Clinivate-N cream 15g BDC,Klenivet,ยาผิวหนังฆ่าเชื้อ/ต้านอักเสบ (Dermatology),No,0,3744,111933.63
2026-04,2026,4,2026-04-28,01944,Zenzera (Albendazole) 200mg 2Tab/Bl BDC,Zenzera,ยาถ่ายพยาธิ (Anthelmintics),Yes,0,11900,87597.37
2026-04,2026,4,2026-04-28,00661,Clinivate-N cream 5g BDC,Klenivet,ยาผิวหนังฆ่าเชื้อ/ต้านอักเสบ (Dermatology),No,0,5136,76289.25
2026-04,2026,4,2026-04-28,05020,Sporaxyl (Ketoconasol) cream 15g BDC,Sporosil,ยาต้านเชื้อรา (Antifungals),No,0,2934,73561.59
2026-04,2026,4,2026-04-28,01091,Glucosa 1500mg Red 30Sach/Box BDC,Glucosa,ยาบำรุงข้อกระดูก (Osteoarthritis),Yes,0,282,70273.93
2026-04,2026,4,2026-04-28,01759,Sporaxyl (Ketoconasol) cream 5g BDC,Sporosil,ยาต้านเชื้อรา (Antifungals),No,0,4368,63049.04
2026-04,2026,4,2026-04-28,01500,Oflocee (Ofloxacin) 200mg 10Bl/Box FML,Oflocee,ยาปฏิชีวนะ/ฆ่าเชื้อ (Antibiotics),No,0,348,61528.71
2026-04,2026,4,2026-04-28,05108,CliMarir (Acyclovir) 400mg 5Bl/Box BDC,Clinovir,ยาต้านเชื้อไวรัสเริม/งูสวัด (Antivirals),No,0,315,45623.97
2026-04,2026,4,2026-04-28,01475,Noraphen 500mg 50Bl/Box BDC,Noraphen,ยาแก้ปวด/ต้านการอักเสบ (NSAIDs & Pain Relief),No,0,4400,39045.08
2026-04,2026,4,2026-04-28,18544,Clena TM EX (Anti melasma) 15g,Clenascar,เวชสำอางดูแลแผลเป็น/สิว (Dermatology & Skincare),Yes,0,287,35572.15
2026-04,2026,4,2026-04-28,14275,Nacoxib (Etoricoxib) 90mg,Nacoxib,ยาแก้ปวด/ต้านการอักเสบ (NSAIDs & Pain Relief),Yes,0,269,34451.09
2026-04,2026,4,2026-04-28,00658,Clinigel (Vaseline) 50g BDC,Clinigel,กลุ่มยาและเวชภัณฑ์ทั่วไป (General Health & Others),No,0,736,32270.39
2026-04,2026,4,2026-04-28,03654,Glucosa 1500mg lemon 30Sach/Box BDC,Glucosa,ยาบำรุงข้อกระดูก (Osteoarthritis),Yes,0,110,29674.06
2026-04,2026,4,2026-04-28,02072,Stugin (Cinnarizine) 25mg 50Bl/Box BDC,Stugin,ยาบรรเทาอาการเวียนศีรษะ/บ้านหมุน (Vertigo & CNS),No,0,6480,26845.43
2026-04,2026,4,2026-04-28,17224,Gastro bismol 524,Gastro-Bismol,ยาเคลือบกระเพาะ/กรดไหลย้อน (Antacids & GI),Yes,0,63,26422.37
2026-04,2026,4,2026-04-28,10191,Spascopan (Buscopan) 10mg 500Tab/Bott BDC,Spascopan,ยาบรรเทาอาการปวดเกร็งช่องท้อง (Antispasmodics),No,0,27,25245.66
2026-04,2026,4,2026-04-28,00863,Domper-M (Domperidone) 10mg BDC,Domper-M,ยาช่วยย่อย/ต้านคลื่นไส้อาเจียน (Antiemetics),No,0,5230,24679.94
2026-04,2026,4,2026-04-28,00664,CliMarir (Acidclovir) 200mg BDC,Clinovir,ยาต้านเชื้อไวรัสเริม/งูสวัด (Antivirals),No,0,232,24450.9
2026-04,2026,4,2026-04-28,01103,Gynogesic (Dolfenal) 500mg 10Bl/Box BDC,Gynogesic,ยาแก้ปวดประจำเดือน/กล้ามเนื้อ (Analgesics),No,0,129,20281.15
2026-04,2026,4,2026-04-28,00662,Clinoderm (Clobetaso) cream 5g BDC,Clinoderm,กลุ่มยาและเวชภัณฑ์ทั่วไป (General Health & Others),No,0,768,16310.37
2026-04,2026,4,2026-04-28,01244,Lorita (Loratadine) 10mg 10Bl/Box FML,Lolita,ยาแก้แพ้/ต้านฮิสตามีน (Antihistamines),No,0,227,15769.38
2026-04,2026,4,2026-04-28,01012,Fexotine (Fexofenadin) 60mg 10Box/Pack FML,Fexotine,กลุ่มยาและเวชภัณฑ์ทั่วไป (General Health & Others),No,0,503,15345.14
2026-04,2026,4,2026-04-28,04220,"Zyno cream 0,1% 15g BDC",Zeno,กลุ่มยาและเวชภัณฑ์ทั่วไป (General Health & Others),No,0,648,14772.8
2026-04,2026,4,2026-04-28,05943,Clinoderm cream 15g BDC,Clinoderm,กลุ่มยาและเวชภัณฑ์ทั่วไป (General Health & Others),No,0,456,14766.43
2026-04,2026,4,2026-04-28,18610,Precius (Pregabalin) 75mg 6Bl/Box,Precius,ยารักษาอาการปวดเส้นประสาท (Neuropathic Pain),Yes,0,40,14151.88
2026-04,2026,4,2026-04-28,17847,Finasteride 1mg 3Bl/Box,Finasteride,ยารักษาต่อมลูกหมาก/ผมร่วง (Urology & Men Health),Yes,0,75,13850.14
2026-04,2026,4,2026-04-28,03519,"Zyno cream 0,1% 5g BDC",Zeno,กลุ่มยาและเวชภัณฑ์ทั่วไป (General Health & Others),No,0,576,10771.69
2026-04,2026,4,2026-04-28,17226,Tristan (Etoricoxib) 90mg,Tristan,ยาแก้ปวด/ต้านการอักเสบ (NSAIDs & Pain Relief),Yes,0,425,10607.17
2026-04,2026,4,2026-04-28,00996,Fango (Clotrimazole) cream 5g BDC,Fango,ยาผิวหนังต้านเชื้อรา/อักเสบ (Dermatology),Yes,0,636,9642.29
2026-04,2026,4,2026-04-28,01735,Skinfect (Gentamicin) cream 5g BDC,Skinfect,ยาปฏิชีวนะทาแผล/ผิวหนัง (Dermatology),No,0,732,9318.04
2026-04,2026,4,2026-04-28,17225,Arotika cool spray 60ml,Arotika,ยาแก้ปวด/กล้ามเนื้อ/ข้อกระดูก (Analgesics & Musculoskeletal),Yes,0,92,9176.31
2026-04,2026,4,2026-04-28,15617,Zenzera supersion 200mg 10ml/Sach,Zenzera,ยาถ่ายพยาธิ (Anthelmintics),Yes,0,132,9149.36
2026-04,2026,4,2026-04-28,18238,CliMarir-800mg 7Bl/Box TH,Clinovir,ยาต้านเชื้อไวรัสเริม/งูสวัด (Antivirals),No,0,41,8284.11
2026-04,2026,4,2026-04-28,08451,Arotika rub lotion 60ml BDC,Arotika,ยาแก้ปวด/กล้ามเนื้อ/ข้อกระดูก (Analgesics & Musculoskeletal),Yes,0,82,7262.24
2026-04,2026,4,2026-04-28,05941,Clinivate cream 15g BDC,Klenivet,ยาผิวหนังฆ่าเชื้อ/ต้านอักเสบ (Dermatology),No,0,240,6309.34
2026-04,2026,4,2026-04-28,08452,Arotika cool gel 35g BDC,Arotika,ยาแก้ปวด/กล้ามเนื้อ/ข้อกระดูก (Analgesics & Musculoskeletal),Yes,0,145,6028.74
2026-04,2026,4,2026-04-28,14106,Anzac fluoxetin HCI 20mg 10Bl/Box,Anxac,ยาปรับสารเคมีในสมอง/คลายกังวล (Psychotropics),No,0,42,5583.1
2026-04,2026,4,2026-04-28,17100,Prozeus15 10Sach/Box TH,Prozeus,โปรตีนและโภชนาการเสริม (Nutritional Supplements),Yes,0,22,5512.07
2026-04,2026,4,2026-04-28,01958,"Zyno cream 0,02% 15g BDC",Zeno,กลุ่มยาและเวชภัณฑ์ทั่วไป (General Health & Others),No,0,264,5477.67
2026-04,2026,4,2026-04-28,06243,Diabederm cream 20% 35g (Blue) BDC,Diabederm,ยาผิวหนัง/บำรุงผิวแห้งแตก (Dermatology),Yes,0,106,5418.13
2026-04,2026,4,2026-04-28,18911,Fango-BD (Clotrimazole 1% / Betamethasone 0.1%) cream 5g,Fango,ยาผิวหนังต้านเชื้อรา/อักเสบ (Dermatology),Yes,0,288,4840.64
2026-04,2026,4,2026-04-28,00368,Allerax-Fc 10mg 50Bl/Box BDC,Allerlax,ยาแก้แพ้/ต้านฮิสตามีน (Antihistamines),No,0,740,4129.46
2026-04,2026,4,2026-04-28,01957,"Zyno cream 0,02% 5g 12Tub/Pack BDC",Zeno,กลุ่มยาและเวชภัณฑ์ทั่วไป (General Health & Others),No,0,264,4022.01
2026-04,2026,4,2026-04-28,17101,Prozeus15 30Sach/Box TH,Prozeus,โปรตีนและโภชนาการเสริม (Nutritional Supplements),Yes,0,5,3834.33
2026-04,2026,4,2026-04-28,00581,"Capsika 0,0125% gel 35g BDC",Capsika,ยาแก้ปวด/กล้ามเนื้อ/ข้อกระดูก (Analgesics & Musculoskeletal),Yes,0,100,3452.09
2026-04,2026,4,2026-04-28,10799,Clenascar gel 15g BDC,Clenascar,เวชสำอางดูแลแผลเป็น/สิว (Dermatology & Skincare),Yes,0,36,3450.2
2026-04,2026,4,2026-04-28,10399,Feenoze nasal spray 20ml BDC,Feenoze,กลุ่มยาและเวชภัณฑ์ทั่วไป (General Health & Others),No,0,60,3380.6
2026-04,2026,4,2026-04-28,07539,Plaivana cream 14% 15g BDC,Plaivana,ยาแก้ปวด/กล้ามเนื้อ/ข้อกระดูก (Analgesics & Musculoskeletal),Yes,0,96,3061.99
2026-04,2026,4,2026-04-28,15712,Arotika rub lotion 80ml,Arotika,ยาแก้ปวด/กล้ามเนื้อ/ข้อกระดูก (Analgesics & Musculoskeletal),Yes,0,16,2605.06
2026-04,2026,4,2026-04-28,05252,Fango (Clotrimazole) cream 15g BDC,Fango,ยาผิวหนังต้านเชื้อรา/อักเสบ (Dermatology),Yes,0,108,2597.83
2026-04,2026,4,2026-04-28,08450,Arotika rub 35g BDC,Arotika,ยาแก้ปวด/กล้ามเนื้อ/ข้อกระดูก (Analgesics & Musculoskeletal),Yes,0,40,2030.65
2026-04,2026,4,2026-04-28,04353,"Capsika-25 (0,025%) gel 35g",Capsika,ยาแก้ปวด/กล้ามเนื้อ/ข้อกระดูก (Analgesics & Musculoskeletal),Yes,0,40,1630.55
2026-04,2026,4,2026-04-28,00369,Allerax-Fc 10mg 1000Tab/Bott BDC,Allerlax,ยาแก้แพ้/ต้านฮิสตามีน (Antihistamines),No,0,9,1606.1
2026-04,2026,4,2026-04-28,07545,Plaivana cream 14% 35g BDC,Plaivana,ยาแก้ปวด/กล้ามเนื้อ/ข้อกระดูก (Analgesics & Musculoskeletal),Yes,0,20,1281.44
2026-04,2026,4,2026-04-28,18682,Zentozide (Praziquantel) 600mg Bl/Box,Zentocide,ยาถ่ายพยาธิใบไม้ในตับ (Antiparasitics),Yes,0,30,1165.1
2026-04,2026,4,2026-04-28,05946,Diabederm cream 10% 35g (Green) BDC,Diabederm,ยาผิวหนัง/บำรุงผิวแห้งแตก (Dermatology),Yes,0,20,934.32
2026-04,2026,4,2026-04-28,08449,Arotika rub 15g BDC,Arotika,ยาแก้ปวด/กล้ามเนื้อ/ข้อกระดูก (Analgesics & Musculoskeletal),Yes,0,12,384.0
2026-04,2026,4,2026-04-28,19356,(Free) Sporaxyl (Ketoconasol) cream 5g BDC,Sporosil,ยาต้านเชื้อรา (Antifungals),No,0,20,0.0
2026-04,2026,4,2026-04-28,19404,(Free) Camping table ໂຕະແຄມປິ້ງ,Camping,กลุ่มยาและเวชภัณฑ์ทั่วไป (General Health & Others),No,0,9,0.0
2026-04,2026,4,2026-04-28,19123,(Free) Gynogesic (Mefenamic acid) 500mg 10Bl/Box BDC,Gynogesic,ยาแก้ปวดประจำเดือน/กล้ามเนื้อ (Analgesics),No,0,2,0.0
2026-04,2026,4,2026-04-28,19342,(Free) Camping chair ຕັ່ງແຄມປິ້ງ,Camping,กลุ่มยาและเวชภัณฑ์ทั่วไป (General Health & Others),No,0,13,0.0
2026-04,2026,4,2026-04-28,19358,(Free) Clinovir (Acidclovir) cream 5g BDC,Clinovir,ยาต้านเชื้อไวรัสเริม/งูสวัด (Antivirals),No,0,120,0.0
2026-04,2026,4,2026-04-28,19440,(Free) Cephalexyl (Cephalexin) 500mg 10Bl/Box SAP,Cephalexyl,ยาปฏิชีวนะ/ฆ่าเชื้อแบคทีเรีย (Antibiotics),No,0,2,0.0
2026-04,2026,4,2026-04-28,19122,(Free) Clinivate-N cream 5g BDC,Klenivet,ยาผิวหนังฆ่าเชื้อ/ต้านอักเสบ (Dermatology),No,0,16,0.0
2026-04,2026,4,2026-04-28,19124,(Free) Gi-Bismol 240ml BDC,Gastro-Bismol,ยาเคลือบกระเพาะ/กรดไหลย้อน (Antacids & GI),Yes,0,12,0.0
2026-04,2026,4,2026-04-28,19326,(Free) Zertin SP 5mg 60ml FML,Zertine,ยาแก้แพ้/ต้านฮิสตามีน (Antihistamines),No,0,17,0.0
2026-04,2026,4,2026-04-28,19406,(Free) Zertine (Cetirizine) 10mg 10Bl/Box FML,Zertine,ยาแก้แพ้/ต้านฮิสตามีน (Antihistamines),No,0,21,0.0
2026-04,2026,4,2026-04-28,19441,(Free) Insulated cup ຈອກເກັບຄວາມເຢັນ,Insulated,กลุ่มยาและเวชภัณฑ์ทั่วไป (General Health & Others),No,0,7,0.0
2026-05,2026,5,2026-05-28,06538,Spascopan (Buscopan) 10mg 50Bl/Box BDC,Spascopan,ยาบรรเทาอาการปวดเกร็งช่องท้อง (Antispasmodics),No,0,17570,320684.1
2026-05,2026,5,2026-05-28,01944,Zenzera (Albendazole) 200mg 2Tab/Bl BDC,Zenzera,ยาถ่ายพยาธิ (Anthelmintics),Yes,0,31611,246393.37
2026-05,2026,5,2026-05-28,01947,Zertine (Cetirizine) 10mg 10Bl/Box FML,Zertine,ยาแก้แพ้/ต้านฮิสตามีน (Antihistamines),No,0,2524,161676.53
2026-05,2026,5,2026-05-28,07427,Clinimet (Cimetidine) 400mg 50Bl/Box BDC,Klenimed,ยาลดกรดในกระเพาะอาหาร (Antacids & GI),No,0,9165,155436.78
2026-05,2026,5,2026-05-28,05942,Clinivate-N cream 15g BDC,Klenivet,ยาผิวหนังฆ่าเชื้อ/ต้านอักเสบ (Dermatology),No,0,4152,127486.9
2026-05,2026,5,2026-05-28,01758,Sporoxyl (Ketoconasol) 200mg 10Bl/Box BDC,Sporosil,ยาต้านเชื้อรา (Antifungals),No,0,746,122819.53
2026-05,2026,5,2026-05-28,01094,Glucosa 500mg 10Bl/Box BDC,Glucosa,ยาบำรุงข้อกระดูก (Osteoarthritis),Yes,0,462,111914.48
2026-05,2026,5,2026-05-28,01500,Oflocee (Ofloxacin) 200mg 10Bl/Box FML,Oflocee,ยาปฏิชีวนะ/ฆ่าเชื้อ (Antibiotics),No,0,511,101775.67
2026-05,2026,5,2026-05-28,08921,Cephalexyl (Cephalexin) 500mg 10Bl/Box SAP,Cephalexyl,ยาปฏิชีวนะ/ฆ่าเชื้อแบคทีเรีย (Antibiotics),No,0,300,90603.29
2026-05,2026,5,2026-05-28,01759,Sporaxyl (Ketoconasol) cream 5g BDC,Sporosil,ยาต้านเชื้อรา (Antifungals),No,0,5676,86303.9
2026-05,2026,5,2026-05-28,01091,Glucosa 1500mg Red 30Sach/Box BDC,Glucosa,ยาบำรุงข้อกระดูก (Osteoarthritis),Yes,0,312,81254.78
2026-05,2026,5,2026-05-28,14275,Nacoxib (Etoricoxib) 90mg,Nacoxib,ยาแก้ปวด/ต้านการอักเสบ (NSAIDs & Pain Relief),Yes,0,497,72375.27
2026-05,2026,5,2026-05-28,00661,Clinivate-N cream 5g BDC,Klenivet,ยาผิวหนังฆ่าเชื้อ/ต้านอักเสบ (Dermatology),No,0,4410,63414.61
2026-05,2026,5,2026-05-28,05108,CliMarir (Acyclovir) 400mg 5Bl/Box BDC,Clinovir,ยาต้านเชื้อไวรัสเริม/งูสวัด (Antivirals),No,0,470,59908.65
2026-05,2026,5,2026-05-28,01475,Noraphen 500mg 50Bl/Box BDC,Noraphen,ยาแก้ปวด/ต้านการอักเสบ (NSAIDs & Pain Relief),No,0,6850,57354.89
2026-05,2026,5,2026-05-28,18544,Clena TM EX (Anti melasma) 15g,Clenascar,เวชสำอางดูแลแผลเป็น/สิว (Dermatology & Skincare),Yes,0,367,47268.29
2026-05,2026,5,2026-05-28,03654,Glucosa 1500mg lemon 30Sach/Box BDC,Glucosa,ยาบำรุงข้อกระดูก (Osteoarthritis),Yes,0,181,47250.56
2026-05,2026,5,2026-05-28,07777,Gi-Bisamol syrup 240ml (Prink) BDC,Gibisamol,กลุ่มยาและเวชภัณฑ์ทั่วไป (General Health & Others),No,0,593,41655.04
2026-05,2026,5,2026-05-28,05020,Sporaxyl (Ketoconasol) cream 15g BDC,Sporosil,ยาต้านเชื้อรา (Antifungals),No,0,1620,37613.28
2026-05,2026,5,2026-05-28,17101,Prozeus15 30Sach/Box TH,Prozeus,โปรตีนและโภชนาการเสริม (Nutritional Supplements),Yes,0,47,36010.33
2026-05,2026,5,2026-05-28,18610,Precius (Pregabalin) 75mg 6Bl/Box,Precius,ยารักษาอาการปวดเส้นประสาท (Neuropathic Pain),Yes,0,83,33451.92
2026-05,2026,5,2026-05-28,00663,CliMarir (Acidclovir) cream 5g BDC,Clinovir,ยาต้านเชื้อไวรัสเริม/งูสวัด (Antivirals),No,0,2016,30631.77
2026-05,2026,5,2026-05-28,00863,Domper-M (Domperidone) 10mg BDC,Domper-M,ยาช่วยย่อย/ต้านคลื่นไส้อาเจียน (Antiemetics),No,0,5960,27581.27
2026-05,2026,5,2026-05-28,00664,CliMarir (Acidclovir) 200mg BDC,Clinovir,ยาต้านเชื้อไวรัสเริม/งูสวัด (Antivirals),No,0,285,25361.79
2026-05,2026,5,2026-05-28,01244,Lorita (Loratadine) 10mg 10Bl/Box FML,Lolita,ยาแก้แพ้/ต้านฮิสตามีน (Antihistamines),No,0,340,24875.58
2026-05,2026,5,2026-05-28,17224,Gastro bismol 524,Gastro-Bismol,ยาเคลือบกระเพาะ/กรดไหลย้อน (Antacids & GI),Yes,0,88,24719.18
2026-05,2026,5,2026-05-28,02072,Stugin (Cinnarizine) 25mg 50Bl/Box BDC,Stugin,ยาบรรเทาอาการเวียนศีรษะ/บ้านหมุน (Vertigo & CNS),No,0,5850,24404.93
2026-05,2026,5,2026-05-28,01103,Gynogesic (Dolfenal) 500mg 10Bl/Box BDC,Gynogesic,ยาแก้ปวดประจำเดือน/กล้ามเนื้อ (Analgesics),No,0,145,22660.45
2026-05,2026,5,2026-05-28,15617,Zenzera supersion 200mg 10ml/Sach,Zenzera,ยาถ่ายพยาธิ (Anthelmintics),Yes,0,300,22493.0
2026-05,2026,5,2026-05-28,00658,Clinigel (Vaseline) 50g BDC,Clinigel,กลุ่มยาและเวชภัณฑ์ทั่วไป (General Health & Others),No,0,578,21937.47
2026-05,2026,5,2026-05-28,17226,Tristan (Etoricoxib) 90mg,Tristan,ยาแก้ปวด/ต้านการอักเสบ (NSAIDs & Pain Relief),Yes,0,489,19976.94
2026-05,2026,5,2026-05-28,06243,Diabederm cream 20% 35g (Blue) BDC,Diabederm,ยาผิวหนัง/บำรุงผิวแห้งแตก (Dermatology),Yes,0,352,18852.09
2026-05,2026,5,2026-05-28,18238,CliMarir-800mg 7Bl/Box TH,Clinovir,ยาต้านเชื้อไวรัสเริม/งูสวัด (Antivirals),No,0,86,17831.41
2026-05,2026,5,2026-05-28,18682,Zentozide (Praziquantel) 600mg Bl/Box,Zentocide,ยาถ่ายพยาธิใบไม้ในตับ (Antiparasitics),Yes,0,240,17351.42
2026-05,2026,5,2026-05-28,10191,Spascopan (Buscopan) 10mg 500Tab/Bott BDC,Spascopan,ยาบรรเทาอาการปวดเกร็งช่องท้อง (Antispasmodics),No,0,20,16133.83
2026-05,2026,5,2026-05-28,17100,Prozeus15 10Sach/Box TH,Prozeus,โปรตีนและโภชนาการเสริม (Nutritional Supplements),Yes,0,61,15901.1
2026-05,2026,5,2026-05-28,05943,Clinoderm cream 15g BDC,Clinoderm,กลุ่มยาและเวชภัณฑ์ทั่วไป (General Health & Others),No,0,510,15851.78
2026-05,2026,5,2026-05-28,14106,Anzac fluoxetin HCI 20mg 10Bl/Box,Anxac,ยาปรับสารเคมีในสมอง/คลายกังวล (Psychotropics),No,0,114,15215.29
2026-05,2026,5,2026-05-28,00996,Fango (Clotrimazole) cream 5g BDC,Fango,ยาผิวหนังต้านเชื้อรา/อักเสบ (Dermatology),Yes,0,756,13334.54
2026-05,2026,5,2026-05-28,08450,Arotika rub 35g BDC,Arotika,ยาแก้ปวด/กล้ามเนื้อ/ข้อกระดูก (Analgesics & Musculoskeletal),Yes,0,250,12762.45
2026-05,2026,5,2026-05-28,05946,Diabederm cream 10% 35g (Green) BDC,Diabederm,ยาผิวหนัง/บำรุงผิวแห้งแตก (Dermatology),Yes,0,278,12271.62
2026-05,2026,5,2026-05-28,07545,Plaivana cream 14% 35g BDC,Plaivana,ยาแก้ปวด/กล้ามเนื้อ/ข้อกระดูก (Analgesics & Musculoskeletal),Yes,0,182,12042.66
2026-05,2026,5,2026-05-28,10399,Feenoze nasal spray 20ml BDC,Feenoze,กลุ่มยาและเวชภัณฑ์ทั่วไป (General Health & Others),No,0,188,11498.08
2026-05,2026,5,2026-05-28,04353,"Capsika-25 (0,025%) gel 35g",Capsika,ยาแก้ปวด/กล้ามเนื้อ/ข้อกระดูก (Analgesics & Musculoskeletal),Yes,0,210,10458.41
2026-05,2026,5,2026-05-28,17225,Arotika cool spray 60ml,Arotika,ยาแก้ปวด/กล้ามเนื้อ/ข้อกระดูก (Analgesics & Musculoskeletal),Yes,0,87,8601.18
2026-05,2026,5,2026-05-28,04220,"Zyno cream 0,1% 15g BDC",Zeno,กลุ่มยาและเวชภัณฑ์ทั่วไป (General Health & Others),No,0,408,8493.69
2026-05,2026,5,2026-05-28,03519,"Zyno cream 0,1% 5g BDC",Zeno,กลุ่มยาและเวชภัณฑ์ทั่วไป (General Health & Others),No,0,516,7661.1
2026-05,2026,5,2026-05-28,08451,Arotika rub lotion 60ml BDC,Arotika,ยาแก้ปวด/กล้ามเนื้อ/ข้อกระดูก (Analgesics & Musculoskeletal),Yes,0,79,7097.5
2026-05,2026,5,2026-05-28,01012,Fexotine (Fexofenadin) 60mg 10Box/Pack FML,Fexotine,กลุ่มยาและเวชภัณฑ์ทั่วไป (General Health & Others),No,0,226,7096.57
2026-05,2026,5,2026-05-28,00368,Allerax-Fc 10mg 50Bl/Box BDC,Allerlax,ยาแก้แพ้/ต้านฮิสตามีน (Antihistamines),No,0,1600,6427.13
2026-05,2026,5,2026-05-28,01735,Skinfect (Gentamicin) cream 5g BDC,Skinfect,ยาปฏิชีวนะทาแผล/ผิวหนัง (Dermatology),No,0,504,6260.33
2026-05,2026,5,2026-05-28,00581,"Capsika 0,0125% gel 35g BDC",Capsika,ยาแก้ปวด/กล้ามเนื้อ/ข้อกระดูก (Analgesics & Musculoskeletal),Yes,0,170,6144.5
2026-05,2026,5,2026-05-28,00662,Clinoderm (Clobetaso) cream 5g BDC,Clinoderm,กลุ่มยาและเวชภัณฑ์ทั่วไป (General Health & Others),No,0,264,4825.56
2026-05,2026,5,2026-05-28,08452,Arotika cool gel 35g BDC,Arotika,ยาแก้ปวด/กล้ามเนื้อ/ข้อกระดูก (Analgesics & Musculoskeletal),Yes,0,130,4790.31
2026-05,2026,5,2026-05-28,01958,"Zyno cream 0,02% 15g BDC",Zeno,กลุ่มยาและเวชภัณฑ์ทั่วไป (General Health & Others),No,0,228,4685.81
2026-05,2026,5,2026-05-28,05252,Fango (Clotrimazole) cream 15g BDC,Fango,ยาผิวหนังต้านเชื้อรา/อักเสบ (Dermatology),Yes,0,156,3969.4
2026-05,2026,5,2026-05-28,17847,Finasteride 1mg 3Bl/Box,Finasteride,ยารักษาต่อมลูกหมาก/ผมร่วง (Urology & Men Health),Yes,0,21,3866.12
2026-05,2026,5,2026-05-28,07539,Plaivana cream 14% 15g BDC,Plaivana,ยาแก้ปวด/กล้ามเนื้อ/ข้อกระดูก (Analgesics & Musculoskeletal),Yes,0,106,3761.94
2026-05,2026,5,2026-05-28,05941,Clinivate cream 15g BDC,Klenivet,ยาผิวหนังฆ่าเชื้อ/ต้านอักเสบ (Dermatology),No,0,120,2954.72
2026-05,2026,5,2026-05-28,18911,Fango-BD (Clotrimazole 1% / Betamethasone 0.1%) cream 5g,Fango,ยาผิวหนังต้านเชื้อรา/อักเสบ (Dermatology),Yes,0,180,2867.25
2026-05,2026,5,2026-05-28,01957,"Zyno cream 0,02% 5g 12Tub/Pack BDC",Zeno,กลุ่มยาและเวชภัณฑ์ทั่วไป (General Health & Others),No,0,180,2402.95
2026-05,2026,5,2026-05-28,10799,Clenascar gel 15g BDC,Clenascar,เวชสำอางดูแลแผลเป็น/สิว (Dermatology & Skincare),Yes,0,12,2040.0
2026-05,2026,5,2026-05-28,00369,Allerax-Fc 10mg 1000Tab/Bott BDC,Allerlax,ยาแก้แพ้/ต้านฮิสตามีน (Antihistamines),No,0,11,2028.01
2026-05,2026,5,2026-05-28,08449,Arotika rub 15g BDC,Arotika,ยาแก้ปวด/กล้ามเนื้อ/ข้อกระดูก (Analgesics & Musculoskeletal),Yes,0,60,1631.65
2026-05,2026,5,2026-05-28,15712,Arotika rub lotion 80ml,Arotika,ยาแก้ปวด/กล้ามเนื้อ/ข้อกระดูก (Analgesics & Musculoskeletal),Yes,0,10,1626.76
2026-05,2026,5,2026-05-28,04553,"Capsika-25 gel 15g 0,025% 12Tub/Doz BDC",Capsika,ยาแก้ปวด/กล้ามเนื้อ/ข้อกระดูก (Analgesics & Musculoskeletal),Yes,0,18,630.0
2026-05,2026,5,2026-05-28,19442,(Free) Stugin (Cinnarizine) 25mg 50Bl/Box BDC,Stugin,ยาบรรเทาอาการเวียนศีรษะ/บ้านหมุน (Vertigo & CNS),No,0,2,0.0
2026-05,2026,5,2026-05-28,19356,(Free) Sporaxyl (Ketoconasol) cream 5g BDC,Sporosil,ยาต้านเชื้อรา (Antifungals),No,0,60,0.0
2026-05,2026,5,2026-05-28,19123,(Free) Gynogesic (Mefenamic acid) 500mg 10Bl/Box BDC,Gynogesic,ยาแก้ปวดประจำเดือน/กล้ามเนื้อ (Analgesics),No,0,20,0.0
2026-05,2026,5,2026-05-28,19325,(Free) Zenzera supersion 200mg 10ml/Sach,Zenzera,ยาถ่ายพยาธิ (Anthelmintics),Yes,0,63,0.0
2026-05,2026,5,2026-05-28,19342,(Free) Camping chair ຕັ່ງແຄມປິ້ງ,Camping,กลุ่มยาและเวชภัณฑ์ทั่วไป (General Health & Others),No,0,8,0.0
2026-05,2026,5,2026-05-28,19095,(Free) Fartussin 10Bl/Box 15mg FML,Fartussin,กลุ่มยาและเวชภัณฑ์ทั่วไป (General Health & Others),No,0,104,0.0
2026-05,2026,5,2026-05-28,19122,(Free) Clinivate-N cream 5g BDC,Klenivet,ยาผิวหนังฆ่าเชื้อ/ต้านอักเสบ (Dermatology),No,0,595,0.0
2026-05,2026,5,2026-05-28,19326,(Free) Zertin SP 5mg 60ml FML,Zertine,ยาแก้แพ้/ต้านฮิสตามีน (Antihistamines),No,0,16,0.0
2026-05,2026,5,2026-05-28,19357,(Free) Clinivate-N cream 5g BDC,Klenivet,ยาผิวหนังฆ่าเชื้อ/ต้านอักเสบ (Dermatology),No,0,7,0.0
2026-05,2026,5,2026-05-28,19406,(Free) Zertine (Cetirizine) 10mg 10Bl/Box FML,Zertine,ยาแก้แพ้/ต้านฮิสตามีน (Antihistamines),No,0,30,0.0
2026-05,2026,5,2026-05-28,18575,(Free) Glucosa 1500mg Red 30Sach/Box BDC,Glucosa,ยาบำรุงข้อกระดูก (Osteoarthritis),Yes,0,4,0.0
2026-06,2026,6,2026-06-28,00663,CliMarir (Acidclovir) cream 5g BDC,Clinovir,ยาต้านเชื้อไวรัสเริม/งูสวัด (Antivirals),No,0,19791,280122.65
2026-06,2026,6,2026-06-28,06538,Spascopan (Buscopan) 10mg 50Bl/Box BDC,Spascopan,ยาบรรเทาอาการปวดเกร็งช่องท้อง (Antispasmodics),No,0,13050,255935.65
2026-06,2026,6,2026-06-28,08921,Cephalexyl (Cephalexin) 500mg 10Bl/Box SAP,Cephalexyl,ยาปฏิชีวนะ/ฆ่าเชื้อแบคทีเรีย (Antibiotics),No,0,767,235247.39
2026-06,2026,6,2026-06-28,03358,Gastrosec (Omeprazole) 20mg BDC,Gastrosec,ยาลดกรดในกระเพาะอาหาร (PPIs & Antacids),No,0,3092,166805.32
2026-06,2026,6,2026-06-28,01944,Zenzera (Albendazole) 200mg 2Tab/Bl BDC,Zenzera,ยาถ่ายพยาธิ (Anthelmintics),Yes,0,21700,163960.54
2026-06,2026,6,2026-06-28,00644,Ciproxyl (Ciprofloxacin) 500mg 10Bl/Box FML,Ciprocin,ยาปฏิชีวนะ/ฆ่าเชื้อทางเดินปัสสาวะ (Antibiotics),No,0,748,151712.67
2026-06,2026,6,2026-06-28,05942,Clinivate-N cream 15g BDC,Klenivet,ยาผิวหนังฆ่าเชื้อ/ต้านอักเสบ (Dermatology),No,0,4644,144561.87
2026-06,2026,6,2026-06-28,07777,Gi-Bisamol syrup 240ml (Prink) BDC,Gibisamol,กลุ่มยาและเวชภัณฑ์ทั่วไป (General Health & Others),No,0,1863,144456.01
2026-06,2026,6,2026-06-28,01094,Glucosa 500mg 10Bl/Box BDC,Glucosa,ยาบำรุงข้อกระดูก (Osteoarthritis),Yes,0,580,138818.96
2026-06,2026,6,2026-06-28,01091,Glucosa 1500mg Red 30Sach/Box BDC,Glucosa,ยาบำรุงข้อกระดูก (Osteoarthritis),Yes,0,425,112436.81
2026-06,2026,6,2026-06-28,01947,Zertine (Cetirizine) 10mg 10Bl/Box FML,Zertine,ยาแก้แพ้/ต้านฮิสตามีน (Antihistamines),No,0,1486,99323.67
2026-06,2026,6,2026-06-28,00661,Clinivate-N cream 5g BDC,Klenivet,ยาผิวหนังฆ่าเชื้อ/ต้านอักเสบ (Dermatology),No,0,5208,75869.49
2026-06,2026,6,2026-06-28,01759,Sporaxyl (Ketoconasol) cream 5g BDC,Sporosil,ยาต้านเชื้อรา (Antifungals),No,0,4920,72868.76
2026-06,2026,6,2026-06-28,07427,Clinimet (Cimetidine) 400mg 50Bl/Box BDC,Klenimed,ยาลดกรดในกระเพาะอาหาร (Antacids & GI),No,0,5250,68921.46
2026-06,2026,6,2026-06-28,01758,Sporoxyl (Ketoconasol) 200mg 10Bl/Box BDC,Sporosil,ยาต้านเชื้อรา (Antifungals),No,0,358,59987.32
2026-06,2026,6,2026-06-28,01500,Oflocee (Ofloxacin) 200mg 10Bl/Box FML,Oflocee,ยาปฏิชีวนะ/ฆ่าเชื้อ (Antibiotics),No,0,307,58658.7
2026-06,2026,6,2026-06-28,05020,Sporaxyl (Ketoconasol) cream 15g BDC,Sporosil,ยาต้านเชื้อรา (Antifungals),No,0,2280,53394.49
2026-06,2026,6,2026-06-28,18544,Clena TM EX (Anti melasma) 15g,Clenascar,เวชสำอางดูแลแผลเป็น/สิว (Dermatology & Skincare),Yes,0,360,47371.97
2026-06,2026,6,2026-06-28,05108,CliMarir (Acyclovir) 400mg 5Bl/Box BDC,Clinovir,ยาต้านเชื้อไวรัสเริม/งูสวัด (Antivirals),No,0,321,41214.43
2026-06,2026,6,2026-06-28,14275,Nacoxib (Etoricoxib) 90mg,Nacoxib,ยาแก้ปวด/ต้านการอักเสบ (NSAIDs & Pain Relief),Yes,0,295,38899.68
2026-06,2026,6,2026-06-28,18610,Precius (Pregabalin) 75mg 6Bl/Box,Precius,ยารักษาอาการปวดเส้นประสาท (Neuropathic Pain),Yes,0,81,35011.88
2026-06,2026,6,2026-06-28,01475,Noraphen 500mg 50Bl/Box BDC,Noraphen,ยาแก้ปวด/ต้านการอักเสบ (NSAIDs & Pain Relief),No,0,3820,32231.33
2026-06,2026,6,2026-06-28,00664,CliMarir (Acidclovir) 200mg BDC,Clinovir,ยาต้านเชื้อไวรัสเริม/งูสวัด (Antivirals),No,0,312,30057.23
2026-06,2026,6,2026-06-28,01244,Lorita (Loratadine) 10mg 10Bl/Box FML,Lolita,ยาแก้แพ้/ต้านฮิสตามีน (Antihistamines),No,0,449,29663.21
2026-06,2026,6,2026-06-28,03654,Glucosa 1500mg lemon 30Sach/Box BDC,Glucosa,ยาบำรุงข้อกระดูก (Osteoarthritis),Yes,0,108,28515.96
2026-06,2026,6,2026-06-28,02072,Stugin (Cinnarizine) 25mg 50Bl/Box BDC,Stugin,ยาบรรเทาอาการเวียนศีรษะ/บ้านหมุน (Vertigo & CNS),No,0,7040,27583.39
2026-06,2026,6,2026-06-28,00658,Clinigel (Vaseline) 50g BDC,Clinigel,กลุ่มยาและเวชภัณฑ์ทั่วไป (General Health & Others),No,0,694,27050.95
2026-06,2026,6,2026-06-28,00863,Domper-M (Domperidone) 10mg BDC,Domper-M,ยาช่วยย่อย/ต้านคลื่นไส้อาเจียน (Antiemetics),No,0,4810,21376.76
2026-06,2026,6,2026-06-28,14106,Anzac fluoxetin HCI 20mg 10Bl/Box,Anxac,ยาปรับสารเคมีในสมอง/คลายกังวล (Psychotropics),No,0,157,20837.66
2026-06,2026,6,2026-06-28,17224,Gastro bismol 524,Gastro-Bismol,ยาเคลือบกระเพาะ/กรดไหลย้อน (Antacids & GI),Yes,0,68,18614.18
2026-06,2026,6,2026-06-28,10399,Feenoze nasal spray 20ml BDC,Feenoze,กลุ่มยาและเวชภัณฑ์ทั่วไป (General Health & Others),No,0,325,18168.61
2026-06,2026,6,2026-06-28,04220,"Zyno cream 0,1% 15g BDC",Zeno,กลุ่มยาและเวชภัณฑ์ทั่วไป (General Health & Others),No,0,864,18085.8
2026-06,2026,6,2026-06-28,01103,Gynogesic (Dolfenal) 500mg 10Bl/Box BDC,Gynogesic,ยาแก้ปวดประจำเดือน/กล้ามเนื้อ (Analgesics),No,0,107,16991.94
2026-06,2026,6,2026-06-28,17225,Arotika cool spray 60ml,Arotika,ยาแก้ปวด/กล้ามเนื้อ/ข้อกระดูก (Analgesics & Musculoskeletal),Yes,0,160,16802.02
2026-06,2026,6,2026-06-28,15617,Zenzera supersion 200mg 10ml/Sach,Zenzera,ยาถ่ายพยาธิ (Anthelmintics),Yes,0,224,16532.75
2026-06,2026,6,2026-06-28,17101,Prozeus15 30Sach/Box TH,Prozeus,โปรตีนและโภชนาการเสริม (Nutritional Supplements),Yes,0,20,15300.14
2026-06,2026,6,2026-06-28,18238,CliMarir-800mg 7Bl/Box TH,Clinovir,ยาต้านเชื้อไวรัสเริม/งูสวัด (Antivirals),No,0,81,15159.03
2026-06,2026,6,2026-06-28,05252,Fango (Clotrimazole) cream 15g BDC,Fango,ยาผิวหนังต้านเชื้อรา/อักเสบ (Dermatology),Yes,0,504,12237.91
2026-06,2026,6,2026-06-28,05943,Clinoderm cream 15g BDC,Clinoderm,กลุ่มยาและเวชภัณฑ์ทั่วไป (General Health & Others),No,0,360,11722.58
2026-06,2026,6,2026-06-28,00662,Clinoderm (Clobetaso) cream 5g BDC,Clinoderm,กลุ่มยาและเวชภัณฑ์ทั่วไป (General Health & Others),No,0,492,11346.31
2026-06,2026,6,2026-06-28,17100,Prozeus15 10Sach/Box TH,Prozeus,โปรตีนและโภชนาการเสริม (Nutritional Supplements),Yes,0,42,11285.58
2026-06,2026,6,2026-06-28,08451,Arotika rub lotion 60ml BDC,Arotika,ยาแก้ปวด/กล้ามเนื้อ/ข้อกระดูก (Analgesics & Musculoskeletal),Yes,0,127,11146.46
2026-06,2026,6,2026-06-28,08452,Arotika cool gel 35g BDC,Arotika,ยาแก้ปวด/กล้ามเนื้อ/ข้อกระดูก (Analgesics & Musculoskeletal),Yes,0,281,10881.46
2026-06,2026,6,2026-06-28,01958,"Zyno cream 0,02% 15g BDC",Zeno,กลุ่มยาและเวชภัณฑ์ทั่วไป (General Health & Others),No,0,492,9409.44
2026-06,2026,6,2026-06-28,01735,Skinfect (Gentamicin) cream 5g BDC,Skinfect,ยาปฏิชีวนะทาแผล/ผิวหนัง (Dermatology),No,0,852,9294.92
2026-06,2026,6,2026-06-28,07545,Plaivana cream 14% 35g BDC,Plaivana,ยาแก้ปวด/กล้ามเนื้อ/ข้อกระดูก (Analgesics & Musculoskeletal),Yes,0,136,9142.93
2026-06,2026,6,2026-06-28,00368,Allerax-Fc 10mg 50Bl/Box BDC,Allerlax,ยาแก้แพ้/ต้านฮิสตามีน (Antihistamines),No,0,2090,8878.56
2026-06,2026,6,2026-06-28,05946,Diabederm cream 10% 35g (Green) BDC,Diabederm,ยาผิวหนัง/บำรุงผิวแห้งแตก (Dermatology),Yes,0,198,8536.52
2026-06,2026,6,2026-06-28,08450,Arotika rub 35g BDC,Arotika,ยาแก้ปวด/กล้ามเนื้อ/ข้อกระดูก (Analgesics & Musculoskeletal),Yes,0,149,7810.85
2026-06,2026,6,2026-06-28,00581,"Capsika 0,0125% gel 35g BDC",Capsika,ยาแก้ปวด/กล้ามเนื้อ/ข้อกระดูก (Analgesics & Musculoskeletal),Yes,0,200,7127.69
2026-06,2026,6,2026-06-28,06243,Diabederm cream 20% 35g (Blue) BDC,Diabederm,ยาผิวหนัง/บำรุงผิวแห้งแตก (Dermatology),Yes,0,132,6917.58
2026-06,2026,6,2026-06-28,18911,Fango-BD (Clotrimazole 1% / Betamethasone 0.1%) cream 5g,Fango,ยาผิวหนังต้านเชื้อรา/อักเสบ (Dermatology),Yes,0,420,6476.03
2026-06,2026,6,2026-06-28,00996,Fango (Clotrimazole) cream 5g BDC,Fango,ยาผิวหนังต้านเชื้อรา/อักเสบ (Dermatology),Yes,0,444,6085.02
2026-06,2026,6,2026-06-28,15712,Arotika rub lotion 80ml,Arotika,ยาแก้ปวด/กล้ามเนื้อ/ข้อกระดูก (Analgesics & Musculoskeletal),Yes,0,37,6018.85
2026-06,2026,6,2026-06-28,10799,Clenascar gel 15g BDC,Clenascar,เวชสำอางดูแลแผลเป็น/สิว (Dermatology & Skincare),Yes,0,43,5521.45
2026-06,2026,6,2026-06-28,00369,Allerax-Fc 10mg 1000Tab/Bott BDC,Allerlax,ยาแก้แพ้/ต้านฮิสตามีน (Antihistamines),No,0,29,5074.86
2026-06,2026,6,2026-06-28,07539,Plaivana cream 14% 15g BDC,Plaivana,ยาแก้ปวด/กล้ามเนื้อ/ข้อกระดูก (Analgesics & Musculoskeletal),Yes,0,120,4130.83
2026-06,2026,6,2026-06-28,03519,"Zyno cream 0,1% 5g BDC",Zeno,กลุ่มยาและเวชภัณฑ์ทั่วไป (General Health & Others),No,0,252,3382.66
2026-06,2026,6,2026-06-28,04353,"Capsika-25 (0,025%) gel 35g",Capsika,ยาแก้ปวด/กล้ามเนื้อ/ข้อกระดูก (Analgesics & Musculoskeletal),Yes,0,61,2491.4
2026-06,2026,6,2026-06-28,04553,"Capsika-25 gel 15g 0,025% 12Tub/Doz BDC",Capsika,ยาแก้ปวด/กล้ามเนื้อ/ข้อกระดูก (Analgesics & Musculoskeletal),Yes,0,60,1437.35
2026-06,2026,6,2026-06-28,01957,"Zyno cream 0,02% 5g 12Tub/Pack BDC",Zeno,กลุ่มยาและเวชภัณฑ์ทั่วไป (General Health & Others),No,0,66,1050.62
2026-06,2026,6,2026-06-28,17226,Tristan (Etoricoxib) 90mg,Tristan,ยาแก้ปวด/ต้านการอักเสบ (NSAIDs & Pain Relief),Yes,0,25,719.53
2026-06,2026,6,2026-06-28,08449,Arotika rub 15g BDC,Arotika,ยาแก้ปวด/กล้ามเนื้อ/ข้อกระดูก (Analgesics & Musculoskeletal),Yes,0,24,652.7
2026-06,2026,6,2026-06-28,19502,Clenascar acne spot gel 7g,Clenascar,เวชสำอางดูแลแผลเป็น/สิว (Dermatology & Skincare),Yes,0,3,225.0
2026-06,2026,6,2026-06-28,19503,Raqua glow facce wash 50ml,Raqua,ผลิตภัณฑ์ทำความสะอาดผิวหน้า (Skincare),Yes,0,2,190.0
2026-06,2026,6,2026-06-28,19342,(Free) Camping chair ຕັ່ງແຄມປິ້ງ,Camping,กลุ่มยาและเวชภัณฑ์ทั่วไป (General Health & Others),No,0,20,0.0
2026-06,2026,6,2026-06-28,19358,(Free) Clinovir (Acidclovir) cream 5g BDC,Clinovir,ยาต้านเชื้อไวรัสเริม/งูสวัด (Antivirals),No,0,60,0.0
2026-06,2026,6,2026-06-28,19440,(Free) Cephalexyl (Cephalexin) 500mg 10Bl/Box SAP,Cephalexyl,ยาปฏิชีวนะ/ฆ่าเชื้อแบคทีเรีย (Antibiotics),No,0,9,0.0
2026-06,2026,6,2026-06-28,19122,(Free) Clinivate-N cream 5g BDC,Klenivet,ยาผิวหนังฆ่าเชื้อ/ต้านอักเสบ (Dermatology),No,0,263,0.0
2026-06,2026,6,2026-06-28,19357,(Free) Clinivate-N cream 5g BDC,Klenivet,ยาผิวหนังฆ่าเชื้อ/ต้านอักเสบ (Dermatology),No,0,7,0.0
2026-06,2026,6,2026-06-28,19441,(Free) Insulated cup ຈອກເກັບຄວາມເຢັນ,Insulated,กลุ่มยาและเวชภัณฑ์ทั่วไป (General Health & Others),No,0,12,0.0
2026-06,2026,6,2026-06-28,18575,(Free) Glucosa 1500mg Red 30Sach/Box BDC,Glucosa,ยาบำรุงข้อกระดูก (Osteoarthritis),Yes,0,9,0.0
2026-07,2026,7,2026-07-28,01944,Zenzera (Albendazole) 200mg 2Tab/Bl BDC,Zenzera,ยาถ่ายพยาธิ (Anthelmintics),Yes,0,81582,647883.95
2026-07,2026,7,2026-07-28,00663,CliMarir (Acidclovir) cream 5g BDC,Clinovir,ยาต้านเชื้อไวรัสเริม/งูสวัด (Antivirals),No,0,21407,312532.33
2026-07,2026,7,2026-07-28,06538,Spascopan (Buscopan) 10mg 50Bl/Box BDC,Spascopan,ยาบรรเทาอาการปวดเกร็งช่องท้อง (Antispasmodics),No,0,14390,288957.5
2026-07,2026,7,2026-07-28,07427,Clinimet (Cimetidine) 400mg 50Bl/Box BDC,Klenimed,ยาลดกรดในกระเพาะอาหาร (Antacids & GI),No,0,14860,229557.94
2026-07,2026,7,2026-07-28,01947,Zertine (Cetirizine) 10mg 10Bl/Box FML,Zertine,ยาแก้แพ้/ต้านฮิสตามีน (Antihistamines),No,0,3554,224486.48
2026-07,2026,7,2026-07-28,01758,Sporoxyl (Ketoconasol) 200mg 10Bl/Box BDC,Sporosil,ยาต้านเชื้อรา (Antifungals),No,0,1334,224427.72
2026-07,2026,7,2026-07-28,00644,Ciproxyl (Ciprofloxacin) 500mg 10Bl/Box FML,Ciprocin,ยาปฏิชีวนะ/ฆ่าเชื้อทางเดินปัสสาวะ (Antibiotics),No,0,715,148723.4
2026-07,2026,7,2026-07-28,01094,Glucosa 500mg 10Bl/Box BDC,Glucosa,ยาบำรุงข้อกระดูก (Osteoarthritis),Yes,0,560,136167.0
2026-07,2026,7,2026-07-28,08921,Cephalexyl (Cephalexin) 500mg 10Bl/Box SAP,Cephalexyl,ยาปฏิชีวนะ/ฆ่าเชื้อแบคทีเรีย (Antibiotics),No,0,446,127698.05
2026-07,2026,7,2026-07-28,07777,Gi-Bisamol syrup 240ml (Prink) BDC,Gibisamol,กลุ่มยาและเวชภัณฑ์ทั่วไป (General Health & Others),No,0,1563,120379.22
2026-07,2026,7,2026-07-28,01759,Sporaxyl (Ketoconasol) cream 5g BDC,Sporosil,ยาต้านเชื้อรา (Antifungals),No,0,7356,109309.66
2026-07,2026,7,2026-07-28,01475,Noraphen 500mg 50Bl/Box BDC,Noraphen,ยาแก้ปวด/ต้านการอักเสบ (NSAIDs & Pain Relief),No,0,9960,96699.96
2026-07,2026,7,2026-07-28,00661,Clinivate-N cream 5g BDC,Klenivet,ยาผิวหนังฆ่าเชื้อ/ต้านอักเสบ (Dermatology),No,0,6258,91005.62
2026-07,2026,7,2026-07-28,01091,Glucosa 1500mg Red 30Sach/Box BDC,Glucosa,ยาบำรุงข้อกระดูก (Osteoarthritis),Yes,0,311,82548.74
2026-07,2026,7,2026-07-28,01500,Oflocee (Ofloxacin) 200mg 10Bl/Box FML,Oflocee,ยาปฏิชีวนะ/ฆ่าเชื้อ (Antibiotics),No,0,434,79919.38
2026-07,2026,7,2026-07-28,05108,CliMarir (Acyclovir) 400mg 5Bl/Box BDC,Clinovir,ยาต้านเชื้อไวรัสเริม/งูสวัด (Antivirals),No,0,558,70467.67
2026-07,2026,7,2026-07-28,18544,Clena TM EX (Anti melasma) 15g,Clenascar,เวชสำอางดูแลแผลเป็น/สิว (Dermatology & Skincare),Yes,0,407,53579.87
2026-07,2026,7,2026-07-28,14275,Nacoxib (Etoricoxib) 90mg,Nacoxib,ยาแก้ปวด/ต้านการอักเสบ (NSAIDs & Pain Relief),Yes,0,371,49885.54
2026-07,2026,7,2026-07-28,00664,CliMarir (Acidclovir) 200mg BDC,Clinovir,ยาต้านเชื้อไวรัสเริม/งูสวัด (Antivirals),No,0,509,49153.55
2026-07,2026,7,2026-07-28,18610,Precius (Pregabalin) 75mg 6Bl/Box,Precius,ยารักษาอาการปวดเส้นประสาท (Neuropathic Pain),Yes,0,120,43935.13
2026-07,2026,7,2026-07-28,03654,Glucosa 1500mg lemon 30Sach/Box BDC,Glucosa,ยาบำรุงข้อกระดูก (Osteoarthritis),Yes,0,167,43592.99
2026-07,2026,7,2026-07-28,18422,Hepivir (Hepatitis B) entecavir 0.5mg 3Bl/Box TH,Hepivir,ยาต้านไวรัสตับอักเสบ (Antivirals & Hepatology),Yes,0,85,43020.22
2026-07,2026,7,2026-07-28,02072,Stugin (Cinnarizine) 25mg 50Bl/Box BDC,Stugin,ยาบรรเทาอาการเวียนศีรษะ/บ้านหมุน (Vertigo & CNS),No,0,9510,37724.6
2026-07,2026,7,2026-07-28,05020,Sporaxyl (Ketoconasol) cream 15g BDC,Sporosil,ยาต้านเชื้อรา (Antifungals),No,0,1536,37325.76
2026-07,2026,7,2026-07-28,18238,CliMarir-800mg 7Bl/Box TH,Clinovir,ยาต้านเชื้อไวรัสเริม/งูสวัด (Antivirals),No,0,160,30677.44
2026-07,2026,7,2026-07-28,00863,Domper-M (Domperidone) 10mg BDC,Domper-M,ยาช่วยย่อย/ต้านคลื่นไส้อาเจียน (Antiemetics),No,0,5980,27288.34
2026-07,2026,7,2026-07-28,00658,Clinigel (Vaseline) 50g BDC,Clinigel,กลุ่มยาและเวชภัณฑ์ทั่วไป (General Health & Others),No,0,533,25756.13
2026-07,2026,7,2026-07-28,01244,Lorita (Loratadine) 10mg 10Bl/Box FML,Lolita,ยาแก้แพ้/ต้านฮิสตามีน (Antihistamines),No,0,360,25286.41
2026-07,2026,7,2026-07-28,05942,Clinivate-N cream 15g BDC,Klenivet,ยาผิวหนังฆ่าเชื้อ/ต้านอักเสบ (Dermatology),No,0,810,24949.61
2026-07,2026,7,2026-07-28,01012,Fexotine (Fexofenadin) 60mg 10Box/Pack FML,Fexotine,กลุ่มยาและเวชภัณฑ์ทั่วไป (General Health & Others),No,0,860,24493.78
2026-07,2026,7,2026-07-28,15617,Zenzera supersion 200mg 10ml/Sach,Zenzera,ยาถ่ายพยาธิ (Anthelmintics),Yes,0,270,21254.31
2026-07,2026,7,2026-07-28,10191,Spascopan (Buscopan) 10mg 500Tab/Bott BDC,Spascopan,ยาบรรเทาอาการปวดเกร็งช่องท้อง (Antispasmodics),No,0,26,20915.54
2026-07,2026,7,2026-07-28,07545,Plaivana cream 14% 35g BDC,Plaivana,ยาแก้ปวด/กล้ามเนื้อ/ข้อกระดูก (Analgesics & Musculoskeletal),Yes,0,230,19634.07
2026-07,2026,7,2026-07-28,03358,Gastrosec (Omeprazole) 20mg BDC,Gastrosec,ยาลดกรดในกระเพาะอาหาร (PPIs & Antacids),No,0,922,18478.43
2026-07,2026,7,2026-07-28,14106,Anzac fluoxetin HCI 20mg 10Bl/Box,Anxac,ยาปรับสารเคมีในสมอง/คลายกังวล (Psychotropics),No,0,125,17620.94
2026-07,2026,7,2026-07-28,17224,Gastro bismol 524,Gastro-Bismol,ยาเคลือบกระเพาะ/กรดไหลย้อน (Antacids & GI),Yes,0,53,17611.01
2026-07,2026,7,2026-07-28,17101,Prozeus15 30Sach/Box TH,Prozeus,โปรตีนและโภชนาการเสริม (Nutritional Supplements),Yes,0,23,17013.3
2026-07,2026,7,2026-07-28,01103,Gynogesic (Dolfenal) 500mg 10Bl/Box BDC,Gynogesic,ยาแก้ปวดประจำเดือน/กล้ามเนื้อ (Analgesics),No,0,111,16140.17
2026-07,2026,7,2026-07-28,04220,"Zyno cream 0,1% 15g BDC",Zeno,กลุ่มยาและเวชภัณฑ์ทั่วไป (General Health & Others),No,0,732,15803.75
2026-07,2026,7,2026-07-28,00581,"Capsika 0,0125% gel 35g BDC",Capsika,ยาแก้ปวด/กล้ามเนื้อ/ข้อกระดูก (Analgesics & Musculoskeletal),Yes,0,412,14971.41
2026-07,2026,7,2026-07-28,08451,Arotika rub lotion 60ml BDC,Arotika,ยาแก้ปวด/กล้ามเนื้อ/ข้อกระดูก (Analgesics & Musculoskeletal),Yes,0,152,13250.86
2026-07,2026,7,2026-07-28,18911,Fango-BD (Clotrimazole 1% / Betamethasone 0.1%) cream 5g,Fango,ยาผิวหนังต้านเชื้อรา/อักเสบ (Dermatology),Yes,0,780,12861.81
2026-07,2026,7,2026-07-28,17226,Tristan (Etoricoxib) 90mg,Tristan,ยาแก้ปวด/ต้านการอักเสบ (NSAIDs & Pain Relief),Yes,0,403,12613.45
2026-07,2026,7,2026-07-28,17225,Arotika cool spray 60ml,Arotika,ยาแก้ปวด/กล้ามเนื้อ/ข้อกระดูก (Analgesics & Musculoskeletal),Yes,0,114,11742.35
2026-07,2026,7,2026-07-28,08452,Arotika cool gel 35g BDC,Arotika,ยาแก้ปวด/กล้ามเนื้อ/ข้อกระดูก (Analgesics & Musculoskeletal),Yes,0,248,11270.61
2026-07,2026,7,2026-07-28,17100,Prozeus15 10Sach/Box TH,Prozeus,โปรตีนและโภชนาการเสริม (Nutritional Supplements),Yes,0,44,10868.35
2026-07,2026,7,2026-07-28,04353,"Capsika-25 (0,025%) gel 35g",Capsika,ยาแก้ปวด/กล้ามเนื้อ/ข้อกระดูก (Analgesics & Musculoskeletal),Yes,0,241,10163.03
2026-07,2026,7,2026-07-28,06243,Diabederm cream 20% 35g (Blue) BDC,Diabederm,ยาผิวหนัง/บำรุงผิวแห้งแตก (Dermatology),Yes,0,163,8939.73
2026-07,2026,7,2026-07-28,10799,Clenascar gel 15g BDC,Clenascar,เวชสำอางดูแลแผลเป็น/สิว (Dermatology & Skincare),Yes,0,62,8812.63
2026-07,2026,7,2026-07-28,01958,"Zyno cream 0,02% 15g BDC",Zeno,กลุ่มยาและเวชภัณฑ์ทั่วไป (General Health & Others),No,0,426,8532.79
2026-07,2026,7,2026-07-28,07539,Plaivana cream 14% 15g BDC,Plaivana,ยาแก้ปวด/กล้ามเนื้อ/ข้อกระดูก (Analgesics & Musculoskeletal),Yes,0,246,8002.75
2026-07,2026,7,2026-07-28,00662,Clinoderm (Clobetaso) cream 5g BDC,Clinoderm,กลุ่มยาและเวชภัณฑ์ทั่วไป (General Health & Others),No,0,384,8001.29
2026-07,2026,7,2026-07-28,05943,Clinoderm cream 15g BDC,Clinoderm,กลุ่มยาและเวชภัณฑ์ทั่วไป (General Health & Others),No,0,228,7191.45
2026-07,2026,7,2026-07-28,05946,Diabederm cream 10% 35g (Green) BDC,Diabederm,ยาผิวหนัง/บำรุงผิวแห้งแตก (Dermatology),Yes,0,163,7182.63
2026-07,2026,7,2026-07-28,19501,Diabederm lotion 10% 200ml BDC,Diabederm,ยาผิวหนัง/บำรุงผิวแห้งแตก (Dermatology),Yes,0,22,5791.22
2026-07,2026,7,2026-07-28,00368,Allerax-Fc 10mg 50Bl/Box BDC,Allerlax,ยาแก้แพ้/ต้านฮิสตามีน (Antihistamines),No,0,1170,5383.54
2026-07,2026,7,2026-07-28,00996,Fango (Clotrimazole) cream 5g BDC,Fango,ยาผิวหนังต้านเชื้อรา/อักเสบ (Dermatology),Yes,0,336,4390.22
2026-07,2026,7,2026-07-28,05252,Fango (Clotrimazole) cream 15g BDC,Fango,ยาผิวหนังต้านเชื้อรา/อักเสบ (Dermatology),Yes,0,180,4360.49
2026-07,2026,7,2026-07-28,00369,Allerax-Fc 10mg 1000Tab/Bott BDC,Allerlax,ยาแก้แพ้/ต้านฮิสตามีน (Antihistamines),No,0,25,4289.39
2026-07,2026,7,2026-07-28,01735,Skinfect (Gentamicin) cream 5g BDC,Skinfect,ยาปฏิชีวนะทาแผล/ผิวหนัง (Dermatology),No,0,300,4004.26
2026-07,2026,7,2026-07-28,10399,Feenoze nasal spray 20ml BDC,Feenoze,กลุ่มยาและเวชภัณฑ์ทั่วไป (General Health & Others),No,0,70,3961.78
2026-07,2026,7,2026-07-28,08450,Arotika rub 35g BDC,Arotika,ยาแก้ปวด/กล้ามเนื้อ/ข้อกระดูก (Analgesics & Musculoskeletal),Yes,0,68,3718.19
2026-07,2026,7,2026-07-28,15712,Arotika rub lotion 80ml,Arotika,ยาแก้ปวด/กล้ามเนื้อ/ข้อกระดูก (Analgesics & Musculoskeletal),Yes,0,16,2610.88
2026-07,2026,7,2026-07-28,19502,Clenascar acne spot gel 7g,Clenascar,เวชสำอางดูแลแผลเป็น/สิว (Dermatology & Skincare),Yes,0,36,2339.05
2026-07,2026,7,2026-07-28,03519,"Zyno cream 0,1% 5g BDC",Zeno,กลุ่มยาและเวชภัณฑ์ทั่วไป (General Health & Others),No,0,144,2297.57
2026-07,2026,7,2026-07-28,19503,Raqua glow facce wash 50ml,Raqua,ผลิตภัณฑ์ทำความสะอาดผิวหน้า (Skincare),Yes,0,22,1746.61
2026-07,2026,7,2026-07-28,18682,Zentozide (Praziquantel) 600mg Bl/Box,Zentocide,ยาถ่ายพยาธิใบไม้ในตับ (Antiparasitics),Yes,0,40,1555.11
2026-07,2026,7,2026-07-28,08449,Arotika rub 15g BDC,Arotika,ยาแก้ปวด/กล้ามเนื้อ/ข้อกระดูก (Analgesics & Musculoskeletal),Yes,0,54,1554.99
2026-07,2026,7,2026-07-28,01957,"Zyno cream 0,02% 5g 12Tub/Pack BDC",Zeno,กลุ่มยาและเวชภัณฑ์ทั่วไป (General Health & Others),No,0,96,1519.4
2026-07,2026,7,2026-07-28,04553,"Capsika-25 gel 15g 0,025% 12Tub/Doz BDC",Capsika,ยาแก้ปวด/กล้ามเนื้อ/ข้อกระดูก (Analgesics & Musculoskeletal),Yes,0,25,797.7
2026-07,2026,7,2026-07-28,19356,(Free) Sporaxyl (Ketoconasol) cream 5g BDC,Sporosil,ยาต้านเชื้อรา (Antifungals),No,0,120,0.0
2026-07,2026,7,2026-07-28,19342,(Free) Camping chair ຕັ່ງແຄມປິ້ງ,Camping,กลุ่มยาและเวชภัณฑ์ทั่วไป (General Health & Others),No,0,26,0.0
2026-07,2026,7,2026-07-28,19358,(Free) Clinovir (Acidclovir) cream 5g BDC,Clinovir,ยาต้านเชื้อไวรัสเริม/งูสวัด (Antivirals),No,0,360,0.0
2026-07,2026,7,2026-07-28,19440,(Free) Cephalexyl (Cephalexin) 500mg 10Bl/Box SAP,Cephalexyl,ยาปฏิชีวนะ/ฆ่าเชื้อแบคทีเรีย (Antibiotics),No,0,4,0.0
2026-07,2026,7,2026-07-28,19122,(Free) Clinivate-N cream 5g BDC,Klenivet,ยาผิวหนังฆ่าเชื้อ/ต้านอักเสบ (Dermatology),No,0,58,0.0
2026-07,2026,7,2026-07-28,19355,(Free) Zenzera (Albendazole) 200mg 2Tab/Bl BDC,Zenzera,ยาถ่ายพยาธิ (Anthelmintics),Yes,0,1870,0.0
2026-07,2026,7,2026-07-28,19357,(Free) Clinivate-N cream 5g BDC,Klenivet,ยาผิวหนังฆ่าเชื้อ/ต้านอักเสบ (Dermatology),No,0,62,0.0
2026-07,2026,7,2026-07-28,18575,(Free) Glucosa 1500mg Red 30Sach/Box BDC,Glucosa,ยาบำรุงข้อกระดูก (Osteoarthritis),Yes,0,1,0.0
2025-01,2025,1,2025-01-28,06538,Spascopan(Buscopan)Tab/Bl 10mgBDC,Spascopan,ยาบรรเทาอาการปวดเกร็งช่องท้อง (Antispasmodics),No,0,12940,283221.63
2025-01,2025,1,2025-01-28,00644,Ciproxyl 500mg Tab/Bl FML,Ciprocin,ยาปฏิชีวนะ/ฆ่าเชื้อทางเดินปัสสาวะ (Antibiotics),No,0,758,189024.35
2025-01,2025,1,2025-01-28,07427,Clinimet-400(Cimetidine) Tab/Bl  BDC,Klenimed,ยาลดกรดในกระเพาะอาหาร (Antacids & GI),No,0,9260,186855.76
2025-01,2025,1,2025-01-28,01947,Zertine 10mg Tab/Bl FML,Zertine,ยาแก้แพ้/ต้านฮิสตามีน (Antihistamines),No,0,2461,185041.66
2025-01,2025,1,2025-01-28,01944,Zenzera (Albendazole) 200mg Tab/Bl BDC,Zenzera,ยาถ่ายพยาธิ (Anthelmintics),Yes,0,20351,166346.73
2025-01,2025,1,2025-01-28,01500,Oflocee (Ofloxacin) 200mg FML,Oflocee,ยาปฏิชีวนะ/ฆ่าเชื้อ (Antibiotics),No,0,713,146334.43
2025-01,2025,1,2025-01-28,17224,Gastro bismol 524,Gastro-Bismol,ยาเคลือบกระเพาะ/กรดไหลย้อน (Antacids & GI),Yes,0,211,144745.45
2025-01,2025,1,2025-01-28,05942,Clinivate-N Cream 15g BDC,Klenivet,ยาผิวหนังฆ่าเชื้อ/ต้านอักเสบ (Dermatology),No,0,3714,132113.74
2025-01,2025,1,2025-01-28,08921,Cephalexyl-500 Caps/Bl SAP,Cephalexyl,ยาปฏิชีวนะ/ฆ่าเชื้อแบคทีเรีย (Antibiotics),No,0,454,127583.72
2025-01,2025,1,2025-01-28,01094,Glucosa-500mg Cap/Bl BDC,Glucosa,ยาบำรุงข้อกระดูก (Osteoarthritis),Yes,0,471,124250.55
2025-01,2025,1,2025-01-28,00663,CliDecir (Acidclovir) 5g cream BDC,Clidecir,กลุ่มยาและเวชภัณฑ์ทั่วไป (General Health & Others),No,0,7292,113768.66
2025-01,2025,1,2025-01-28,01758,Sporaxyl (Keto) 200mg 1x10Bl BDC,Sporosil,ยาต้านเชื้อรา (Antifungals),No,0,535,96787.11
2025-01,2025,1,2025-01-28,03886,"Goutichin (Colchicin) 0,6mg Tab/Bl FML",Goutichin,กลุ่มยาและเวชภัณฑ์ทั่วไป (General Health & Others),No,0,784,75986.51
2025-01,2025,1,2025-01-28,07777,GiBismol Pink 240ml (Prink) BDC,Gastro-Bismol,ยาเคลือบกระเพาะ/กรดไหลย้อน (Antacids & GI),Yes,0,1032,71346.43
2025-01,2025,1,2025-01-28,00661,Clinivate-N cream 5g BDC,Klenivet,ยาผิวหนังฆ่าเชื้อ/ต้านอักเสบ (Dermatology),No,0,3912,59191.43
2025-01,2025,1,2025-01-28,01012,Fexotine (Fexofenadin) Tab/Bl FML,Fexotine,กลุ่มยาและเวชภัณฑ์ทั่วไป (General Health & Others),No,0,1546,58944.16
2025-01,2025,1,2025-01-28,01091,Glucosa 1500mg Red 30Sach/Box BDC,Glucosa,ยาบำรุงข้อกระดูก (Osteoarthritis),Yes,0,152,55301.54
2025-01,2025,1,2025-01-28,01475,Noraphen 500mg Tab/Bl BDC,Noraphen,ยาแก้ปวด/ต้านการอักเสบ (NSAIDs & Pain Relief),No,0,4700,46084.58
2025-01,2025,1,2025-01-28,01759,Sporaxyl (Keto) cream 5g BDC,Sporosil,ยาต้านเชื้อรา (Antifungals),No,0,2972,45890.7
2025-01,2025,1,2025-01-28,05020,Sporaxyl(Keto) Cream 15g BDC,Sporosil,ยาต้านเชื้อรา (Antifungals),No,0,1644,44004.55
2025-01,2025,1,2025-01-28,03358,Gastrosec (Omeprazole) 20mg BDC,Gastrosec,ยาลดกรดในกระเพาะอาหาร (PPIs & Antacids),No,0,1177,41192.0
2025-01,2025,1,2025-01-28,00664,CliDecir (Acidclovir) 200mg BDC,Clidecir,กลุ่มยาและเวชภัณฑ์ทั่วไป (General Health & Others),No,0,336,37011.84
2025-01,2025,1,2025-01-28,10191,Spascopan 10mg Tab/Bott BDC,Spascopan,ยาบรรเทาอาการปวดเกร็งช่องท้อง (Antispasmodics),No,0,39,34320.0
2025-01,2025,1,2025-01-28,00863,Domper-M domperidone 10mg BDC,Domper-M,ยาช่วยย่อย/ต้านคลื่นไส้อาเจียน (Antiemetics),No,0,5300,30582.88
2025-01,2025,1,2025-01-28,01709,Roxithroxyl 150mg Tab/Bl BDC,Roxithroxyl,กลุ่มยาและเวชภัณฑ์ทั่วไป (General Health & Others),No,0,1380,29907.71
2025-01,2025,1,2025-01-28,03654,Glucosa 1500mg lemon 30Sach/Box BDC,Glucosa,ยาบำรุงข้อกระดูก (Osteoarthritis),Yes,0,79,28440.0
2025-01,2025,1,2025-01-28,05108,CliDecir(Acyclovir) 400mg  BDC,Clideciracyclovir,กลุ่มยาและเวชภัณฑ์ทั่วไป (General Health & Others),No,0,186,27900.0
2025-01,2025,1,2025-01-28,01103,Gynogesic (Dolfenal) 500mg Tab/BL BDC,Gynogesic,ยาแก้ปวดประจำเดือน/กล้ามเนื้อ (Analgesics),No,0,178,26831.39
2025-01,2025,1,2025-01-28,10799,Clenascar  Gel  15g,Clenascar,เวชสำอางดูแลแผลเป็น/สิว (Dermatology & Skincare),Yes,0,147,24993.14
2025-01,2025,1,2025-01-28,02072,Stugin (Cinnariz) 25mg Tab/Bl BDC,Stugin,ยาบรรเทาอาการเวียนศีรษะ/บ้านหมุน (Vertigo & CNS),No,0,4700,24421.51
2025-01,2025,1,2025-01-28,17225,Arotika cool spray 60ml,Arotika,ยาแก้ปวด/กล้ามเนื้อ/ข้อกระดูก (Analgesics & Musculoskeletal),Yes,0,166,24086.09
2025-01,2025,1,2025-01-28,00658,Clinigel (VASELINE) Gel 50g BDC,Clinigel,กลุ่มยาและเวชภัณฑ์ทั่วไป (General Health & Others),No,0,484,21779.72
2025-01,2025,1,2025-01-28,01244,Lorita (Loratadine) 10mg Tab/Bl FML,Lolita,ยาแก้แพ้/ต้านฮิสตามีน (Antihistamines),No,0,261,21429.59
2025-01,2025,1,2025-01-28,00999,Fartussin Tab/Bl 15mg FML,Fartussin,กลุ่มยาและเวชภัณฑ์ทั่วไป (General Health & Others),No,0,231,20784.31
2025-01,2025,1,2025-01-28,01946,Zertin 5mg SP 60ml FML,Zertine,ยาแก้แพ้/ต้านฮิสตามีน (Antihistamines),No,0,506,20601.46
2025-01,2025,1,2025-01-28,14275,Nacoxib 90mg,Nacoxib,ยาแก้ปวด/ต้านการอักเสบ (NSAIDs & Pain Relief),Yes,0,85,20490.57
2025-01,2025,1,2025-01-28,15617,Zenzera Supersion 10ml/Sach,Zenzera,ยาถ่ายพยาธิ (Anthelmintics),Yes,0,216,20103.48
2025-01,2025,1,2025-01-28,03880,Glucocron (Gliclazide 80mg) BDC,Glucocron,ยารักษาโรคเบาหวาน (Antidiabetics),No,0,138,18092.34
2025-01,2025,1,2025-01-28,17226,Tristan (Etoricoxib 90mg),Tristan,ยาแก้ปวด/ต้านการอักเสบ (NSAIDs & Pain Relief),Yes,0,400,18000.0
2025-01,2025,1,2025-01-28,01342,Mucobrox SP 60ml BDC,Mucobrox,กลุ่มยาและเวชภัณฑ์ทั่วไป (General Health & Others),No,0,295,16540.51
2025-01,2025,1,2025-01-28,14106,Anzac fluoxetin HCI 20mg,Anxac,ยาปรับสารเคมีในสมอง/คลายกังวล (Psychotropics),No,0,95,15303.11
2025-01,2025,1,2025-01-28,04220,"Zyno cream 0,1% 15g BDC",Zeno,กลุ่มยาและเวชภัณฑ์ทั่วไป (General Health & Others),No,0,558,13950.0
2025-01,2025,1,2025-01-28,04353,"Capsika-25 (0,025%) Gel 35g Pack/10Tub",Capsika,ยาแก้ปวด/กล้ามเนื้อ/ข้อกระดูก (Analgesics & Musculoskeletal),Yes,0,232,12992.0
2025-01,2025,1,2025-01-28,00581,"Capsika 0,0125% gel 35g BDC",Capsika,ยาแก้ปวด/กล้ามเนื้อ/ข้อกระดูก (Analgesics & Musculoskeletal),Yes,0,260,11704.16
2025-01,2025,1,2025-01-28,05941,Clinivate cream 15g BDC,Klenivet,ยาผิวหนังฆ่าเชื้อ/ต้านอักเสบ (Dermatology),No,0,360,10442.68
2025-01,2025,1,2025-01-28,15712,AROTIKA Rub Lotion 80ml,Arotika,ยาแก้ปวด/กล้ามเนื้อ/ข้อกระดูก (Analgesics & Musculoskeletal),Yes,0,42,9671.34
2025-01,2025,1,2025-01-28,00369,Allerax-Fc 10mg 1000Tab/Bott BDC,Allerlax,ยาแก้แพ้/ต้านฮิสตามีน (Antihistamines),No,0,41,8610.0
2025-01,2025,1,2025-01-28,00662,Clinoderm (Clobetaso) cream 5g BDC,Clinoderm,กลุ่มยาและเวชภัณฑ์ทั่วไป (General Health & Others),No,0,360,8280.0
2025-01,2025,1,2025-01-28,05252,Fango (Clotrimazole) cream 15g BDC,Fango,ยาผิวหนังต้านเชื้อรา/อักเสบ (Dermatology),Yes,0,252,7785.08
2025-01,2025,1,2025-01-28,00996,Fango (Clotrimazol) Cream 5g BDC,Fango,ยาผิวหนังต้านเชื้อรา/อักเสบ (Dermatology),Yes,0,504,7143.53
2025-01,2025,1,2025-01-28,01958,"Zyno cream 0,02% 15g BDC",Zeno,กลุ่มยาและเวชภัณฑ์ทั่วไป (General Health & Others),No,0,246,7052.82
2025-01,2025,1,2025-01-28,00368,Allerax-Fc 10mg 50Bl/Box BDC,Allerlax,ยาแก้แพ้/ต้านฮิสตามีน (Antihistamines),No,0,1500,6764.11
2025-01,2025,1,2025-01-28,01735,Skinfect (Gentamicin) cream 5g BDC,Skinfect,ยาปฏิชีวนะทาแผล/ผิวหนัง (Dermatology),No,0,480,6399.39
2025-01,2025,1,2025-01-28,08449,AROTIKA Rub  15g  BDC,Arotika,ยาแก้ปวด/กล้ามเนื้อ/ข้อกระดูก (Analgesics & Musculoskeletal),Yes,0,200,6397.05
2025-01,2025,1,2025-01-28,17847,Finasteride 1mg 3Bl/Box,Finasteride,ยารักษาต่อมลูกหมาก/ผมร่วง (Urology & Men Health),Yes,0,15,5993.73
2025-01,2025,1,2025-01-28,08450,AROTIKA Rub  35g  BDC,Arotika,ยาแก้ปวด/กล้ามเนื้อ/ข้อกระดูก (Analgesics & Musculoskeletal),Yes,0,90,5772.04
2025-01,2025,1,2025-01-28,00660,Clinivate cream 5g BDC,Klenivet,ยาผิวหนังฆ่าเชื้อ/ต้านอักเสบ (Dermatology),No,0,372,5580.0
2025-01,2025,1,2025-01-28,03519,"Zyno cream 0,1% 5g BDC",Zeno,กลุ่มยาและเวชภัณฑ์ทั่วไป (General Health & Others),No,0,360,5491.8
2025-01,2025,1,2025-01-28,07545,Plaivana  Cream 35g BDC,Plaivana,ยาแก้ปวด/กล้ามเนื้อ/ข้อกระดูก (Analgesics & Musculoskeletal),Yes,0,60,4370.79
2025-01,2025,1,2025-01-28,08452,Arotika cool gel 35g BDC,Arotika,ยาแก้ปวด/กล้ามเนื้อ/ข้อกระดูก (Analgesics & Musculoskeletal),Yes,0,74,3715.67
2025-01,2025,1,2025-01-28,08451,AROTIKA Rub Spray 60ml  BDC,Arotika,ยาแก้ปวด/กล้ามเนื้อ/ข้อกระดูก (Analgesics & Musculoskeletal),Yes,0,24,2400.0
2025-01,2025,1,2025-01-28,01957,"Zyno cream 0,02% 5g BDC",Zeno,กลุ่มยาและเวชภัณฑ์ทั่วไป (General Health & Others),No,0,84,1306.8
2025-01,2025,1,2025-01-28,05946,Diabederm cream 10% 35g (Green) BDC,Diabederm,ยาผิวหนัง/บำรุงผิวแห้งแตก (Dermatology),Yes,0,1,53.0
2025-02,2025,2,2025-02-28,06538,Spascopan(Buscopan)Tab/Bl 10mgBDC,Spascopan,ยาบรรเทาอาการปวดเกร็งช่องท้อง (Antispasmodics),No,0,12160,251609.45
2025-02,2025,2,2025-02-28,01944,Zenzera (Albendazole) 200mg Tab/Bl BDC,Zenzera,ยาถ่ายพยาธิ (Anthelmintics),Yes,0,27891,225391.31
2025-02,2025,2,2025-02-28,07427,Clinimet-400(Cimetidine) Tab/Bl  BDC,Klenimed,ยาลดกรดในกระเพาะอาหาร (Antacids & GI),No,0,9540,196903.25
2025-02,2025,2,2025-02-28,00663,CliDecir (Acidclovir) 5g cream BDC,Clidecir,กลุ่มยาและเวชภัณฑ์ทั่วไป (General Health & Others),No,0,12396,187798.82
2025-02,2025,2,2025-02-28,08921,Cephalexyl-500 Caps/Bl SAP,Cephalexyl,ยาปฏิชีวนะ/ฆ่าเชื้อแบคทีเรีย (Antibiotics),No,0,537,148797.34
2025-02,2025,2,2025-02-28,00644,Ciproxyl 500mg Tab/Bl FML,Ciprocin,ยาปฏิชีวนะ/ฆ่าเชื้อทางเดินปัสสาวะ (Antibiotics),No,0,607,141987.61
2025-02,2025,2,2025-02-28,01947,Zertine 10mg Tab/Bl FML,Zertine,ยาแก้แพ้/ต้านฮิสตามีน (Antihistamines),No,0,1820,139107.87
2025-02,2025,2,2025-02-28,07777,GiBismol Pink 240ml (Prink) BDC,Gastro-Bismol,ยาเคลือบกระเพาะ/กรดไหลย้อน (Antacids & GI),Yes,0,1813,123196.22
2025-02,2025,2,2025-02-28,00863,Domper-M domperidone 10mg BDC,Domper-M,ยาช่วยย่อย/ต้านคลื่นไส้อาเจียน (Antiemetics),No,0,18100,117984.45
2025-02,2025,2,2025-02-28,01758,Sporaxyl (Keto) 200mg 1x10Bl BDC,Sporosil,ยาต้านเชื้อรา (Antifungals),No,0,614,111361.24
2025-02,2025,2,2025-02-28,14275,Nacoxib 90mg,Nacoxib,ยาแก้ปวด/ต้านการอักเสบ (NSAIDs & Pain Relief),Yes,0,440,105600.0
2025-02,2025,2,2025-02-28,18544,Clena TM EX (Anti melasma) 15g,Clenascar,เวชสำอางดูแลแผลเป็น/สิว (Dermatology & Skincare),Yes,0,576,103693.5
2025-02,2025,2,2025-02-28,00661,Clinivate-N cream 5g BDC,Klenivet,ยาผิวหนังฆ่าเชื้อ/ต้านอักเสบ (Dermatology),No,0,5724,89654.34
2025-02,2025,2,2025-02-28,01091,Glucosa 1500mg Red 30Sach/Box BDC,Glucosa,ยาบำรุงข้อกระดูก (Osteoarthritis),Yes,0,233,83538.55
2025-02,2025,2,2025-02-28,05942,Clinivate-N Cream 15g BDC,Klenivet,ยาผิวหนังฆ่าเชื้อ/ต้านอักเสบ (Dermatology),No,0,2316,78712.32
2025-02,2025,2,2025-02-28,03886,"Goutichin (Colchicin) 0,6mg Tab/Bl FML",Goutichin,กลุ่มยาและเวชภัณฑ์ทั่วไป (General Health & Others),No,0,599,58812.33
2025-02,2025,2,2025-02-28,01012,Fexotine (Fexofenadin) Tab/Bl FML,Fexotine,กลุ่มยาและเวชภัณฑ์ทั่วไป (General Health & Others),No,0,1522,58230.08
2025-02,2025,2,2025-02-28,01500,Oflocee (Ofloxacin) 200mg FML,Oflocee,ยาปฏิชีวนะ/ฆ่าเชื้อ (Antibiotics),No,0,267,53560.32
2025-02,2025,2,2025-02-28,01094,Glucosa-500mg Cap/Bl BDC,Glucosa,ยาบำรุงข้อกระดูก (Osteoarthritis),Yes,0,202,52724.38
2025-02,2025,2,2025-02-28,01475,Noraphen 500mg Tab/Bl BDC,Noraphen,ยาแก้ปวด/ต้านการอักเสบ (NSAIDs & Pain Relief),No,0,5310,52165.43
2025-02,2025,2,2025-02-28,01759,Sporaxyl (Keto) cream 5g BDC,Sporosil,ยาต้านเชื้อรา (Antifungals),No,0,3324,50508.47
2025-02,2025,2,2025-02-28,01244,Lorita (Loratadine) 10mg Tab/Bl FML,Lolita,ยาแก้แพ้/ต้านฮิสตามีน (Antihistamines),No,0,463,39622.81
2025-02,2025,2,2025-02-28,05108,CliDecir(Acyclovir) 400mg  BDC,Clideciracyclovir,กลุ่มยาและเวชภัณฑ์ทั่วไป (General Health & Others),No,0,254,38097.21
2025-02,2025,2,2025-02-28,03358,Gastrosec (Omeprazole) 20mg BDC,Gastrosec,ยาลดกรดในกระเพาะอาหาร (PPIs & Antacids),No,0,1040,35767.03
2025-02,2025,2,2025-02-28,03654,Glucosa 1500mg lemon 30Sach/Box BDC,Glucosa,ยาบำรุงข้อกระดูก (Osteoarthritis),Yes,0,99,35640.0
2025-02,2025,2,2025-02-28,01709,Roxithroxyl 150mg Tab/Bl BDC,Roxithroxyl,กลุ่มยาและเวชภัณฑ์ทั่วไป (General Health & Others),No,0,1530,32885.0
2025-02,2025,2,2025-02-28,17101,Prozeus 15 30sach,Prozeus,โปรตีนและโภชนาการเสริม (Nutritional Supplements),Yes,0,36,29520.0
2025-02,2025,2,2025-02-28,17224,Gastro bismol 524,Gastro-Bismol,ยาเคลือบกระเพาะ/กรดไหลย้อน (Antacids & GI),Yes,0,59,29511.68
2025-02,2025,2,2025-02-28,02072,Stugin (Cinnariz) 25mg Tab/Bl BDC,Stugin,ยาบรรเทาอาการเวียนศีรษะ/บ้านหมุน (Vertigo & CNS),No,0,5560,28582.65
2025-02,2025,2,2025-02-28,14106,Anzac fluoxetin HCI 20mg,Anxac,ยาปรับสารเคมีในสมอง/คลายกังวล (Psychotropics),No,0,140,25785.95
2025-02,2025,2,2025-02-28,10799,Clenascar  Gel  15g,Clenascar,เวชสำอางดูแลแผลเป็น/สิว (Dermatology & Skincare),Yes,0,141,23970.0
2025-02,2025,2,2025-02-28,01103,Gynogesic (Dolfenal) 500mg Tab/BL BDC,Gynogesic,ยาแก้ปวดประจำเดือน/กล้ามเนื้อ (Analgesics),No,0,157,23804.72
2025-02,2025,2,2025-02-28,00664,CliDecir (Acidclovir) 200mg BDC,Clidecir,กลุ่มยาและเวชภัณฑ์ทั่วไป (General Health & Others),No,0,232,23191.01
2025-02,2025,2,2025-02-28,10191,Spascopan 10mg Tab/Bott BDC,Spascopan,ยาบรรเทาอาการปวดเกร็งช่องท้อง (Antispasmodics),No,0,25,22000.0
2025-02,2025,2,2025-02-28,01946,Zertin 5mg SP 60ml FML,Zertine,ยาแก้แพ้/ต้านฮิสตามีน (Antihistamines),No,0,521,20841.5
2025-02,2025,2,2025-02-28,00658,Clinigel (VASELINE) Gel 50g BDC,Clinigel,กลุ่มยาและเวชภัณฑ์ทั่วไป (General Health & Others),No,0,319,17322.95
2025-02,2025,2,2025-02-28,00662,Clinoderm (Clobetaso) cream 5g BDC,Clinoderm,กลุ่มยาและเวชภัณฑ์ทั่วไป (General Health & Others),No,0,678,15606.9
2025-02,2025,2,2025-02-28,05020,Sporaxyl(Keto) Cream 15g BDC,Sporosil,ยาต้านเชื้อรา (Antifungals),No,0,528,14140.55
2025-02,2025,2,2025-02-28,06243,Diabederm cream 20% 35g (Blue) BDC,Diabederm,ยาผิวหนัง/บำรุงผิวแห้งแตก (Dermatology),Yes,0,200,13000.0
2025-02,2025,2,2025-02-28,04220,"Zyno cream 0,1% 15g BDC",Zeno,กลุ่มยาและเวชภัณฑ์ทั่วไป (General Health & Others),No,0,516,12900.0
2025-02,2025,2,2025-02-28,00999,Fartussin Tab/Bl 15mg FML,Fartussin,กลุ่มยาและเวชภัณฑ์ทั่วไป (General Health & Others),No,0,143,12870.0
2025-02,2025,2,2025-02-28,15617,Zenzera Supersion 10ml/Sach,Zenzera,ยาถ่ายพยาธิ (Anthelmintics),Yes,0,114,10622.92
2025-02,2025,2,2025-02-28,05946,Diabederm cream 10% 35g (Green) BDC,Diabederm,ยาผิวหนัง/บำรุงผิวแห้งแตก (Dermatology),Yes,0,195,10335.0
2025-02,2025,2,2025-02-28,08450,AROTIKA Rub  35g  BDC,Arotika,ยาแก้ปวด/กล้ามเนื้อ/ข้อกระดูก (Analgesics & Musculoskeletal),Yes,0,146,9352.0
2025-02,2025,2,2025-02-28,01735,Skinfect (Gentamicin) cream 5g BDC,Skinfect,ยาปฏิชีวนะทาแผล/ผิวหนัง (Dermatology),No,0,684,9221.13
2025-02,2025,2,2025-02-28,18238,CliDecir-800mg 7Bl/Box TH,Clidecir800Mg,กลุ่มยาและเวชภัณฑ์ทั่วไป (General Health & Others),No,0,32,9120.0
2025-02,2025,2,2025-02-28,17226,Tristan (Etoricoxib 90mg),Tristan,ยาแก้ปวด/ต้านการอักเสบ (NSAIDs & Pain Relief),Yes,0,200,8994.41
2025-02,2025,2,2025-02-28,05941,Clinivate cream 15g BDC,Klenivet,ยาผิวหนังฆ่าเชื้อ/ต้านอักเสบ (Dermatology),No,0,264,7656.01
2025-02,2025,2,2025-02-28,17100,Prozeus 15 10sach,Prozeus,โปรตีนและโภชนาการเสริม (Nutritional Supplements),Yes,0,25,7500.0
2025-02,2025,2,2025-02-28,00368,Allerax-Fc 10mg 50Bl/Box BDC,Allerlax,ยาแก้แพ้/ต้านฮิสตามีน (Antihistamines),No,0,1500,6750.0
2025-02,2025,2,2025-02-28,01958,"Zyno cream 0,02% 15g BDC",Zeno,กลุ่มยาและเวชภัณฑ์ทั่วไป (General Health & Others),No,0,216,6197.54
2025-02,2025,2,2025-02-28,04353,"Capsika-25 (0,025%) Gel 35g Pack/10Tub",Capsika,ยาแก้ปวด/กล้ามเนื้อ/ข้อกระดูก (Analgesics & Musculoskeletal),Yes,0,101,5650.78
2025-02,2025,2,2025-02-28,18610,Precius (Pregabalin) 75mg 6Bl/Box,Precius,ยารักษาอาการปวดเส้นประสาท (Neuropathic Pain),Yes,0,10,4950.0
2025-02,2025,2,2025-02-28,03880,Glucocron (Gliclazide 80mg) BDC,Glucocron,ยารักษาโรคเบาหวาน (Antidiabetics),No,0,35,4725.0
2025-02,2025,2,2025-02-28,02020,Capsika-25 lotion spray 100ml,Capsika,ยาแก้ปวด/กล้ามเนื้อ/ข้อกระดูก (Analgesics & Musculoskeletal),Yes,0,34,4480.0
2025-02,2025,2,2025-02-28,17847,Finasteride 1mg 3Bl/Box,Finasteride,ยารักษาต่อมลูกหมาก/ผมร่วง (Urology & Men Health),Yes,0,11,4400.0
2025-02,2025,2,2025-02-28,18422,Hepivir (Hepatitis  B) entecavir 0.5mg 3Bl/Box TH,Hepivir,ยาต้านไวรัสตับอักเสบ (Antivirals & Hepatology),Yes,0,6,4080.0
2025-02,2025,2,2025-02-28,07545,Plaivana  Cream 35g BDC,Plaivana,ยาแก้ปวด/กล้ามเนื้อ/ข้อกระดูก (Analgesics & Musculoskeletal),Yes,0,56,3808.0
2025-02,2025,2,2025-02-28,00369,Allerax-Fc 10mg 1000Tab/Bott BDC,Allerlax,ยาแก้แพ้/ต้านฮิสตามีน (Antihistamines),No,0,17,3579.81
2025-02,2025,2,2025-02-28,01342,Mucobrox SP 60ml BDC,Mucobrox,กลุ่มยาและเวชภัณฑ์ทั่วไป (General Health & Others),No,0,70,3499.07
2025-02,2025,2,2025-02-28,00996,Fango (Clotrimazol) Cream 5g BDC,Fango,ยาผิวหนังต้านเชื้อรา/อักเสบ (Dermatology),Yes,0,240,3431.1
2025-02,2025,2,2025-02-28,05252,Fango (Clotrimazole) cream 15g BDC,Fango,ยาผิวหนังต้านเชื้อรา/อักเสบ (Dermatology),Yes,0,120,3399.6
2025-02,2025,2,2025-02-28,00660,Clinivate cream 5g BDC,Klenivet,ยาผิวหนังฆ่าเชื้อ/ต้านอักเสบ (Dermatology),No,0,204,3179.06
2025-02,2025,2,2025-02-28,07539,Plaivana Cream  15g  BDC,Plaivana,ยาแก้ปวด/กล้ามเนื้อ/ข้อกระดูก (Analgesics & Musculoskeletal),Yes,0,66,2642.25
2025-02,2025,2,2025-02-28,08452,Arotika cool gel 35g BDC,Arotika,ยาแก้ปวด/กล้ามเนื้อ/ข้อกระดูก (Analgesics & Musculoskeletal),Yes,0,50,2500.0
2025-02,2025,2,2025-02-28,00873,Doxyl cap (Doxycillin) 100mg Cap/Bl BDC,Doxyl,กลุ่มยาและเวชภัณฑ์ทั่วไป (General Health & Others),No,0,150,2372.5
2025-02,2025,2,2025-02-28,17225,Arotika cool spray 60ml,Arotika,ยาแก้ปวด/กล้ามเนื้อ/ข้อกระดูก (Analgesics & Musculoskeletal),Yes,0,15,2175.0
2025-02,2025,2,2025-02-28,08451,AROTIKA Rub Spray 60ml  BDC,Arotika,ยาแก้ปวด/กล้ามเนื้อ/ข้อกระดูก (Analgesics & Musculoskeletal),Yes,0,20,2000.0
2025-02,2025,2,2025-02-28,00581,"Capsika 0,0125% gel 35g BDC",Capsika,ยาแก้ปวด/กล้ามเนื้อ/ข้อกระดูก (Analgesics & Musculoskeletal),Yes,0,20,900.0
2025-02,2025,2,2025-02-28,03519,"Zyno cream 0,1% 5g BDC",Zeno,กลุ่มยาและเวชภัณฑ์ทั่วไป (General Health & Others),No,0,12,180.0
2025-02,2025,2,2025-02-28,01957,"Zyno cream 0,02% 5g BDC",Zeno,กลุ่มยาและเวชภัณฑ์ทั่วไป (General Health & Others),No,0,12,180.0
2025-02,2025,2,2025-02-28,15712,AROTIKA Rub Lotion 80ml,Arotika,ยาแก้ปวด/กล้ามเนื้อ/ข้อกระดูก (Analgesics & Musculoskeletal),Yes,0,32,0.0
2025-02,2025,2,2025-02-28,18579,(Free) Hepivir (Hepatitis B) entecavir 0.5mg 3Bl/Box TH,Hepivir,ยาต้านไวรัสตับอักเสบ (Antivirals & Hepatology),Yes,0,16,0.0
2025-02,2025,2,2025-02-28,18581,(Free) Finasteride 1mg 3Bl/Box,Finasteride,ยารักษาต่อมลูกหมาก/ผมร่วง (Urology & Men Health),Yes,0,10,0.0
2025-02,2025,2,2025-02-28,18575,(Free) Glucosa 1500mg Red 30Sach/Box BDC,Glucosa,ยาบำรุงข้อกระดูก (Osteoarthritis),Yes,0,17,0.0
2025-02,2025,2,2025-02-28,18576,(Free) Sporaxyl (Ketoconasol) cream 15g BDC,Sporosil,ยาต้านเชื้อรา (Antifungals),No,0,1,0.0
2025-02,2025,2,2025-02-28,18577,(Free) Gastro bismol 524,Gastro-Bismol,ยาเคลือบกระเพาะ/กรดไหลย้อน (Antacids & GI),Yes,0,18,0.0
2025-02,2025,2,2025-02-28,18578,(Free) Capsika-25 lotion spong pak 80ml,Capsika,ยาแก้ปวด/กล้ามเนื้อ/ข้อกระดูก (Analgesics & Musculoskeletal),Yes,0,12,0.0
2025-03,2025,3,2025-03-28,06538,Spascopan(Buscopan)Tab/Bl 10mgBDC,Spascopan,ยาบรรเทาอาการปวดเกร็งช่องท้อง (Antispasmodics),No,0,21150,458744.12
2025-03,2025,3,2025-03-28,00663,CliDecir (Acidclovir) 5g cream BDC,Clidecir,กลุ่มยาและเวชภัณฑ์ทั่วไป (General Health & Others),No,0,15346,234664.77
2025-03,2025,3,2025-03-28,01947,Zertine 10mg Tab/Bl FML,Zertine,ยาแก้แพ้/ต้านฮิสตามีน (Antihistamines),No,0,2992,226514.82
2025-03,2025,3,2025-03-28,01944,Zenzera (Albendazole) 200mg Tab/Bl BDC,Zenzera,ยาถ่ายพยาธิ (Anthelmintics),Yes,0,20504,166771.7
2025-03,2025,3,2025-03-28,01094,Glucosa-500mg Cap/Bl BDC,Glucosa,ยาบำรุงข้อกระดูก (Osteoarthritis),Yes,0,530,139639.36
2025-03,2025,3,2025-03-28,07427,Clinimet-400(Cimetidine) Tab/Bl  BDC,Klenimed,ยาลดกรดในกระเพาะอาหาร (Antacids & GI),No,0,7360,134358.68
2025-03,2025,3,2025-03-28,00644,Ciproxyl 500mg Tab/Bl FML,Ciprocin,ยาปฏิชีวนะ/ฆ่าเชื้อทางเดินปัสสาวะ (Antibiotics),No,0,586,133383.48
2025-03,2025,3,2025-03-28,08921,Cephalexyl-500 Caps/Bl SAP,Cephalexyl,ยาปฏิชีวนะ/ฆ่าเชื้อแบคทีเรีย (Antibiotics),No,0,471,130550.75
2025-03,2025,3,2025-03-28,07777,GiBismol Pink 240ml (Prink) BDC,Gastro-Bismol,ยาเคลือบกระเพาะ/กรดไหลย้อน (Antacids & GI),Yes,0,1532,104326.54
2025-03,2025,3,2025-03-28,01758,Sporaxyl (Keto) 200mg 1x10Bl BDC,Sporosil,ยาต้านเชื้อรา (Antifungals),No,0,541,98178.7
2025-03,2025,3,2025-03-28,05942,Clinivate-N Cream 15g BDC,Klenivet,ยาผิวหนังฆ่าเชื้อ/ต้านอักเสบ (Dermatology),No,0,2490,84659.36
2025-03,2025,3,2025-03-28,03886,"Goutichin (Colchicin) 0,6mg Tab/Bl FML",Goutichin,กลุ่มยาและเวชภัณฑ์ทั่วไป (General Health & Others),No,0,841,83433.0
2025-03,2025,3,2025-03-28,14275,Nacoxib 90mg,Nacoxib,ยาแก้ปวด/ต้านการอักเสบ (NSAIDs & Pain Relief),Yes,0,341,81840.0
2025-03,2025,3,2025-03-28,01500,Oflocee (Ofloxacin) 200mg FML,Oflocee,ยาปฏิชีวนะ/ฆ่าเชื้อ (Antibiotics),No,0,296,62938.45
2025-03,2025,3,2025-03-28,01759,Sporaxyl (Keto) cream 5g BDC,Sporosil,ยาต้านเชื้อรา (Antifungals),No,0,4015,60561.74
2025-03,2025,3,2025-03-28,00661,Clinivate-N cream 5g BDC,Klenivet,ยาผิวหนังฆ่าเชื้อ/ต้านอักเสบ (Dermatology),No,0,4020,60227.12
2025-03,2025,3,2025-03-28,01012,Fexotine (Fexofenadin) Tab/Bl FML,Fexotine,กลุ่มยาและเวชภัณฑ์ทั่วไป (General Health & Others),No,0,1522,58429.16
2025-03,2025,3,2025-03-28,01091,Glucosa 1500mg Red 30Sach/Box BDC,Glucosa,ยาบำรุงข้อกระดูก (Osteoarthritis),Yes,0,157,56520.0
2025-03,2025,3,2025-03-28,05108,CliDecir(Acyclovir) 400mg  BDC,Clideciracyclovir,กลุ่มยาและเวชภัณฑ์ทั่วไป (General Health & Others),No,0,313,47896.32
2025-03,2025,3,2025-03-28,02072,Stugin (Cinnariz) 25mg Tab/Bl BDC,Stugin,ยาบรรเทาอาการเวียนศีรษะ/บ้านหมุน (Vertigo & CNS),No,0,6860,34060.9
2025-03,2025,3,2025-03-28,18422,Hepivir (Hepatitis  B) entecavir 0.5mg 3Bl/Box TH,Hepivir,ยาต้านไวรัสตับอักเสบ (Antivirals & Hepatology),Yes,0,50,34000.0
2025-03,2025,3,2025-03-28,00664,CliDecir (Acidclovir) 200mg BDC,Clidecir,กลุ่มยาและเวชภัณฑ์ทั่วไป (General Health & Others),No,0,318,33972.16
2025-03,2025,3,2025-03-28,00999,Fartussin Tab/Bl 15mg FML,Fartussin,กลุ่มยาและเวชภัณฑ์ทั่วไป (General Health & Others),No,0,375,33750.0
2025-03,2025,3,2025-03-28,18610,Precius (Pregabalin) 75mg 6Bl/Box,Precius,ยารักษาอาการปวดเส้นประสาท (Neuropathic Pain),Yes,0,66,32670.0
2025-03,2025,3,2025-03-28,03654,Glucosa 1500mg lemon 30Sach/Box BDC,Glucosa,ยาบำรุงข้อกระดูก (Osteoarthritis),Yes,0,90,32400.0
2025-03,2025,3,2025-03-28,01709,Roxithroxyl 150mg Tab/Bl BDC,Roxithroxyl,กลุ่มยาและเวชภัณฑ์ทั่วไป (General Health & Others),No,0,1470,32210.23
2025-03,2025,3,2025-03-28,05020,Sporaxyl(Keto) Cream 15g BDC,Sporosil,ยาต้านเชื้อรา (Antifungals),No,0,1128,30083.26
2025-03,2025,3,2025-03-28,01475,Noraphen 500mg Tab/Bl BDC,Noraphen,ยาแก้ปวด/ต้านการอักเสบ (NSAIDs & Pain Relief),No,0,2900,28631.47
2025-03,2025,3,2025-03-28,01946,Zertin 5mg SP 60ml FML,Zertine,ยาแก้แพ้/ต้านฮิสตามีน (Antihistamines),No,0,587,23479.5
2025-03,2025,3,2025-03-28,00662,Clinoderm (Clobetaso) cream 5g BDC,Clinoderm,กลุ่มยาและเวชภัณฑ์ทั่วไป (General Health & Others),No,0,858,19805.76
2025-03,2025,3,2025-03-28,14106,Anzac fluoxetin HCI 20mg,Anxac,ยาปรับสารเคมีในสมอง/คลายกังวล (Psychotropics),No,0,115,18442.3
2025-03,2025,3,2025-03-28,00658,Clinigel (VASELINE) Gel 50g BDC,Clinigel,กลุ่มยาและเวชภัณฑ์ทั่วไป (General Health & Others),No,0,394,18342.48
2025-03,2025,3,2025-03-28,18238,CliDecir-800mg 7Bl/Box TH,Clidecir800Mg,กลุ่มยาและเวชภัณฑ์ทั่วไป (General Health & Others),No,0,64,18240.0
2025-03,2025,3,2025-03-28,01103,Gynogesic (Dolfenal) 500mg Tab/BL BDC,Gynogesic,ยาแก้ปวดประจำเดือน/กล้ามเนื้อ (Analgesics),No,0,113,17550.0
2025-03,2025,3,2025-03-28,03358,Gastrosec (Omeprazole) 20mg BDC,Gastrosec,ยาลดกรดในกระเพาะอาหาร (PPIs & Antacids),No,0,446,15633.88
2025-03,2025,3,2025-03-28,03880,Glucocron (Gliclazide 80mg) BDC,Glucocron,ยารักษาโรคเบาหวาน (Antidiabetics),No,0,112,15120.0
2025-03,2025,3,2025-03-28,17225,Arotika cool spray 60ml,Arotika,ยาแก้ปวด/กล้ามเนื้อ/ข้อกระดูก (Analgesics & Musculoskeletal),Yes,0,90,13050.0
2025-03,2025,3,2025-03-28,17100,Prozeus 15 10sach,Prozeus,โปรตีนและโภชนาการเสริม (Nutritional Supplements),Yes,0,42,12600.0
2025-03,2025,3,2025-03-28,17226,Tristan (Etoricoxib 90mg),Tristan,ยาแก้ปวด/ต้านการอักเสบ (NSAIDs & Pain Relief),Yes,0,260,11700.0
2025-03,2025,3,2025-03-28,15617,Zenzera Supersion 10ml/Sach,Zenzera,ยาถ่ายพยาธิ (Anthelmintics),Yes,0,108,10044.0
2025-03,2025,3,2025-03-28,17847,Finasteride 1mg 3Bl/Box,Finasteride,ยารักษาต่อมลูกหมาก/ผมร่วง (Urology & Men Health),Yes,0,25,10000.0
2025-03,2025,3,2025-03-28,01958,"Zyno cream 0,02% 15g BDC",Zeno,กลุ่มยาและเวชภัณฑ์ทั่วไป (General Health & Others),No,0,348,9977.16
2025-03,2025,3,2025-03-28,04220,"Zyno cream 0,1% 15g BDC",Zeno,กลุ่มยาและเวชภัณฑ์ทั่วไป (General Health & Others),No,0,396,9900.0
2025-03,2025,3,2025-03-28,01244,Lorita (Loratadine) 10mg Tab/Bl FML,Lolita,ยาแก้แพ้/ต้านฮิสตามีน (Antihistamines),No,0,115,9480.84
2025-03,2025,3,2025-03-28,08451,AROTIKA Rub Spray 60ml  BDC,Arotika,ยาแก้ปวด/กล้ามเนื้อ/ข้อกระดูก (Analgesics & Musculoskeletal),Yes,0,89,8906.21
2025-03,2025,3,2025-03-28,00863,Domper-M domperidone 10mg BDC,Domper-M,ยาช่วยย่อย/ต้านคลื่นไส้อาเจียน (Antiemetics),No,0,1450,8528.0
2025-03,2025,3,2025-03-28,01735,Skinfect (Gentamicin) cream 5g BDC,Skinfect,ยาปฏิชีวนะทาแผล/ผิวหนัง (Dermatology),No,0,528,7037.99
2025-03,2025,3,2025-03-28,05252,Fango (Clotrimazole) cream 15g BDC,Fango,ยาผิวหนังต้านเชื้อรา/อักเสบ (Dermatology),Yes,0,198,6296.06
2025-03,2025,3,2025-03-28,02020,Capsika-25 lotion spray 100ml,Capsika,ยาแก้ปวด/กล้ามเนื้อ/ข้อกระดูก (Analgesics & Musculoskeletal),Yes,0,37,5929.94
2025-03,2025,3,2025-03-28,05946,Diabederm cream 10% 35g (Green) BDC,Diabederm,ยาผิวหนัง/บำรุงผิวแห้งแตก (Dermatology),Yes,0,100,5448.4
2025-03,2025,3,2025-03-28,00581,"Capsika 0,0125% gel 35g BDC",Capsika,ยาแก้ปวด/กล้ามเนื้อ/ข้อกระดูก (Analgesics & Musculoskeletal),Yes,0,120,5400.0
2025-03,2025,3,2025-03-28,03519,"Zyno cream 0,1% 5g BDC",Zeno,กลุ่มยาและเวชภัณฑ์ทั่วไป (General Health & Others),No,0,252,5143.5
2025-03,2025,3,2025-03-28,00369,Allerax-Fc 10mg 1000Tab/Bott BDC,Allerlax,ยาแก้แพ้/ต้านฮิสตามีน (Antihistamines),No,0,24,5040.0
2025-03,2025,3,2025-03-28,01342,Mucobrox SP 60ml BDC,Mucobrox,กลุ่มยาและเวชภัณฑ์ทั่วไป (General Health & Others),No,0,94,4700.0
2025-03,2025,3,2025-03-28,07545,Plaivana  Cream 35g BDC,Plaivana,ยาแก้ปวด/กล้ามเนื้อ/ข้อกระดูก (Analgesics & Musculoskeletal),Yes,0,64,4547.84
2025-03,2025,3,2025-03-28,17224,Gastro bismol 524,Gastro-Bismol,ยาเคลือบกระเพาะ/กรดไหลย้อน (Antacids & GI),Yes,0,7,4100.0
2025-03,2025,3,2025-03-28,08452,Arotika cool gel 35g BDC,Arotika,ยาแก้ปวด/กล้ามเนื้อ/ข้อกระดูก (Analgesics & Musculoskeletal),Yes,0,80,4000.0
2025-03,2025,3,2025-03-28,08450,AROTIKA Rub  35g  BDC,Arotika,ยาแก้ปวด/กล้ามเนื้อ/ข้อกระดูก (Analgesics & Musculoskeletal),Yes,0,58,3712.0
2025-03,2025,3,2025-03-28,00368,Allerax-Fc 10mg 50Bl/Box BDC,Allerlax,ยาแก้แพ้/ต้านฮิสตามีน (Antihistamines),No,0,550,3082.5
2025-03,2025,3,2025-03-28,01957,"Zyno cream 0,02% 5g BDC",Zeno,กลุ่มยาและเวชภัณฑ์ทั่วไป (General Health & Others),No,0,170,2740.8
2025-03,2025,3,2025-03-28,00996,Fango (Clotrimazol) Cream 5g BDC,Fango,ยาผิวหนังต้านเชื้อรา/อักเสบ (Dermatology),Yes,0,186,2713.2
2025-03,2025,3,2025-03-28,07539,Plaivana Cream  15g  BDC,Plaivana,ยาแก้ปวด/กล้ามเนื้อ/ข้อกระดูก (Analgesics & Musculoskeletal),Yes,0,63,2520.0
2025-03,2025,3,2025-03-28,06243,Diabederm cream 20% 35g (Blue) BDC,Diabederm,ยาผิวหนัง/บำรุงผิวแห้งแตก (Dermatology),Yes,0,36,2340.0
2025-03,2025,3,2025-03-28,04353,"Capsika-25 (0,025%) Gel 35g Pack/10Tub",Capsika,ยาแก้ปวด/กล้ามเนื้อ/ข้อกระดูก (Analgesics & Musculoskeletal),Yes,0,21,1340.62
2025-03,2025,3,2025-03-28,05941,Clinivate cream 15g BDC,Klenivet,ยาผิวหนังฆ่าเชื้อ/ต้านอักเสบ (Dermatology),No,0,24,695.46
2025-03,2025,3,2025-03-28,15712,AROTIKA Rub Lotion 80ml,Arotika,ยาแก้ปวด/กล้ามเนื้อ/ข้อกระดูก (Analgesics & Musculoskeletal),Yes,0,2,460.0
2025-03,2025,3,2025-03-28,05943,Clinoderm Cream 15g BDC,Clinoderm,กลุ่มยาและเวชภัณฑ์ทั่วไป (General Health & Others),No,0,1,37.5
2025-03,2025,3,2025-03-28,18579,(Free) Hepivir (Hepatitis B) entecavir 0.5mg 3Bl/Box TH,Hepivir,ยาต้านไวรัสตับอักเสบ (Antivirals & Hepatology),Yes,0,25,0.0
2025-03,2025,3,2025-03-28,18642,(Free) Precius (Pregabalin) 75mg 6Bl/Box,Precius,ยารักษาอาการปวดเส้นประสาท (Neuropathic Pain),Yes,0,2,0.0
2025-03,2025,3,2025-03-28,18575,(Free) Glucosa 1500mg Red 30Sach/Box BDC,Glucosa,ยาบำรุงข้อกระดูก (Osteoarthritis),Yes,0,9,0.0
2025-03,2025,3,2025-03-28,18578,(Free) Capsika-25 lotion spong pak 80ml,Capsika,ยาแก้ปวด/กล้ามเนื้อ/ข้อกระดูก (Analgesics & Musculoskeletal),Yes,0,1,0.0
2025-04,2025,4,2025-04-28,01944,Zenzera (Albendazole) 200mg Tab/Bl BDC,Zenzera,ยาถ่ายพยาธิ (Anthelmintics),Yes,0,38045,308047.19
2025-04,2025,4,2025-04-28,06538,Spascopan(Buscopan)Tab/Bl 10mgBDC,Spascopan,ยาบรรเทาอาการปวดเกร็งช่องท้อง (Antispasmodics),No,0,13740,279336.78
2025-04,2025,4,2025-04-28,00663,CliDecir (Acidclovir) 5g cream BDC,Clidecir,กลุ่มยาและเวชภัณฑ์ทั่วไป (General Health & Others),No,0,12160,182902.45
2025-04,2025,4,2025-04-28,00644,Ciproxyl 500mg Tab/Bl FML,Ciprocin,ยาปฏิชีวนะ/ฆ่าเชื้อทางเดินปัสสาวะ (Antibiotics),No,0,792,169744.63
2025-04,2025,4,2025-04-28,01947,Zertine 10mg Tab/Bl FML,Zertine,ยาแก้แพ้/ต้านฮิสตามีน (Antihistamines),No,0,2000,150255.46
2025-04,2025,4,2025-04-28,08921,Cephalexyl-500 Caps/Bl SAP,Cephalexyl,ยาปฏิชีวนะ/ฆ่าเชื้อแบคทีเรีย (Antibiotics),No,0,481,134740.11
2025-04,2025,4,2025-04-28,01500,Oflocee (Ofloxacin) 200mg FML,Oflocee,ยาปฏิชีวนะ/ฆ่าเชื้อ (Antibiotics),No,0,613,130151.88
2025-04,2025,4,2025-04-28,05942,Clinivate-N Cream 15g BDC,Klenivet,ยาผิวหนังฆ่าเชื้อ/ต้านอักเสบ (Dermatology),No,0,3821,129868.26
2025-04,2025,4,2025-04-28,01758,Sporaxyl (Keto) 200mg 1x10Bl BDC,Sporosil,ยาต้านเชื้อรา (Antifungals),No,0,608,111863.68
2025-04,2025,4,2025-04-28,07427,Clinimet-400(Cimetidine) Tab/Bl  BDC,Klenimed,ยาลดกรดในกระเพาะอาหาร (Antacids & GI),No,0,7020,110641.0
2025-04,2025,4,2025-04-28,01759,Sporaxyl (Keto) cream 5g BDC,Sporosil,ยาต้านเชื้อรา (Antifungals),No,0,6888,104405.01
2025-04,2025,4,2025-04-28,07777,GiBismol Pink 240ml (Prink) BDC,Gastro-Bismol,ยาเคลือบกระเพาะ/กรดไหลย้อน (Antacids & GI),Yes,0,1438,98440.57
2025-04,2025,4,2025-04-28,01094,Glucosa-500mg Cap/Bl BDC,Glucosa,ยาบำรุงข้อกระดูก (Osteoarthritis),Yes,0,287,76376.53
2025-04,2025,4,2025-04-28,00661,Clinivate-N cream 5g BDC,Klenivet,ยาผิวหนังฆ่าเชื้อ/ต้านอักเสบ (Dermatology),No,0,4620,71398.0
2025-04,2025,4,2025-04-28,03886,"Goutichin (Colchicin) 0,6mg Tab/Bl FML",Goutichin,กลุ่มยาและเวชภัณฑ์ทั่วไป (General Health & Others),No,0,722,70163.95
2025-04,2025,4,2025-04-28,01091,Glucosa 1500mg Red 30Sach/Box BDC,Glucosa,ยาบำรุงข้อกระดูก (Osteoarthritis),Yes,0,193,67557.67
2025-04,2025,4,2025-04-28,05108,CliDecir(Acyclovir) 400mg  BDC,Clideciracyclovir,กลุ่มยาและเวชภัณฑ์ทั่วไป (General Health & Others),No,0,422,63300.0
2025-04,2025,4,2025-04-28,01475,Noraphen 500mg Tab/Bl BDC,Noraphen,ยาแก้ปวด/ต้านการอักเสบ (NSAIDs & Pain Relief),No,0,5550,54528.94
2025-04,2025,4,2025-04-28,14275,Nacoxib 90mg,Nacoxib,ยาแก้ปวด/ต้านการอักเสบ (NSAIDs & Pain Relief),Yes,0,180,43185.41
2025-04,2025,4,2025-04-28,01012,Fexotine (Fexofenadin) Tab/Bl FML,Fexotine,กลุ่มยาและเวชภัณฑ์ทั่วไป (General Health & Others),No,0,1093,42043.97
2025-04,2025,4,2025-04-28,01244,Lorita (Loratadine) 10mg Tab/Bl FML,Lolita,ยาแก้แพ้/ต้านฮิสตามีน (Antihistamines),No,0,421,37545.66
2025-04,2025,4,2025-04-28,03358,Gastrosec (Omeprazole) 20mg BDC,Gastrosec,ยาลดกรดในกระเพาะอาหาร (PPIs & Antacids),No,0,997,34338.25
2025-04,2025,4,2025-04-28,05020,Sporaxyl(Keto) Cream 15g BDC,Sporosil,ยาต้านเชื้อรา (Antifungals),No,0,1254,33443.2
2025-04,2025,4,2025-04-28,01103,Gynogesic (Dolfenal) 500mg Tab/BL BDC,Gynogesic,ยาแก้ปวดประจำเดือน/กล้ามเนื้อ (Analgesics),No,0,215,32598.96
2025-04,2025,4,2025-04-28,02072,Stugin (Cinnariz) 25mg Tab/Bl BDC,Stugin,ยาบรรเทาอาการเวียนศีรษะ/บ้านหมุน (Vertigo & CNS),No,0,6680,31520.78
2025-04,2025,4,2025-04-28,01709,Roxithroxyl 150mg Tab/Bl BDC,Roxithroxyl,กลุ่มยาและเวชภัณฑ์ทั่วไป (General Health & Others),No,0,1450,31179.66
2025-04,2025,4,2025-04-28,00863,Domper-M domperidone 10mg BDC,Domper-M,ยาช่วยย่อย/ต้านคลื่นไส้อาเจียน (Antiemetics),No,0,5270,29067.69
2025-04,2025,4,2025-04-28,01342,Mucobrox SP 60ml BDC,Mucobrox,กลุ่มยาและเวชภัณฑ์ทั่วไป (General Health & Others),No,0,486,24296.53
2025-04,2025,4,2025-04-28,14106,Anzac fluoxetin HCI 20mg,Anxac,ยาปรับสารเคมีในสมอง/คลายกังวล (Psychotropics),No,0,142,22827.05
2025-04,2025,4,2025-04-28,01946,Zertin 5mg SP 60ml FML,Zertine,ยาแก้แพ้/ต้านฮิสตามีน (Antihistamines),No,0,555,22205.7
2025-04,2025,4,2025-04-28,00664,CliDecir (Acidclovir) 200mg BDC,Clidecir,กลุ่มยาและเวชภัณฑ์ทั่วไป (General Health & Others),No,0,219,22125.78
2025-04,2025,4,2025-04-28,00662,Clinoderm (Clobetaso) cream 5g BDC,Clinoderm,กลุ่มยาและเวชภัณฑ์ทั่วไป (General Health & Others),No,0,912,21011.88
2025-04,2025,4,2025-04-28,17224,Gastro bismol 524,Gastro-Bismol,ยาเคลือบกระเพาะ/กรดไหลย้อน (Antacids & GI),Yes,0,41,20489.06
2025-04,2025,4,2025-04-28,03654,Glucosa 1500mg lemon 30Sach/Box BDC,Glucosa,ยาบำรุงข้อกระดูก (Osteoarthritis),Yes,0,52,18205.49
2025-04,2025,4,2025-04-28,17226,Tristan (Etoricoxib 90mg),Tristan,ยาแก้ปวด/ต้านการอักเสบ (NSAIDs & Pain Relief),Yes,0,402,18091.41
2025-04,2025,4,2025-04-28,00658,Clinigel (VASELINE) Gel 50g BDC,Clinigel,กลุ่มยาและเวชภัณฑ์ทั่วไป (General Health & Others),No,0,392,17743.0
2025-04,2025,4,2025-04-28,03880,Glucocron (Gliclazide 80mg) BDC,Glucocron,ยารักษาโรคเบาหวาน (Antidiabetics),No,0,108,14573.75
2025-04,2025,4,2025-04-28,03519,"Zyno cream 0,1% 5g BDC",Zeno,กลุ่มยาและเวชภัณฑ์ทั่วไป (General Health & Others),No,0,720,10929.81
2025-04,2025,4,2025-04-28,17225,Arotika cool spray 60ml,Arotika,ยาแก้ปวด/กล้ามเนื้อ/ข้อกระดูก (Analgesics & Musculoskeletal),Yes,0,75,10876.37
2025-04,2025,4,2025-04-28,01958,"Zyno cream 0,02% 15g BDC",Zeno,กลุ่มยาและเวชภัณฑ์ทั่วไป (General Health & Others),No,0,354,10149.18
2025-04,2025,4,2025-04-28,06243,Diabederm cream 20% 35g (Blue) BDC,Diabederm,ยาผิวหนัง/บำรุงผิวแห้งแตก (Dermatology),Yes,0,156,10124.95
2025-04,2025,4,2025-04-28,15617,Zenzera Supersion 10ml/Sach,Zenzera,ยาถ่ายพยาธิ (Anthelmintics),Yes,0,108,10045.75
2025-04,2025,4,2025-04-28,04220,"Zyno cream 0,1% 15g BDC",Zeno,กลุ่มยาและเวชภัณฑ์ทั่วไป (General Health & Others),No,0,390,9733.33
2025-04,2025,4,2025-04-28,05252,Fango (Clotrimazole) cream 15g BDC,Fango,ยาผิวหนังต้านเชื้อรา/อักเสบ (Dermatology),Yes,0,312,9412.16
2025-04,2025,4,2025-04-28,00368,Allerax-Fc 10mg 50Bl/Box BDC,Allerlax,ยาแก้แพ้/ต้านฮิสตามีน (Antihistamines),No,0,2070,9347.55
2025-04,2025,4,2025-04-28,08450,AROTIKA Rub  35g  BDC,Arotika,ยาแก้ปวด/กล้ามเนื้อ/ข้อกระดูก (Analgesics & Musculoskeletal),Yes,0,124,7936.0
2025-04,2025,4,2025-04-28,01735,Skinfect (Gentamicin) cream 5g BDC,Skinfect,ยาปฏิชีวนะทาแผล/ผิวหนัง (Dermatology),No,0,588,7838.04
2025-04,2025,4,2025-04-28,00369,Allerax-Fc 10mg 1000Tab/Bott BDC,Allerlax,ยาแก้แพ้/ต้านฮิสตามีน (Antihistamines),No,0,35,7350.0
2025-04,2025,4,2025-04-28,17847,Finasteride 1mg 3Bl/Box,Finasteride,ยารักษาต่อมลูกหมาก/ผมร่วง (Urology & Men Health),Yes,0,18,7206.2
2025-04,2025,4,2025-04-28,00996,Fango (Clotrimazol) Cream 5g BDC,Fango,ยาผิวหนังต้านเชื้อรา/อักเสบ (Dermatology),Yes,0,498,7086.07
2025-04,2025,4,2025-04-28,05941,Clinivate cream 15g BDC,Klenivet,ยาผิวหนังฆ่าเชื้อ/ต้านอักเสบ (Dermatology),No,0,216,6213.08
2025-04,2025,4,2025-04-28,08452,Arotika cool gel 35g BDC,Arotika,ยาแก้ปวด/กล้ามเนื้อ/ข้อกระดูก (Analgesics & Musculoskeletal),Yes,0,124,6200.0
2025-04,2025,4,2025-04-28,07545,Plaivana  Cream 35g BDC,Plaivana,ยาแก้ปวด/กล้ามเนื้อ/ข้อกระดูก (Analgesics & Musculoskeletal),Yes,0,126,6120.0
2025-04,2025,4,2025-04-28,04353,"Capsika-25 (0,025%) Gel 35g Pack/10Tub",Capsika,ยาแก้ปวด/กล้ามเนื้อ/ข้อกระดูก (Analgesics & Musculoskeletal),Yes,0,124,5264.0
2025-04,2025,4,2025-04-28,01957,"Zyno cream 0,02% 5g BDC",Zeno,กลุ่มยาและเวชภัณฑ์ทั่วไป (General Health & Others),No,0,348,5244.24
2025-04,2025,4,2025-04-28,05946,Diabederm cream 10% 35g (Green) BDC,Diabederm,ยาผิวหนัง/บำรุงผิวแห้งแตก (Dermatology),Yes,0,92,4876.0
2025-04,2025,4,2025-04-28,18422,Hepivir (Hepatitis  B) entecavir 0.5mg 3Bl/Box TH,Hepivir,ยาต้านไวรัสตับอักเสบ (Antivirals & Hepatology),Yes,0,6,4080.0
2025-04,2025,4,2025-04-28,00999,Fartussin Tab/Bl 15mg FML,Fartussin,กลุ่มยาและเวชภัณฑ์ทั่วไป (General Health & Others),No,0,44,3960.0
2025-04,2025,4,2025-04-28,00581,"Capsika 0,0125% gel 35g BDC",Capsika,ยาแก้ปวด/กล้ามเนื้อ/ข้อกระดูก (Analgesics & Musculoskeletal),Yes,0,70,3150.0
2025-04,2025,4,2025-04-28,08451,AROTIKA Rub Spray 60ml  BDC,Arotika,ยาแก้ปวด/กล้ามเนื้อ/ข้อกระดูก (Analgesics & Musculoskeletal),Yes,0,30,3000.0
2025-04,2025,4,2025-04-28,07539,Plaivana Cream  15g  BDC,Plaivana,ยาแก้ปวด/กล้ามเนื้อ/ข้อกระดูก (Analgesics & Musculoskeletal),Yes,0,60,2400.0
2025-04,2025,4,2025-04-28,15712,AROTIKA Rub Lotion 80ml,Arotika,ยาแก้ปวด/กล้ามเนื้อ/ข้อกระดูก (Analgesics & Musculoskeletal),Yes,0,10,2300.0
2025-04,2025,4,2025-04-28,02020,Capsika-25 lotion spray 100ml,Capsika,ยาแก้ปวด/กล้ามเนื้อ/ข้อกระดูก (Analgesics & Musculoskeletal),Yes,0,14,2240.0
2025-04,2025,4,2025-04-28,10191,Spascopan 10mg Tab/Bott BDC,Spascopan,ยาบรรเทาอาการปวดเกร็งช่องท้อง (Antispasmodics),No,0,2,1760.0
2025-04,2025,4,2025-04-28,17100,Prozeus 15 10sach,Prozeus,โปรตีนและโภชนาการเสริม (Nutritional Supplements),Yes,0,5,1500.0
2025-04,2025,4,2025-04-28,18610,Precius (Pregabalin) 75mg 6Bl/Box,Precius,ยารักษาอาการปวดเส้นประสาท (Neuropathic Pain),Yes,0,3,1485.0
2025-04,2025,4,2025-04-28,18682,Zentozide (Praziquantel) 600mg Bl/Box,Zentocide,ยาถ่ายพยาธิใบไม้ในตับ (Antiparasitics),Yes,0,10,450.0
2025-04,2025,4,2025-04-28,18579,(Free) Hepivir (Hepatitis B) entecavir 0.5mg 3Bl/Box TH,Hepivir,ยาต้านไวรัสตับอักเสบ (Antivirals & Hepatology),Yes,0,2,0.0
2025-04,2025,4,2025-04-28,18642,(Free) Precius (Pregabalin) 75mg 6Bl/Box,Precius,ยารักษาอาการปวดเส้นประสาท (Neuropathic Pain),Yes,0,1,0.0
2025-05,2025,5,2025-05-28,07777,GiBismol Pink 240ml (Prink) BDC,Gastro-Bismol,ยาเคลือบกระเพาะ/กรดไหลย้อน (Antacids & GI),Yes,0,5118,346782.88
2025-05,2025,5,2025-05-28,06538,Spascopan(Buscopan)Tab/Bl 10mgBDC,Spascopan,ยาบรรเทาอาการปวดเกร็งช่องท้อง (Antispasmodics),No,0,12930,282393.17
2025-05,2025,5,2025-05-28,00644,Ciproxyl 500mg Tab/Bl FML,Ciprocin,ยาปฏิชีวนะ/ฆ่าเชื้อทางเดินปัสสาวะ (Antibiotics),No,0,996,272615.96
2025-05,2025,5,2025-05-28,01944,Zenzera (Albendazole) 200mg Tab/Bl BDC,Zenzera,ยาถ่ายพยาธิ (Anthelmintics),Yes,0,32121,259760.15
2025-05,2025,5,2025-05-28,00663,CliDecir (Acidclovir) 5g cream BDC,Clidecir,กลุ่มยาและเวชภัณฑ์ทั่วไป (General Health & Others),No,0,12690,193652.71
2025-05,2025,5,2025-05-28,01947,Zertine 10mg Tab/Bl FML,Zertine,ยาแก้แพ้/ต้านฮิสตามีน (Antihistamines),No,0,2489,186674.34
2025-05,2025,5,2025-05-28,08921,Cephalexyl-500 Caps/Bl SAP,Cephalexyl,ยาปฏิชีวนะ/ฆ่าเชื้อแบคทีเรีย (Antibiotics),No,0,623,172961.49
2025-05,2025,5,2025-05-28,18544,Clena TM EX (Anti melasma) 15g,Clenascar,เวชสำอางดูแลแผลเป็น/สิว (Dermatology & Skincare),Yes,0,904,153859.82
2025-05,2025,5,2025-05-28,01758,Sporaxyl (Keto) 200mg 1x10Bl BDC,Sporosil,ยาต้านเชื้อรา (Antifungals),No,0,771,143859.3
2025-05,2025,5,2025-05-28,01500,Oflocee (Ofloxacin) 200mg FML,Oflocee,ยาปฏิชีวนะ/ฆ่าเชื้อ (Antibiotics),No,0,636,131649.32
2025-05,2025,5,2025-05-28,07427,Clinimet-400(Cimetidine) Tab/Bl  BDC,Klenimed,ยาลดกรดในกระเพาะอาหาร (Antacids & GI),No,0,7910,126961.86
2025-05,2025,5,2025-05-28,05942,Clinivate-N Cream 15g BDC,Klenivet,ยาผิวหนังฆ่าเชื้อ/ต้านอักเสบ (Dermatology),No,0,3482,118402.22
2025-05,2025,5,2025-05-28,00661,Clinivate-N cream 5g BDC,Klenivet,ยาผิวหนังฆ่าเชื้อ/ต้านอักเสบ (Dermatology),No,0,7561,114780.68
2025-05,2025,5,2025-05-28,01759,Sporaxyl (Keto) cream 5g BDC,Sporosil,ยาต้านเชื้อรา (Antifungals),No,0,7034,107626.53
2025-05,2025,5,2025-05-28,01091,Glucosa 1500mg Red 30Sach/Box BDC,Glucosa,ยาบำรุงข้อกระดูก (Osteoarthritis),Yes,0,287,100703.54
2025-05,2025,5,2025-05-28,01094,Glucosa-500mg Cap/Bl BDC,Glucosa,ยาบำรุงข้อกระดูก (Osteoarthritis),Yes,0,348,91457.62
2025-05,2025,5,2025-05-28,03886,"Goutichin (Colchicin) 0,6mg Tab/Bl FML",Goutichin,กลุ่มยาและเวชภัณฑ์ทั่วไป (General Health & Others),No,0,792,76863.53
2025-05,2025,5,2025-05-28,14275,Nacoxib 90mg,Nacoxib,ยาแก้ปวด/ต้านการอักเสบ (NSAIDs & Pain Relief),Yes,0,280,67022.22
2025-05,2025,5,2025-05-28,01475,Noraphen 500mg Tab/Bl BDC,Noraphen,ยาแก้ปวด/ต้านการอักเสบ (NSAIDs & Pain Relief),No,0,5070,50226.08
2025-05,2025,5,2025-05-28,03654,Glucosa 1500mg lemon 30Sach/Box BDC,Glucosa,ยาบำรุงข้อกระดูก (Osteoarthritis),Yes,0,125,43750.0
2025-05,2025,5,2025-05-28,05108,CliDecir(Acyclovir) 400mg  BDC,Clideciracyclovir,กลุ่มยาและเวชภัณฑ์ทั่วไป (General Health & Others),No,0,284,42619.38
2025-05,2025,5,2025-05-28,01012,Fexotine (Fexofenadin) Tab/Bl FML,Fexotine,กลุ่มยาและเวชภัณฑ์ทั่วไป (General Health & Others),No,0,1061,41432.32
2025-05,2025,5,2025-05-28,00664,CliDecir (Acidclovir) 200mg BDC,Clidecir,กลุ่มยาและเวชภัณฑ์ทั่วไป (General Health & Others),No,0,338,39373.66
2025-05,2025,5,2025-05-28,05020,Sporaxyl(Keto) Cream 15g BDC,Sporosil,ยาต้านเชื้อรา (Antifungals),No,0,1462,38994.89
2025-05,2025,5,2025-05-28,18238,CliDecir-800mg 7Bl/Box TH,Clidecir800Mg,กลุ่มยาและเวชภัณฑ์ทั่วไป (General Health & Others),No,0,127,38326.94
2025-05,2025,5,2025-05-28,00658,Clinigel (VASELINE) Gel 50g BDC,Clinigel,กลุ่มยาและเวชภัณฑ์ทั่วไป (General Health & Others),No,0,710,35749.54
2025-05,2025,5,2025-05-28,02072,Stugin (Cinnariz) 25mg Tab/Bl BDC,Stugin,ยาบรรเทาอาการเวียนศีรษะ/บ้านหมุน (Vertigo & CNS),No,0,6120,32130.35
2025-05,2025,5,2025-05-28,17847,Finasteride 1mg 3Bl/Box,Finasteride,ยารักษาต่อมลูกหมาก/ผมร่วง (Urology & Men Health),Yes,0,75,30000.0
2025-05,2025,5,2025-05-28,01709,Roxithroxyl 150mg Tab/Bl BDC,Roxithroxyl,กลุ่มยาและเวชภัณฑ์ทั่วไป (General Health & Others),No,0,1340,28810.0
2025-05,2025,5,2025-05-28,01244,Lorita (Loratadine) 10mg Tab/Bl FML,Lolita,ยาแก้แพ้/ต้านฮิสตามีน (Antihistamines),No,0,289,24297.84
2025-05,2025,5,2025-05-28,00999,Fartussin Tab/Bl 15mg FML,Fartussin,กลุ่มยาและเวชภัณฑ์ทั่วไป (General Health & Others),No,0,270,24291.27
2025-05,2025,5,2025-05-28,00863,Domper-M domperidone 10mg BDC,Domper-M,ยาช่วยย่อย/ต้านคลื่นไส้อาเจียน (Antiemetics),No,0,4020,23127.52
2025-05,2025,5,2025-05-28,01946,Zertin 5mg SP 60ml FML,Zertine,ยาแก้แพ้/ต้านฮิสตามีน (Antihistamines),No,0,533,21320.0
2025-05,2025,5,2025-05-28,02020,Capsika-25 lotion spray 100ml,Capsika,ยาแก้ปวด/กล้ามเนื้อ/ข้อกระดูก (Analgesics & Musculoskeletal),Yes,0,122,19520.0
2025-05,2025,5,2025-05-28,01103,Gynogesic (Dolfenal) 500mg Tab/BL BDC,Gynogesic,ยาแก้ปวดประจำเดือน/กล้ามเนื้อ (Analgesics),No,0,129,19495.78
2025-05,2025,5,2025-05-28,17224,Gastro bismol 524,Gastro-Bismol,ยาเคลือบกระเพาะ/กรดไหลย้อน (Antacids & GI),Yes,0,38,19000.0
2025-05,2025,5,2025-05-28,03358,Gastrosec (Omeprazole) 20mg BDC,Gastrosec,ยาลดกรดในกระเพาะอาหาร (PPIs & Antacids),No,0,544,18727.2
2025-05,2025,5,2025-05-28,14106,Anzac fluoxetin HCI 20mg,Anxac,ยาปรับสารเคมีในสมอง/คลายกังวล (Psychotropics),No,0,106,18060.7
2025-05,2025,5,2025-05-28,05941,Clinivate cream 15g BDC,Klenivet,ยาผิวหนังฆ่าเชื้อ/ต้านอักเสบ (Dermatology),No,0,432,12528.0
2025-05,2025,5,2025-05-28,04220,"Zyno cream 0,1% 15g BDC",Zeno,กลุ่มยาและเวชภัณฑ์ทั่วไป (General Health & Others),No,0,456,11492.91
2025-05,2025,5,2025-05-28,18610,Precius (Pregabalin) 75mg 6Bl/Box,Precius,ยารักษาอาการปวดเส้นประสาท (Neuropathic Pain),Yes,0,22,10890.0
2025-05,2025,5,2025-05-28,07545,Plaivana  Cream 35g BDC,Plaivana,ยาแก้ปวด/กล้ามเนื้อ/ข้อกระดูก (Analgesics & Musculoskeletal),Yes,0,154,10482.3
2025-05,2025,5,2025-05-28,17226,Tristan (Etoricoxib 90mg),Tristan,ยาแก้ปวด/ต้านการอักเสบ (NSAIDs & Pain Relief),Yes,0,220,9886.36
2025-05,2025,5,2025-05-28,17101,Prozeus 15 30sach,Prozeus,โปรตีนและโภชนาการเสริม (Nutritional Supplements),Yes,0,12,9840.0
2025-05,2025,5,2025-05-28,04353,"Capsika-25 (0,025%) Gel 35g Pack/10Tub",Capsika,ยาแก้ปวด/กล้ามเนื้อ/ข้อกระดูก (Analgesics & Musculoskeletal),Yes,0,172,9791.08
2025-05,2025,5,2025-05-28,08451,AROTIKA Rub Spray 60ml  BDC,Arotika,ยาแก้ปวด/กล้ามเนื้อ/ข้อกระดูก (Analgesics & Musculoskeletal),Yes,0,97,9700.0
2025-05,2025,5,2025-05-28,01735,Skinfect (Gentamicin) cream 5g BDC,Skinfect,ยาปฏิชีวนะทาแผล/ผิวหนัง (Dermatology),No,0,720,9641.96
2025-05,2025,5,2025-05-28,15617,Zenzera Supersion 10ml/Sach,Zenzera,ยาถ่ายพยาธิ (Anthelmintics),Yes,0,84,7812.0
2025-05,2025,5,2025-05-28,03880,Glucocron (Gliclazide 80mg) BDC,Glucocron,ยารักษาโรคเบาหวาน (Antidiabetics),No,0,57,7708.9
2025-05,2025,5,2025-05-28,05252,Fango (Clotrimazole) cream 15g BDC,Fango,ยาผิวหนังต้านเชื้อรา/อักเสบ (Dermatology),Yes,0,216,7672.51
2025-05,2025,5,2025-05-28,00581,"Capsika 0,0125% gel 35g BDC",Capsika,ยาแก้ปวด/กล้ามเนื้อ/ข้อกระดูก (Analgesics & Musculoskeletal),Yes,0,160,7200.0
2025-05,2025,5,2025-05-28,08452,Arotika cool gel 35g BDC,Arotika,ยาแก้ปวด/กล้ามเนื้อ/ข้อกระดูก (Analgesics & Musculoskeletal),Yes,0,140,7000.0
2025-05,2025,5,2025-05-28,00368,Allerax-Fc 10mg 50Bl/Box BDC,Allerlax,ยาแก้แพ้/ต้านฮิสตามีน (Antihistamines),No,0,1500,6747.63
2025-05,2025,5,2025-05-28,05946,Diabederm cream 10% 35g (Green) BDC,Diabederm,ยาผิวหนัง/บำรุงผิวแห้งแตก (Dermatology),Yes,0,122,6466.0
2025-05,2025,5,2025-05-28,00662,Clinoderm (Clobetaso) cream 5g BDC,Clinoderm,กลุ่มยาและเวชภัณฑ์ทั่วไป (General Health & Others),No,0,276,6386.76
2025-05,2025,5,2025-05-28,06243,Diabederm cream 20% 35g (Blue) BDC,Diabederm,ยาผิวหนัง/บำรุงผิวแห้งแตก (Dermatology),Yes,0,96,6240.0
2025-05,2025,5,2025-05-28,00996,Fango (Clotrimazol) Cream 5g BDC,Fango,ยาผิวหนังต้านเชื้อรา/อักเสบ (Dermatology),Yes,0,384,5801.57
2025-05,2025,5,2025-05-28,08449,AROTIKA Rub  15g  BDC,Arotika,ยาแก้ปวด/กล้ามเนื้อ/ข้อกระดูก (Analgesics & Musculoskeletal),Yes,0,180,5780.12
2025-05,2025,5,2025-05-28,07539,Plaivana Cream  15g  BDC,Plaivana,ยาแก้ปวด/กล้ามเนื้อ/ข้อกระดูก (Analgesics & Musculoskeletal),Yes,0,144,5760.0
2025-05,2025,5,2025-05-28,18682,Zentozide (Praziquantel) 600mg Bl/Box,Zentocide,ยาถ่ายพยาธิใบไม้ในตับ (Antiparasitics),Yes,0,90,5589.0
2025-05,2025,5,2025-05-28,00369,Allerax-Fc 10mg 1000Tab/Bott BDC,Allerlax,ยาแก้แพ้/ต้านฮิสตามีน (Antihistamines),No,0,25,5250.0
2025-05,2025,5,2025-05-28,08450,AROTIKA Rub  35g  BDC,Arotika,ยาแก้ปวด/กล้ามเนื้อ/ข้อกระดูก (Analgesics & Musculoskeletal),Yes,0,72,4608.0
2025-05,2025,5,2025-05-28,01958,"Zyno cream 0,02% 15g BDC",Zeno,กลุ่มยาและเวชภัณฑ์ทั่วไป (General Health & Others),No,0,108,3096.36
2025-05,2025,5,2025-05-28,01957,"Zyno cream 0,02% 5g BDC",Zeno,กลุ่มยาและเวชภัณฑ์ทั่วไป (General Health & Others),No,0,192,2880.0
2025-05,2025,5,2025-05-28,17225,Arotika cool spray 60ml,Arotika,ยาแก้ปวด/กล้ามเนื้อ/ข้อกระดูก (Analgesics & Musculoskeletal),Yes,0,14,2030.0
2025-05,2025,5,2025-05-28,03519,"Zyno cream 0,1% 5g BDC",Zeno,กลุ่มยาและเวชภัณฑ์ทั่วไป (General Health & Others),No,0,108,1620.0
2025-05,2025,5,2025-05-28,18642,(Free) Precius (Pregabalin) 75mg 6Bl/Box,Precius,ยารักษาอาการปวดเส้นประสาท (Neuropathic Pain),Yes,0,4,0.0
2025-05,2025,5,2025-05-28,18577,(Free) Gastro bismol 524,Gastro-Bismol,ยาเคลือบกระเพาะ/กรดไหลย้อน (Antacids & GI),Yes,0,68,0.0
2025-06,2025,6,2025-06-28,06538,Spascopan(Buscopan)Tab/Bl 10mgBDC,Spascopan,ยาบรรเทาอาการปวดเกร็งช่องท้อง (Antispasmodics),No,0,16900,386599.1
2025-06,2025,6,2025-06-28,00663,CliDecir (Acidclovir) 5g cream BDC,Clidecir,กลุ่มยาและเวชภัณฑ์ทั่วไป (General Health & Others),No,0,20448,306762.63
2025-06,2025,6,2025-06-28,01944,Zenzera (Albendazole) 200mg Tab/Bl BDC,Zenzera,ยาถ่ายพยาธิ (Anthelmintics),Yes,0,37932,305702.96
2025-06,2025,6,2025-06-28,01947,Zertine 10mg Tab/Bl FML,Zertine,ยาแก้แพ้/ต้านฮิสตามีน (Antihistamines),No,0,2222,166479.62
2025-06,2025,6,2025-06-28,01094,Glucosa-500mg Cap/Bl BDC,Glucosa,ยาบำรุงข้อกระดูก (Osteoarthritis),Yes,0,533,143121.24
2025-06,2025,6,2025-06-28,08921,Cephalexyl-500 Caps/Bl SAP,Cephalexyl,ยาปฏิชีวนะ/ฆ่าเชื้อแบคทีเรีย (Antibiotics),No,0,513,142973.49
2025-06,2025,6,2025-06-28,00644,Ciproxyl 500mg Tab/Bl FML,Ciprocin,ยาปฏิชีวนะ/ฆ่าเชื้อทางเดินปัสสาวะ (Antibiotics),No,0,600,134617.13
2025-06,2025,6,2025-06-28,05942,Clinivate-N Cream 15g BDC,Klenivet,ยาผิวหนังฆ่าเชื้อ/ต้านอักเสบ (Dermatology),No,0,3504,119121.0
2025-06,2025,6,2025-06-28,01758,Sporaxyl (Keto) 200mg 1x10Bl BDC,Sporosil,ยาต้านเชื้อรา (Antifungals),No,0,596,110142.76
2025-06,2025,6,2025-06-28,00661,Clinivate-N cream 5g BDC,Klenivet,ยาผิวหนังฆ่าเชื้อ/ต้านอักเสบ (Dermatology),No,0,6854,105131.11
2025-06,2025,6,2025-06-28,01500,Oflocee (Ofloxacin) 200mg FML,Oflocee,ยาปฏิชีวนะ/ฆ่าเชื้อ (Antibiotics),No,0,533,103261.77
2025-06,2025,6,2025-06-28,07427,Clinimet-400(Cimetidine) Tab/Bl  BDC,Klenimed,ยาลดกรดในกระเพาะอาหาร (Antacids & GI),No,0,5870,96750.93
2025-06,2025,6,2025-06-28,14275,Nacoxib 90mg,Nacoxib,ยาแก้ปวด/ต้านการอักเสบ (NSAIDs & Pain Relief),Yes,0,380,91089.86
2025-06,2025,6,2025-06-28,01759,Sporaxyl (Keto) cream 5g BDC,Sporosil,ยาต้านเชื้อรา (Antifungals),No,0,5594,88541.19
2025-06,2025,6,2025-06-28,01091,Glucosa 1500mg Red 30Sach/Box BDC,Glucosa,ยาบำรุงข้อกระดูก (Osteoarthritis),Yes,0,266,79068.54
2025-06,2025,6,2025-06-28,03886,"Goutichin (Colchicin) 0,6mg Tab/Bl FML",Goutichin,กลุ่มยาและเวชภัณฑ์ทั่วไป (General Health & Others),No,0,772,74346.55
2025-06,2025,6,2025-06-28,05108,CliDecir(Acyclovir) 400mg  BDC,Clideciracyclovir,กลุ่มยาและเวชภัณฑ์ทั่วไป (General Health & Others),No,0,438,66969.11
2025-06,2025,6,2025-06-28,01012,Fexotine (Fexofenadin) Tab/Bl FML,Fexotine,กลุ่มยาและเวชภัณฑ์ทั่วไป (General Health & Others),No,0,1588,61468.69
2025-06,2025,6,2025-06-28,05020,Sporaxyl(Keto) Cream 15g BDC,Sporosil,ยาต้านเชื้อรา (Antifungals),No,0,1659,44244.59
2025-06,2025,6,2025-06-28,03358,Gastrosec (Omeprazole) 20mg BDC,Gastrosec,ยาลดกรดในกระเพาะอาหาร (PPIs & Antacids),No,0,1191,41865.11
2025-06,2025,6,2025-06-28,01475,Noraphen 500mg Tab/Bl BDC,Noraphen,ยาแก้ปวด/ต้านการอักเสบ (NSAIDs & Pain Relief),No,0,3780,37746.37
2025-06,2025,6,2025-06-28,03654,Glucosa 1500mg lemon 30Sach/Box BDC,Glucosa,ยาบำรุงข้อกระดูก (Osteoarthritis),Yes,0,103,32150.0
2025-06,2025,6,2025-06-28,07777,GiBismol Pink 240ml (Prink) BDC,Gastro-Bismol,ยาเคลือบกระเพาะ/กรดไหลย้อน (Antacids & GI),Yes,0,418,31925.76
2025-06,2025,6,2025-06-28,03880,Glucocron (Gliclazide 80mg) BDC,Glucocron,ยารักษาโรคเบาหวาน (Antidiabetics),No,0,235,31725.01
2025-06,2025,6,2025-06-28,02072,Stugin (Cinnariz) 25mg Tab/Bl BDC,Stugin,ยาบรรเทาอาการเวียนศีรษะ/บ้านหมุน (Vertigo & CNS),No,0,5700,27308.59
2025-06,2025,6,2025-06-28,01103,Gynogesic (Dolfenal) 500mg Tab/BL BDC,Gynogesic,ยาแก้ปวดประจำเดือน/กล้ามเนื้อ (Analgesics),No,0,176,26542.5
2025-06,2025,6,2025-06-28,01709,Roxithroxyl 150mg Tab/Bl BDC,Roxithroxyl,กลุ่มยาและเวชภัณฑ์ทั่วไป (General Health & Others),No,0,1210,26079.5
2025-06,2025,6,2025-06-28,00999,Fartussin Tab/Bl 15mg FML,Fartussin,กลุ่มยาและเวชภัณฑ์ทั่วไป (General Health & Others),No,0,244,21939.35
2025-06,2025,6,2025-06-28,00662,Clinoderm (Clobetaso) cream 5g BDC,Clinoderm,กลุ่มยาและเวชภัณฑ์ทั่วไป (General Health & Others),No,0,912,20976.0
2025-06,2025,6,2025-06-28,10399,Feenoze nasal spray 20ml BDC,Feenoze,กลุ่มยาและเวชภัณฑ์ทั่วไป (General Health & Others),No,0,246,20418.0
2025-06,2025,6,2025-06-28,17847,Finasteride 1mg 3Bl/Box,Finasteride,ยารักษาต่อมลูกหมาก/ผมร่วง (Urology & Men Health),Yes,0,45,18564.6
2025-06,2025,6,2025-06-28,01244,Lorita (Loratadine) 10mg Tab/Bl FML,Lolita,ยาแก้แพ้/ต้านฮิสตามีน (Antihistamines),No,0,213,17912.4
2025-06,2025,6,2025-06-28,00658,Clinigel (VASELINE) Gel 50g BDC,Clinigel,กลุ่มยาและเวชภัณฑ์ทั่วไป (General Health & Others),No,0,360,16687.28
2025-06,2025,6,2025-06-28,18238,CliDecir-800mg 7Bl/Box TH,Clidecir800Mg,กลุ่มยาและเวชภัณฑ์ทั่วไป (General Health & Others),No,0,55,15658.24
2025-06,2025,6,2025-06-28,18544,Clena TM EX (Anti melasma) 15g,Clenascar,เวชสำอางดูแลแผลเป็น/สิว (Dermatology & Skincare),Yes,0,92,15615.89
2025-06,2025,6,2025-06-28,00863,Domper-M domperidone 10mg BDC,Domper-M,ยาช่วยย่อย/ต้านคลื่นไส้อาเจียน (Antiemetics),No,0,2760,14688.14
2025-06,2025,6,2025-06-28,00368,Allerax-Fc 10mg 50Bl/Box BDC,Allerlax,ยาแก้แพ้/ต้านฮิสตามีน (Antihistamines),No,0,2800,13635.0
2025-06,2025,6,2025-06-28,01946,Zertin 5mg SP 60ml FML,Zertine,ยาแก้แพ้/ต้านฮิสตามีน (Antihistamines),No,0,324,12960.0
2025-06,2025,6,2025-06-28,06243,Diabederm cream 20% 35g (Blue) BDC,Diabederm,ยาผิวหนัง/บำรุงผิวแห้งแตก (Dermatology),Yes,0,186,12324.0
2025-06,2025,6,2025-06-28,17224,Gastro bismol 524,Gastro-Bismol,ยาเคลือบกระเพาะ/กรดไหลย้อน (Antacids & GI),Yes,0,24,12000.74
2025-06,2025,6,2025-06-28,00503,Anzac fluoxetine 20mg BDC,Anxac,ยาปรับสารเคมีในสมอง/คลายกังวล (Psychotropics),No,0,30,12000.0
2025-06,2025,6,2025-06-28,05252,Fango (Clotrimazole) cream 15g BDC,Fango,ยาผิวหนังต้านเชื้อรา/อักเสบ (Dermatology),Yes,0,390,11856.61
2025-06,2025,6,2025-06-28,17101,Prozeus 15 30sach,Prozeus,โปรตีนและโภชนาการเสริม (Nutritional Supplements),Yes,0,12,9840.0
2025-06,2025,6,2025-06-28,08450,AROTIKA Rub  35g  BDC,Arotika,ยาแก้ปวด/กล้ามเนื้อ/ข้อกระดูก (Analgesics & Musculoskeletal),Yes,0,130,8320.0
2025-06,2025,6,2025-06-28,17226,Tristan (Etoricoxib 90mg),Tristan,ยาแก้ปวด/ต้านการอักเสบ (NSAIDs & Pain Relief),Yes,0,180,8100.0
2025-06,2025,6,2025-06-28,18610,Precius (Pregabalin) 75mg 6Bl/Box,Precius,ยารักษาอาการปวดเส้นประสาท (Neuropathic Pain),Yes,0,15,7425.0
2025-06,2025,6,2025-06-28,04220,"Zyno cream 0,1% 15g BDC",Zeno,กลุ่มยาและเวชภัณฑ์ทั่วไป (General Health & Others),No,0,288,7250.12
2025-06,2025,6,2025-06-28,17225,Arotika cool spray 60ml,Arotika,ยาแก้ปวด/กล้ามเนื้อ/ข้อกระดูก (Analgesics & Musculoskeletal),Yes,0,49,7105.0
2025-06,2025,6,2025-06-28,08451,AROTIKA Rub Spray 60ml  BDC,Arotika,ยาแก้ปวด/กล้ามเนื้อ/ข้อกระดูก (Analgesics & Musculoskeletal),Yes,0,64,6400.0
2025-06,2025,6,2025-06-28,03519,"Zyno cream 0,1% 5g BDC",Zeno,กลุ่มยาและเวชภัณฑ์ทั่วไป (General Health & Others),No,0,408,6121.8
2025-06,2025,6,2025-06-28,01735,Skinfect (Gentamicin) cream 5g BDC,Skinfect,ยาปฏิชีวนะทาแผล/ผิวหนัง (Dermatology),No,0,432,5781.74
2025-06,2025,6,2025-06-28,02020,Capsika-25 lotion spray 100ml,Capsika,ยาแก้ปวด/กล้ามเนื้อ/ข้อกระดูก (Analgesics & Musculoskeletal),Yes,0,31,5170.56
2025-06,2025,6,2025-06-28,00996,Fango (Clotrimazol) Cream 5g BDC,Fango,ยาผิวหนังต้านเชื้อรา/อักเสบ (Dermatology),Yes,0,348,5170.09
2025-06,2025,6,2025-06-28,17100,Prozeus 15 10sach,Prozeus,โปรตีนและโภชนาการเสริม (Nutritional Supplements),Yes,0,17,5105.3
2025-06,2025,6,2025-06-28,08452,Arotika cool gel 35g BDC,Arotika,ยาแก้ปวด/กล้ามเนื้อ/ข้อกระดูก (Analgesics & Musculoskeletal),Yes,0,85,4248.52
2025-06,2025,6,2025-06-28,04353,"Capsika-25 (0,025%) Gel 35g Pack/10Tub",Capsika,ยาแก้ปวด/กล้ามเนื้อ/ข้อกระดูก (Analgesics & Musculoskeletal),Yes,0,75,4193.4
2025-06,2025,6,2025-06-28,00369,Allerax-Fc 10mg 1000Tab/Bott BDC,Allerlax,ยาแก้แพ้/ต้านฮิสตามีน (Antihistamines),No,0,16,3355.66
2025-06,2025,6,2025-06-28,00581,"Capsika 0,0125% gel 35g BDC",Capsika,ยาแก้ปวด/กล้ามเนื้อ/ข้อกระดูก (Analgesics & Musculoskeletal),Yes,0,70,3150.0
2025-06,2025,6,2025-06-28,05946,Diabederm cream 10% 35g (Green) BDC,Diabederm,ยาผิวหนัง/บำรุงผิวแห้งแตก (Dermatology),Yes,0,56,3095.2
2025-06,2025,6,2025-06-28,00664,CliDecir (Acidclovir) 200mg BDC,Clidecir,กลุ่มยาและเวชภัณฑ์ทั่วไป (General Health & Others),No,0,30,3000.0
2025-06,2025,6,2025-06-28,01342,Mucobrox SP 60ml BDC,Mucobrox,กลุ่มยาและเวชภัณฑ์ทั่วไป (General Health & Others),No,0,57,2850.0
2025-06,2025,6,2025-06-28,07545,Plaivana  Cream 35g BDC,Plaivana,ยาแก้ปวด/กล้ามเนื้อ/ข้อกระดูก (Analgesics & Musculoskeletal),Yes,0,40,2720.0
2025-06,2025,6,2025-06-28,07539,Plaivana Cream  15g  BDC,Plaivana,ยาแก้ปวด/กล้ามเนื้อ/ข้อกระดูก (Analgesics & Musculoskeletal),Yes,0,68,2720.0
2025-06,2025,6,2025-06-28,00660,Clinivate cream 5g BDC,Klenivet,ยาผิวหนังฆ่าเชื้อ/ต้านอักเสบ (Dermatology),No,0,168,2520.0
2025-06,2025,6,2025-06-28,15712,AROTIKA Rub Lotion 80ml,Arotika,ยาแก้ปวด/กล้ามเนื้อ/ข้อกระดูก (Analgesics & Musculoskeletal),Yes,0,10,2300.0
2025-06,2025,6,2025-06-28,15617,Zenzera Supersion 10ml/Sach,Zenzera,ยาถ่ายพยาธิ (Anthelmintics),Yes,0,18,1674.0
2025-06,2025,6,2025-06-28,01958,"Zyno cream 0,02% 15g BDC",Zeno,กลุ่มยาและเวชภัณฑ์ทั่วไป (General Health & Others),No,0,54,1548.18
2025-06,2025,6,2025-06-28,08449,AROTIKA Rub  15g  BDC,Arotika,ยาแก้ปวด/กล้ามเนื้อ/ข้อกระดูก (Analgesics & Musculoskeletal),Yes,0,30,1230.9
2025-06,2025,6,2025-06-28,01957,"Zyno cream 0,02% 5g BDC",Zeno,กลุ่มยาและเวชภัณฑ์ทั่วไป (General Health & Others),No,0,72,1079.47
2025-06,2025,6,2025-06-28,14106,Anzac fluoxetin HCI 20mg,Anxac,ยาปรับสารเคมีในสมอง/คลายกังวล (Psychotropics),No,0,6,977.54
2025-06,2025,6,2025-06-28,18575,(Free) Glucosa 1500mg Red 30Sach/Box BDC,Glucosa,ยาบำรุงข้อกระดูก (Osteoarthritis),Yes,0,18,0.0
2025-06,2025,6,2025-06-28,18576,(Free) Sporaxyl (Ketoconasol) cream 15g BDC,Sporosil,ยาต้านเชื้อรา (Antifungals),No,0,48,0.0
2025-06,2025,6,2025-06-28,18578,(Free) Capsika-25 lotion spong pak 80ml,Capsika,ยาแก้ปวด/กล้ามเนื้อ/ข้อกระดูก (Analgesics & Musculoskeletal),Yes,0,4,0.0
2025-07,2025,7,2025-07-28,06538,Spascopan(Buscopan)Tab/Bl 10mgBDC,Spascopan,ยาบรรเทาอาการปวดเกร็งช่องท้อง (Antispasmodics),No,0,20320,471346.86
2025-07,2025,7,2025-07-28,01944,Zenzera (Albendazole) 200mg Tab/Bl BDC,Zenzera,ยาถ่ายพยาธิ (Anthelmintics),Yes,0,41000,330326.82
2025-07,2025,7,2025-07-28,00663,CliDecir (Acidclovir) 5g cream BDC,Clidecir,กลุ่มยาและเวชภัณฑ์ทั่วไป (General Health & Others),No,0,15648,237213.35
2025-07,2025,7,2025-07-28,08921,Cephalexyl-500 Caps/Bl SAP,Cephalexyl,ยาปฏิชีวนะ/ฆ่าเชื้อแบคทีเรีย (Antibiotics),No,0,627,179718.98
2025-07,2025,7,2025-07-28,01947,Zertine 10mg Tab/Bl FML,Zertine,ยาแก้แพ้/ต้านฮิสตามีน (Antihistamines),No,0,2382,178792.01
2025-07,2025,7,2025-07-28,00644,Ciproxyl 500mg Tab/Bl FML,Ciprocin,ยาปฏิชีวนะ/ฆ่าเชื้อทางเดินปัสสาวะ (Antibiotics),No,0,695,153500.34
2025-07,2025,7,2025-07-28,00661,Clinivate-N cream 5g BDC,Klenivet,ยาผิวหนังฆ่าเชื้อ/ต้านอักเสบ (Dermatology),No,0,9168,140787.25
2025-07,2025,7,2025-07-28,07427,Clinimet-400(Cimetidine) Tab/Bl  BDC,Klenimed,ยาลดกรดในกระเพาะอาหาร (Antacids & GI),No,0,8270,139259.1
2025-07,2025,7,2025-07-28,01758,Sporaxyl (Keto) 200mg 1x10Bl BDC,Sporosil,ยาต้านเชื้อรา (Antifungals),No,0,618,126710.83
2025-07,2025,7,2025-07-28,01500,Oflocee (Ofloxacin) 200mg FML,Oflocee,ยาปฏิชีวนะ/ฆ่าเชื้อ (Antibiotics),No,0,610,126504.95
2025-07,2025,7,2025-07-28,01094,Glucosa-500mg Cap/Bl BDC,Glucosa,ยาบำรุงข้อกระดูก (Osteoarthritis),Yes,0,412,107955.2
2025-07,2025,7,2025-07-28,05942,Clinivate-N Cream 15g BDC,Klenivet,ยาผิวหนังฆ่าเชื้อ/ต้านอักเสบ (Dermatology),No,0,2830,96374.35
2025-07,2025,7,2025-07-28,03886,"Goutichin (Colchicin) 0,6mg Tab/Bl FML",Goutichin,กลุ่มยาและเวชภัณฑ์ทั่วไป (General Health & Others),No,0,919,91560.17
2025-07,2025,7,2025-07-28,14275,Nacoxib 90mg,Nacoxib,ยาแก้ปวด/ต้านการอักเสบ (NSAIDs & Pain Relief),Yes,0,379,90949.49
2025-07,2025,7,2025-07-28,05020,Sporaxyl(Keto) Cream 15g BDC,Sporosil,ยาต้านเชื้อรา (Antifungals),No,0,3024,90519.95
2025-07,2025,7,2025-07-28,01759,Sporaxyl (Keto) cream 5g BDC,Sporosil,ยาต้านเชื้อรา (Antifungals),No,0,5076,76416.36
2025-07,2025,7,2025-07-28,00664,CliDecir (Acidclovir) 200mg BDC,Clidecir,กลุ่มยาและเวชภัณฑ์ทั่วไป (General Health & Others),No,0,663,73902.91
2025-07,2025,7,2025-07-28,01091,Glucosa 1500mg Red 30Sach/Box BDC,Glucosa,ยาบำรุงข้อกระดูก (Osteoarthritis),Yes,0,253,73241.93
2025-07,2025,7,2025-07-28,14106,Anzac fluoxetin HCI 20mg,Anxac,ยาปรับสารเคมีในสมอง/คลายกังวล (Psychotropics),No,0,360,67722.8
2025-07,2025,7,2025-07-28,01475,Noraphen 500mg Tab/Bl BDC,Noraphen,ยาแก้ปวด/ต้านการอักเสบ (NSAIDs & Pain Relief),No,0,6030,59259.46
2025-07,2025,7,2025-07-28,05108,CliDecir(Acyclovir) 400mg  BDC,Clideciracyclovir,กลุ่มยาและเวชภัณฑ์ทั่วไป (General Health & Others),No,0,384,57686.2
2025-07,2025,7,2025-07-28,01103,Gynogesic (Dolfenal) 500mg Tab/BL BDC,Gynogesic,ยาแก้ปวดประจำเดือน/กล้ามเนื้อ (Analgesics),No,0,296,47368.5
2025-07,2025,7,2025-07-28,01244,Lorita (Loratadine) 10mg Tab/Bl FML,Lolita,ยาแก้แพ้/ต้านฮิสตามีน (Antihistamines),No,0,540,45031.03
2025-07,2025,7,2025-07-28,00863,Domper-M domperidone 10mg BDC,Domper-M,ยาช่วยย่อย/ต้านคลื่นไส้อาเจียน (Antiemetics),No,0,7320,41830.29
2025-07,2025,7,2025-07-28,18610,Precius (Pregabalin) 75mg 6Bl/Box,Precius,ยารักษาอาการปวดเส้นประสาท (Neuropathic Pain),Yes,0,81,40124.07
2025-07,2025,7,2025-07-28,03654,Glucosa 1500mg lemon 30Sach/Box BDC,Glucosa,ยาบำรุงข้อกระดูก (Osteoarthritis),Yes,0,116,33602.63
2025-07,2025,7,2025-07-28,15617,Zenzera Supersion 10ml/Sach,Zenzera,ยาถ่ายพยาธิ (Anthelmintics),Yes,0,316,30876.0
2025-07,2025,7,2025-07-28,00658,Clinigel (VASELINE) Gel 50g BDC,Clinigel,กลุ่มยาและเวชภัณฑ์ทั่วไป (General Health & Others),No,0,627,30058.44
2025-07,2025,7,2025-07-28,01012,Fexotine (Fexofenadin) Tab/Bl FML,Fexotine,กลุ่มยาและเวชภัณฑ์ทั่วไป (General Health & Others),No,0,766,29432.95
2025-07,2025,7,2025-07-28,01709,Roxithroxyl 150mg Tab/Bl BDC,Roxithroxyl,กลุ่มยาและเวชภัณฑ์ทั่วไป (General Health & Others),No,0,1100,24399.09
2025-07,2025,7,2025-07-28,07777,GiBismol Pink 240ml (Prink) BDC,Gastro-Bismol,ยาเคลือบกระเพาะ/กรดไหลย้อน (Antacids & GI),Yes,0,306,24330.9
2025-07,2025,7,2025-07-28,01946,Zertin 5mg SP 60ml FML,Zertine,ยาแก้แพ้/ต้านฮิสตามีน (Antihistamines),No,0,521,20974.4
2025-07,2025,7,2025-07-28,07539,Plaivana Cream  15g  BDC,Plaivana,ยาแก้ปวด/กล้ามเนื้อ/ข้อกระดูก (Analgesics & Musculoskeletal),Yes,0,500,20036.24
2025-07,2025,7,2025-07-28,18544,Clena TM EX (Anti melasma) 15g,Clenascar,เวชสำอางดูแลแผลเป็น/สิว (Dermatology & Skincare),Yes,0,118,20024.9
2025-07,2025,7,2025-07-28,18911,Fango-BD (Clotrimazole 1% / Betamethasone 0.1%) cream 5g,Fango,ยาผิวหนังต้านเชื้อรา/อักเสบ (Dermatology),Yes,0,1104,19509.84
2025-07,2025,7,2025-07-28,02072,Stugin (Cinnariz) 25mg Tab/Bl BDC,Stugin,ยาบรรเทาอาการเวียนศีรษะ/บ้านหมุน (Vertigo & CNS),No,0,3920,18632.95
2025-07,2025,7,2025-07-28,17225,Arotika cool spray 60ml,Arotika,ยาแก้ปวด/กล้ามเนื้อ/ข้อกระดูก (Analgesics & Musculoskeletal),Yes,0,126,18267.88
2025-07,2025,7,2025-07-28,00999,Fartussin Tab/Bl 15mg FML,Fartussin,กลุ่มยาและเวชภัณฑ์ทั่วไป (General Health & Others),No,0,197,17731.31
2025-07,2025,7,2025-07-28,05943,Clinoderm Cream 15g BDC,Clinoderm,กลุ่มยาและเวชภัณฑ์ทั่วไป (General Health & Others),No,0,468,17550.0
2025-07,2025,7,2025-07-28,03358,Gastrosec (Omeprazole) 20mg BDC,Gastrosec,ยาลดกรดในกระเพาะอาหาร (PPIs & Antacids),No,0,504,17437.3
2025-07,2025,7,2025-07-28,17224,Gastro bismol 524,Gastro-Bismol,ยาเคลือบกระเพาะ/กรดไหลย้อน (Antacids & GI),Yes,0,39,14350.0
2025-07,2025,7,2025-07-28,01735,Skinfect (Gentamicin) cream 5g BDC,Skinfect,ยาปฏิชีวนะทาแผล/ผิวหนัง (Dermatology),No,0,988,14181.27
2025-07,2025,7,2025-07-28,01958,"Zyno cream 0,02% 15g BDC",Zeno,กลุ่มยาและเวชภัณฑ์ทั่วไป (General Health & Others),No,0,444,12731.98
2025-07,2025,7,2025-07-28,00662,Clinoderm (Clobetaso) cream 5g BDC,Clinoderm,กลุ่มยาและเวชภัณฑ์ทั่วไป (General Health & Others),No,0,528,12141.98
2025-07,2025,7,2025-07-28,00873,Doxyl cap (Doxycillin) 100mg Cap/Bl BDC,Doxyl,กลุ่มยาและเวชภัณฑ์ทั่วไป (General Health & Others),No,0,750,11666.45
2025-07,2025,7,2025-07-28,02020,Capsika-25 lotion spray 100ml,Capsika,ยาแก้ปวด/กล้ามเนื้อ/ข้อกระดูก (Analgesics & Musculoskeletal),Yes,0,72,11520.0
2025-07,2025,7,2025-07-28,08452,Arotika cool gel 35g BDC,Arotika,ยาแก้ปวด/กล้ามเนื้อ/ข้อกระดูก (Analgesics & Musculoskeletal),Yes,0,230,11500.0
2025-07,2025,7,2025-07-28,10399,Feenoze nasal spray 20ml BDC,Feenoze,กลุ่มยาและเวชภัณฑ์ทั่วไป (General Health & Others),No,0,136,11288.0
2025-07,2025,7,2025-07-28,08450,AROTIKA Rub  35g  BDC,Arotika,ยาแก้ปวด/กล้ามเนื้อ/ข้อกระดูก (Analgesics & Musculoskeletal),Yes,0,170,10885.64
2025-07,2025,7,2025-07-28,00369,Allerax-Fc 10mg 1000Tab/Bott BDC,Allerlax,ยาแก้แพ้/ต้านฮิสตามีน (Antihistamines),No,0,49,10750.87
2025-07,2025,7,2025-07-28,03880,Glucocron (Gliclazide 80mg) BDC,Glucocron,ยารักษาโรคเบาหวาน (Antidiabetics),No,0,75,10124.61
2025-07,2025,7,2025-07-28,05252,Fango (Clotrimazole) cream 15g BDC,Fango,ยาผิวหนังต้านเชื้อรา/อักเสบ (Dermatology),Yes,0,348,9932.49
2025-07,2025,7,2025-07-28,05941,Clinivate cream 15g BDC,Klenivet,ยาผิวหนังฆ่าเชื้อ/ต้านอักเสบ (Dermatology),No,0,336,9740.94
2025-07,2025,7,2025-07-28,00368,Allerax-Fc 10mg 50Bl/Box BDC,Allerlax,ยาแก้แพ้/ต้านฮิสตามีน (Antihistamines),No,0,2120,9536.72
2025-07,2025,7,2025-07-28,17100,Prozeus 15 10sach,Prozeus,โปรตีนและโภชนาการเสริม (Nutritional Supplements),Yes,0,31,9300.0
2025-07,2025,7,2025-07-28,07545,Plaivana  Cream 35g BDC,Plaivana,ยาแก้ปวด/กล้ามเนื้อ/ข้อกระดูก (Analgesics & Musculoskeletal),Yes,0,129,9104.39
2025-07,2025,7,2025-07-28,05946,Diabederm cream 10% 35g (Green) BDC,Diabederm,ยาผิวหนัง/บำรุงผิวแห้งแตก (Dermatology),Yes,0,150,8601.28
2025-07,2025,7,2025-07-28,08451,AROTIKA Rub Spray 60ml  BDC,Arotika,ยาแก้ปวด/กล้ามเนื้อ/ข้อกระดูก (Analgesics & Musculoskeletal),Yes,0,83,8303.52
2025-07,2025,7,2025-07-28,00996,Fango (Clotrimazol) Cream 5g BDC,Fango,ยาผิวหนังต้านเชื้อรา/อักเสบ (Dermatology),Yes,0,492,8098.31
2025-07,2025,7,2025-07-28,06243,Diabederm cream 20% 35g (Blue) BDC,Diabederm,ยาผิวหนัง/บำรุงผิวแห้งแตก (Dermatology),Yes,0,110,7827.26
2025-07,2025,7,2025-07-28,15712,AROTIKA Rub Lotion 80ml,Arotika,ยาแก้ปวด/กล้ามเนื้อ/ข้อกระดูก (Analgesics & Musculoskeletal),Yes,0,34,7820.0
2025-07,2025,7,2025-07-28,04353,"Capsika-25 (0,025%) Gel 35g Pack/10Tub",Capsika,ยาแก้ปวด/กล้ามเนื้อ/ข้อกระดูก (Analgesics & Musculoskeletal),Yes,0,134,7638.4
2025-07,2025,7,2025-07-28,04220,"Zyno cream 0,1% 15g BDC",Zeno,กลุ่มยาและเวชภัณฑ์ทั่วไป (General Health & Others),No,0,300,7497.81
2025-07,2025,7,2025-07-28,17226,Tristan (Etoricoxib 90mg),Tristan,ยาแก้ปวด/ต้านการอักเสบ (NSAIDs & Pain Relief),Yes,0,160,7200.0
2025-07,2025,7,2025-07-28,00503,Anzac fluoxetine 20mg BDC,Anxac,ยาปรับสารเคมีในสมอง/คลายกังวล (Psychotropics),No,0,18,7200.0
2025-07,2025,7,2025-07-28,18682,Zentozide (Praziquantel) 600mg Bl/Box,Zentocide,ยาถ่ายพยาธิใบไม้ในตับ (Antiparasitics),Yes,0,100,6210.0
2025-07,2025,7,2025-07-28,03519,"Zyno cream 0,1% 5g BDC",Zeno,กลุ่มยาและเวชภัณฑ์ทั่วไป (General Health & Others),No,0,324,4860.79
2025-07,2025,7,2025-07-28,01342,Mucobrox SP 60ml BDC,Mucobrox,กลุ่มยาและเวชภัณฑ์ทั่วไป (General Health & Others),No,0,90,4506.61
2025-07,2025,7,2025-07-28,00581,"Capsika 0,0125% gel 35g BDC",Capsika,ยาแก้ปวด/กล้ามเนื้อ/ข้อกระดูก (Analgesics & Musculoskeletal),Yes,0,100,4500.0
2025-07,2025,7,2025-07-28,08449,AROTIKA Rub  15g  BDC,Arotika,ยาแก้ปวด/กล้ามเนื้อ/ข้อกระดูก (Analgesics & Musculoskeletal),Yes,0,78,2960.0
2025-07,2025,7,2025-07-28,18238,CliDecir-800mg 7Bl/Box TH,Clidecir800Mg,กลุ่มยาและเวชภัณฑ์ทั่วไป (General Health & Others),No,0,10,2850.0
2025-07,2025,7,2025-07-28,18422,Hepivir (Hepatitis  B) entecavir 0.5mg 3Bl/Box TH,Hepivir,ยาต้านไวรัสตับอักเสบ (Antivirals & Hepatology),Yes,0,3,1527.76
2025-07,2025,7,2025-07-28,00660,Clinivate cream 5g BDC,Klenivet,ยาผิวหนังฆ่าเชื้อ/ต้านอักเสบ (Dermatology),No,0,12,180.0
2025-07,2025,7,2025-07-28,18638,(Free) Plaivana cream 14% 35g BDC,Plaivana,ยาแก้ปวด/กล้ามเนื้อ/ข้อกระดูก (Analgesics & Musculoskeletal),Yes,0,1,0.0
2025-07,2025,7,2025-07-28,18579,(Free) Hepivir (Hepatitis B) entecavir 0.5mg 3Bl/Box TH,Hepivir,ยาต้านไวรัสตับอักเสบ (Antivirals & Hepatology),Yes,0,3,0.0
2025-07,2025,7,2025-07-28,18642,(Free) Precius (Pregabalin) 75mg 6Bl/Box,Precius,ยารักษาอาการปวดเส้นประสาท (Neuropathic Pain),Yes,0,10,0.0
2025-07,2025,7,2025-07-28,18920,(Free) Sunny ກາຕົ້ມນໍ້າໄຟຟ້າ 2L (1500W),Sunny,กลุ่มยาและเวชภัณฑ์ทั่วไป (General Health & Others),No,0,15,0.0
2025-07,2025,7,2025-07-28,18921,(Free) Otto ໝໍ້ຊີ້ນຈຸ່ມ+ດາດ GR-175A (1900W),Otto,กลุ่มยาและเวชภัณฑ์ทั่วไป (General Health & Others),No,0,1,0.0
2025-07,2025,7,2025-07-28,18922,(Free) Tiger star ໝໍ້ແດງ SP-100,Tiger,กลุ่มยาและเวชภัณฑ์ทั่วไป (General Health & Others),No,0,8,0.0
2025-07,2025,7,2025-07-28,18919,(Free) Otto ໝໍ້ທອດໄຟຟ້າ DF-377 6L (2500W),Otto,กลุ่มยาและเวชภัณฑ์ทั่วไป (General Health & Others),No,0,3,0.0
2025-07,2025,7,2025-07-28,18923,(Free) Safe & Save ກາຕົ້ມນໍ້າໄຟຟ້າ 1.8L TH,Safe,กลุ่มยาและเวชภัณฑ์ทั่วไป (General Health & Others),No,0,14,0.0
2025-07,2025,7,2025-07-28,18575,(Free) Glucosa 1500mg Red 30Sach/Box BDC,Glucosa,ยาบำรุงข้อกระดูก (Osteoarthritis),Yes,0,1,0.0
2025-07,2025,7,2025-07-28,18576,(Free) Sporaxyl (Ketoconasol) cream 15g BDC,Sporosil,ยาต้านเชื้อรา (Antifungals),No,0,1,0.0
2025-08,2025,8,2025-08-28,08921,Cephalexyl-500 Caps/Bl SAP,Cephalexyl,ยาปฏิชีวนะ/ฆ่าเชื้อแบคทีเรีย (Antibiotics),No,0,1640,591212.27
2025-08,2025,8,2025-08-28,01944,Zenzera (Albendazole) 200mg Tab/Bl BDC,Zenzera,ยาถ่ายพยาธิ (Anthelmintics),Yes,0,41053,334403.48
2025-08,2025,8,2025-08-28,00663,CliDecir (Acidclovir) 5g cream BDC,Clidecir,กลุ่มยาและเวชภัณฑ์ทั่วไป (General Health & Others),No,0,18198,271175.21
2025-08,2025,8,2025-08-28,06538,Spascopan(Buscopan)Tab/Bl 10mgBDC,Spascopan,ยาบรรเทาอาการปวดเกร็งช่องท้อง (Antispasmodics),No,0,11430,244991.43
2025-08,2025,8,2025-08-28,01947,Zertine 10mg Tab/Bl FML,Zertine,ยาแก้แพ้/ต้านฮิสตามีน (Antihistamines),No,0,2275,170605.77
2025-08,2025,8,2025-08-28,01759,Sporaxyl (Keto) cream 5g BDC,Sporosil,ยาต้านเชื้อรา (Antifungals),No,0,11100,163827.24
2025-08,2025,8,2025-08-28,01758,Sporaxyl (Keto) 200mg 1x10Bl BDC,Sporosil,ยาต้านเชื้อรา (Antifungals),No,0,817,151239.24
2025-08,2025,8,2025-08-28,01094,Glucosa-500mg Cap/Bl BDC,Glucosa,ยาบำรุงข้อกระดูก (Osteoarthritis),Yes,0,533,140713.09
2025-08,2025,8,2025-08-28,05942,Clinivate-N Cream 15g BDC,Klenivet,ยาผิวหนังฆ่าเชื้อ/ต้านอักเสบ (Dermatology),No,0,3996,135872.26
2025-08,2025,8,2025-08-28,00644,Ciproxyl 500mg Tab/Bl FML,Ciprocin,ยาปฏิชีวนะ/ฆ่าเชื้อทางเดินปัสสาวะ (Antibiotics),No,0,526,118126.4
2025-08,2025,8,2025-08-28,00661,Clinivate-N cream 5g BDC,Klenivet,ยาผิวหนังฆ่าเชื้อ/ต้านอักเสบ (Dermatology),No,0,7633,113902.06
2025-08,2025,8,2025-08-28,14275,Nacoxib 90mg,Nacoxib,ยาแก้ปวด/ต้านการอักเสบ (NSAIDs & Pain Relief),Yes,0,414,99370.45
2025-08,2025,8,2025-08-28,07427,Clinimet-400(Cimetidine) Tab/Bl  BDC,Klenimed,ยาลดกรดในกระเพาะอาหาร (Antacids & GI),No,0,5450,92318.49
2025-08,2025,8,2025-08-28,01103,Gynogesic (Dolfenal) 500mg Tab/BL BDC,Gynogesic,ยาแก้ปวดประจำเดือน/กล้ามเนื้อ (Analgesics),No,0,502,80942.18
2025-08,2025,8,2025-08-28,03886,"Goutichin (Colchicin) 0,6mg Tab/Bl FML",Goutichin,กลุ่มยาและเวชภัณฑ์ทั่วไป (General Health & Others),No,0,805,77626.16
2025-08,2025,8,2025-08-28,05108,CliDecir(Acyclovir) 400mg  BDC,Clideciracyclovir,กลุ่มยาและเวชภัณฑ์ทั่วไป (General Health & Others),No,0,447,67755.38
2025-08,2025,8,2025-08-28,01091,Glucosa 1500mg Red 30Sach/Box BDC,Glucosa,ยาบำรุงข้อกระดูก (Osteoarthritis),Yes,0,212,61332.98
2025-08,2025,8,2025-08-28,00664,CliDecir (Acidclovir) 200mg BDC,Clidecir,กลุ่มยาและเวชภัณฑ์ทั่วไป (General Health & Others),No,0,492,55686.24
2025-08,2025,8,2025-08-28,01012,Fexotine (Fexofenadin) Tab/Bl FML,Fexotine,กลุ่มยาและเวชภัณฑ์ทั่วไป (General Health & Others),No,0,1266,48588.39
2025-08,2025,8,2025-08-28,10191,Spascopan 10mg Tab/Bott BDC,Spascopan,ยาบรรเทาอาการปวดเกร็งช่องท้อง (Antispasmodics),No,0,54,47520.0
2025-08,2025,8,2025-08-28,01475,Noraphen 500mg Tab/Bl BDC,Noraphen,ยาแก้ปวด/ต้านการอักเสบ (NSAIDs & Pain Relief),No,0,4620,46570.07
2025-08,2025,8,2025-08-28,17224,Gastro bismol 524,Gastro-Bismol,ยาเคลือบกระเพาะ/กรดไหลย้อน (Antacids & GI),Yes,0,95,38940.01
2025-08,2025,8,2025-08-28,05020,Sporaxyl(Keto) Cream 15g BDC,Sporosil,ยาต้านเชื้อรา (Antifungals),No,0,1413,37868.97
2025-08,2025,8,2025-08-28,00662,Clinoderm (Clobetaso) cream 5g BDC,Clinoderm,กลุ่มยาและเวชภัณฑ์ทั่วไป (General Health & Others),No,0,1476,33948.0
2025-08,2025,8,2025-08-28,02072,Stugin (Cinnariz) 25mg Tab/Bl BDC,Stugin,ยาบรรเทาอาการเวียนศีรษะ/บ้านหมุน (Vertigo & CNS),No,0,6270,30648.44
2025-08,2025,8,2025-08-28,17101,Prozeus 15 30sach,Prozeus,โปรตีนและโภชนาการเสริม (Nutritional Supplements),Yes,0,36,29520.0
2025-08,2025,8,2025-08-28,00658,Clinigel (VASELINE) Gel 50g BDC,Clinigel,กลุ่มยาและเวชภัณฑ์ทั่วไป (General Health & Others),No,0,574,28739.8
2025-08,2025,8,2025-08-28,03654,Glucosa 1500mg lemon 30Sach/Box BDC,Glucosa,ยาบำรุงข้อกระดูก (Osteoarthritis),Yes,0,94,27260.0
2025-08,2025,8,2025-08-28,01244,Lorita (Loratadine) 10mg Tab/Bl FML,Lolita,ยาแก้แพ้/ต้านฮิสตามีน (Antihistamines),No,0,306,25436.26
2025-08,2025,8,2025-08-28,03358,Gastrosec (Omeprazole) 20mg BDC,Gastrosec,ยาลดกรดในกระเพาะอาหาร (PPIs & Antacids),No,0,690,23787.58
2025-08,2025,8,2025-08-28,01709,Roxithroxyl 150mg Tab/Bl BDC,Roxithroxyl,กลุ่มยาและเวชภัณฑ์ทั่วไป (General Health & Others),No,0,1000,21746.52
2025-08,2025,8,2025-08-28,14106,Anzac fluoxetin HCI 20mg,Anxac,ยาปรับสารเคมีในสมอง/คลายกังวล (Psychotropics),No,0,126,20234.32
2025-08,2025,8,2025-08-28,01946,Zertin 5mg SP 60ml FML,Zertine,ยาแก้แพ้/ต้านฮิสตามีน (Antihistamines),No,0,477,19227.74
2025-08,2025,8,2025-08-28,00863,Domper-M domperidone 10mg BDC,Domper-M,ยาช่วยย่อย/ต้านคลื่นไส้อาเจียน (Antiemetics),No,0,3670,19147.8
2025-08,2025,8,2025-08-28,04220,"Zyno cream 0,1% 15g BDC",Zeno,กลุ่มยาและเวชภัณฑ์ทั่วไป (General Health & Others),No,0,714,17850.0
2025-08,2025,8,2025-08-28,07777,GiBismol Pink 240ml (Prink) BDC,Gastro-Bismol,ยาเคลือบกระเพาะ/กรดไหลย้อน (Antacids & GI),Yes,0,218,17332.92
2025-08,2025,8,2025-08-28,00999,Fartussin Tab/Bl 15mg FML,Fartussin,กลุ่มยาและเวชภัณฑ์ทั่วไป (General Health & Others),No,0,189,17016.53
2025-08,2025,8,2025-08-28,04353,"Capsika-25 (0,025%) Gel 35g Pack/10Tub",Capsika,ยาแก้ปวด/กล้ามเนื้อ/ข้อกระดูก (Analgesics & Musculoskeletal),Yes,0,266,15158.08
2025-08,2025,8,2025-08-28,02020,Capsika-25 lotion spray 100ml,Capsika,ยาแก้ปวด/กล้ามเนื้อ/ข้อกระดูก (Analgesics & Musculoskeletal),Yes,0,92,14729.3
2025-08,2025,8,2025-08-28,00996,Fango (Clotrimazol) Cream 5g BDC,Fango,ยาผิวหนังต้านเชื้อรา/อักเสบ (Dermatology),Yes,0,948,13513.52
2025-08,2025,8,2025-08-28,18544,Clena TM EX (Anti melasma) 15g,Clenascar,เวชสำอางดูแลแผลเป็น/สิว (Dermatology & Skincare),Yes,0,72,12240.0
2025-08,2025,8,2025-08-28,03519,"Zyno cream 0,1% 5g BDC",Zeno,กลุ่มยาและเวชภัณฑ์ทั่วไป (General Health & Others),No,0,708,10804.78
2025-08,2025,8,2025-08-28,01957,"Zyno cream 0,02% 5g BDC",Zeno,กลุ่มยาและเวชภัณฑ์ทั่วไป (General Health & Others),No,0,642,9983.91
2025-08,2025,8,2025-08-28,18610,Precius (Pregabalin) 75mg 6Bl/Box,Precius,ยารักษาอาการปวดเส้นประสาท (Neuropathic Pain),Yes,0,20,9900.0
2025-08,2025,8,2025-08-28,00368,Allerax-Fc 10mg 50Bl/Box BDC,Allerlax,ยาแก้แพ้/ต้านฮิสตามีน (Antihistamines),No,0,1920,9495.65
2025-08,2025,8,2025-08-28,07545,Plaivana  Cream 35g BDC,Plaivana,ยาแก้ปวด/กล้ามเนื้อ/ข้อกระดูก (Analgesics & Musculoskeletal),Yes,0,125,8500.0
2025-08,2025,8,2025-08-28,10399,Feenoze nasal spray 20ml BDC,Feenoze,กลุ่มยาและเวชภัณฑ์ทั่วไป (General Health & Others),No,0,100,8300.0
2025-08,2025,8,2025-08-28,08451,AROTIKA Rub Spray 60ml  BDC,Arotika,ยาแก้ปวด/กล้ามเนื้อ/ข้อกระดูก (Analgesics & Musculoskeletal),Yes,0,77,7700.0
2025-08,2025,8,2025-08-28,17100,Prozeus 15 10sach,Prozeus,โปรตีนและโภชนาการเสริม (Nutritional Supplements),Yes,0,25,7500.0
2025-08,2025,8,2025-08-28,18422,Hepivir (Hepatitis  B) entecavir 0.5mg 3Bl/Box TH,Hepivir,ยาต้านไวรัสตับอักเสบ (Antivirals & Hepatology),Yes,0,14,7000.0
2025-08,2025,8,2025-08-28,17226,Tristan (Etoricoxib 90mg),Tristan,ยาแก้ปวด/ต้านการอักเสบ (NSAIDs & Pain Relief),Yes,0,146,6570.0
2025-08,2025,8,2025-08-28,03880,Glucocron (Gliclazide 80mg) BDC,Glucocron,ยารักษาโรคเบาหวาน (Antidiabetics),No,0,44,5940.0
2025-08,2025,8,2025-08-28,08449,AROTIKA Rub  15g  BDC,Arotika,ยาแก้ปวด/กล้ามเนื้อ/ข้อกระดูก (Analgesics & Musculoskeletal),Yes,0,180,5760.0
2025-08,2025,8,2025-08-28,00369,Allerax-Fc 10mg 1000Tab/Bott BDC,Allerlax,ยาแก้แพ้/ต้านฮิสตามีน (Antihistamines),No,0,26,5460.0
2025-08,2025,8,2025-08-28,18911,Fango-BD (Clotrimazole 1% / Betamethasone 0.1%) cream 5g,Fango,ยาผิวหนังต้านเชื้อรา/อักเสบ (Dermatology),Yes,0,264,4694.04
2025-08,2025,8,2025-08-28,15712,AROTIKA Rub Lotion 80ml,Arotika,ยาแก้ปวด/กล้ามเนื้อ/ข้อกระดูก (Analgesics & Musculoskeletal),Yes,0,20,4600.0
2025-08,2025,8,2025-08-28,17225,Arotika cool spray 60ml,Arotika,ยาแก้ปวด/กล้ามเนื้อ/ข้อกระดูก (Analgesics & Musculoskeletal),Yes,0,27,3915.0
2025-08,2025,8,2025-08-28,07539,Plaivana Cream  15g  BDC,Plaivana,ยาแก้ปวด/กล้ามเนื้อ/ข้อกระดูก (Analgesics & Musculoskeletal),Yes,0,84,3360.0
2025-08,2025,8,2025-08-28,08450,AROTIKA Rub  35g  BDC,Arotika,ยาแก้ปวด/กล้ามเนื้อ/ข้อกระดูก (Analgesics & Musculoskeletal),Yes,0,50,3209.3
2025-08,2025,8,2025-08-28,00581,"Capsika 0,0125% gel 35g BDC",Capsika,ยาแก้ปวด/กล้ามเนื้อ/ข้อกระดูก (Analgesics & Musculoskeletal),Yes,0,70,3150.0
2025-08,2025,8,2025-08-28,18682,Zentozide (Praziquantel) 600mg Bl/Box,Zentocide,ยาถ่ายพยาธิใบไม้ในตับ (Antiparasitics),Yes,0,70,3150.0
2025-08,2025,8,2025-08-28,01500,Oflocee (Ofloxacin) 200mg FML,Oflocee,ยาปฏิชีวนะ/ฆ่าเชื้อ (Antibiotics),No,0,16,2961.61
2025-08,2025,8,2025-08-28,01342,Mucobrox SP 60ml BDC,Mucobrox,กลุ่มยาและเวชภัณฑ์ทั่วไป (General Health & Others),No,0,57,2850.0
2025-08,2025,8,2025-08-28,15617,Zenzera Supersion 10ml/Sach,Zenzera,ยาถ่ายพยาธิ (Anthelmintics),Yes,0,30,2790.0
2025-08,2025,8,2025-08-28,05941,Clinivate cream 15g BDC,Klenivet,ยาผิวหนังฆ่าเชื้อ/ต้านอักเสบ (Dermatology),No,0,96,2782.49
2025-08,2025,8,2025-08-28,05252,Fango (Clotrimazole) cream 15g BDC,Fango,ยาผิวหนังต้านเชื้อรา/อักเสบ (Dermatology),Yes,0,96,2719.68
2025-08,2025,8,2025-08-28,05946,Diabederm cream 10% 35g (Green) BDC,Diabederm,ยาผิวหนัง/บำรุงผิวแห้งแตก (Dermatology),Yes,0,43,2279.0
2025-08,2025,8,2025-08-28,01958,"Zyno cream 0,02% 15g BDC",Zeno,กลุ่มยาและเวชภัณฑ์ทั่วไป (General Health & Others),No,0,78,2236.26
2025-08,2025,8,2025-08-28,08452,Arotika cool gel 35g BDC,Arotika,ยาแก้ปวด/กล้ามเนื้อ/ข้อกระดูก (Analgesics & Musculoskeletal),Yes,0,30,1500.0
2025-08,2025,8,2025-08-28,01735,Skinfect (Gentamicin) cream 5g BDC,Skinfect,ยาปฏิชีวนะทาแผล/ผิวหนัง (Dermatology),No,0,110,1490.3
2025-08,2025,8,2025-08-28,00660,Clinivate cream 5g BDC,Klenivet,ยาผิวหนังฆ่าเชื้อ/ต้านอักเสบ (Dermatology),No,0,84,1260.0
2025-08,2025,8,2025-08-28,06243,Diabederm cream 20% 35g (Blue) BDC,Diabederm,ยาผิวหนัง/บำรุงผิวแห้งแตก (Dermatology),Yes,0,10,650.0
2025-08,2025,8,2025-08-28,18579,(Free) Hepivir (Hepatitis B) entecavir 0.5mg 3Bl/Box TH,Hepivir,ยาต้านไวรัสตับอักเสบ (Antivirals & Hepatology),Yes,0,14,0.0
2025-08,2025,8,2025-08-28,18921,(Free) Otto ໝໍ້ຊີ້ນຈຸ່ມ+ດາດ GR-175A (1900W),Otto,กลุ่มยาและเวชภัณฑ์ทั่วไป (General Health & Others),No,0,14,0.0
2025-08,2025,8,2025-08-28,18922,(Free) Tiger star ໝໍ້ແດງ SP-100,Tiger,กลุ่มยาและเวชภัณฑ์ทั่วไป (General Health & Others),No,0,7,0.0
2025-08,2025,8,2025-08-28,18919,(Free) Otto ໝໍ້ທອດໄຟຟ້າ DF-377 6L (2500W),Otto,กลุ่มยาและเวชภัณฑ์ทั่วไป (General Health & Others),No,0,5,0.0
2025-08,2025,8,2025-08-28,18575,(Free) Glucosa 1500mg Red 30Sach/Box BDC,Glucosa,ยาบำรุงข้อกระดูก (Osteoarthritis),Yes,0,42,0.0
2025-08,2025,8,2025-08-28,18578,(Free) Capsika-25 lotion spong pak 80ml,Capsika,ยาแก้ปวด/กล้ามเนื้อ/ข้อกระดูก (Analgesics & Musculoskeletal),Yes,0,11,0.0
2025-09,2025,9,2025-09-28,06538,Spascopan(Buscopan)Tab/Bl 10mgBDC,Spascopan,ยาบรรเทาอาการปวดเกร็งช่องท้อง (Antispasmodics),No,0,15950,371232.32
2025-09,2025,9,2025-09-28,01944,Zenzera (Albendazole) 200mg Tab/Bl BDC,Zenzera,ยาถ่ายพยาธิ (Anthelmintics),Yes,0,42547,346730.29
2025-09,2025,9,2025-09-28,01947,Zertine 10mg Tab/Bl FML,Zertine,ยาแก้แพ้/ต้านฮิสตามีน (Antihistamines),No,0,3125,236026.37
2025-09,2025,9,2025-09-28,01475,Noraphen 500mg Tab/Bl BDC,Noraphen,ยาแก้ปวด/ต้านการอักเสบ (NSAIDs & Pain Relief),No,0,16150,199473.81
2025-09,2025,9,2025-09-28,01758,Sporaxyl (Keto) 200mg 1x10Bl BDC,Sporosil,ยาต้านเชื้อรา (Antifungals),No,0,1061,191332.0
2025-09,2025,9,2025-09-28,00663,CliDecir (Acidclovir) 5g cream BDC,Clidecir,กลุ่มยาและเวชภัณฑ์ทั่วไป (General Health & Others),No,0,11568,175909.6
2025-09,2025,9,2025-09-28,07427,Clinimet-400(Cimetidine) Tab/Bl  BDC,Klenimed,ยาลดกรดในกระเพาะอาหาร (Antacids & GI),No,0,9811,160563.44
2025-09,2025,9,2025-09-28,00644,Ciproxyl 500mg Tab/Bl FML,Ciprocin,ยาปฏิชีวนะ/ฆ่าเชื้อทางเดินปัสสาวะ (Antibiotics),No,0,681,147177.12
2025-09,2025,9,2025-09-28,08921,Cephalexyl-500 Caps/Bl SAP,Cephalexyl,ยาปฏิชีวนะ/ฆ่าเชื้อแบคทีเรีย (Antibiotics),No,0,515,146821.56
2025-09,2025,9,2025-09-28,14275,Nacoxib 90mg,Nacoxib,ยาแก้ปวด/ต้านการอักเสบ (NSAIDs & Pain Relief),Yes,0,456,109712.02
2025-09,2025,9,2025-09-28,01091,Glucosa 1500mg Red 30Sach/Box BDC,Glucosa,ยาบำรุงข้อกระดูก (Osteoarthritis),Yes,0,376,109073.68
2025-09,2025,9,2025-09-28,05942,Clinivate-N Cream 15g BDC,Klenivet,ยาผิวหนังฆ่าเชื้อ/ต้านอักเสบ (Dermatology),No,0,2941,100133.25
2025-09,2025,9,2025-09-28,07777,GiBismol Pink 240ml (Prink) BDC,Gastro-Bismol,ยาเคลือบกระเพาะ/กรดไหลย้อน (Antacids & GI),Yes,0,1135,88787.54
2025-09,2025,9,2025-09-28,05108,CliDecir(Acyclovir) 400mg  BDC,Clideciracyclovir,กลุ่มยาและเวชภัณฑ์ทั่วไป (General Health & Others),No,0,542,81349.02
2025-09,2025,9,2025-09-28,01094,Glucosa-500mg Cap/Bl BDC,Glucosa,ยาบำรุงข้อกระดูก (Osteoarthritis),Yes,0,286,75233.55
2025-09,2025,9,2025-09-28,01759,Sporaxyl (Keto) cream 5g BDC,Sporosil,ยาต้านเชื้อรา (Antifungals),No,0,4728,74984.84
2025-09,2025,9,2025-09-28,00661,Clinivate-N cream 5g BDC,Klenivet,ยาผิวหนังฆ่าเชื้อ/ต้านอักเสบ (Dermatology),No,0,4608,73671.79
2025-09,2025,9,2025-09-28,03886,"Goutichin (Colchicin) 0,6mg Tab/Bl FML",Goutichin,กลุ่มยาและเวชภัณฑ์ทั่วไป (General Health & Others),No,0,736,69988.44
2025-09,2025,9,2025-09-28,01012,Fexotine (Fexofenadin) Tab/Bl FML,Fexotine,กลุ่มยาและเวชภัณฑ์ทั่วไป (General Health & Others),No,0,1602,64525.77
2025-09,2025,9,2025-09-28,01500,Oflocee (Ofloxacin) 200mg FML,Oflocee,ยาปฏิชีวนะ/ฆ่าเชื้อ (Antibiotics),No,0,259,48053.06
2025-09,2025,9,2025-09-28,10799,Clenascar  Gel  15g,Clenascar,เวชสำอางดูแลแผลเป็น/สิว (Dermatology & Skincare),Yes,0,282,47960.69
2025-09,2025,9,2025-09-28,14106,Anzac fluoxetin HCI 20mg,Anxac,ยาปรับสารเคมีในสมอง/คลายกังวล (Psychotropics),No,0,250,40202.49
2025-09,2025,9,2025-09-28,05020,Sporaxyl(Keto) Cream 15g BDC,Sporosil,ยาต้านเชื้อรา (Antifungals),No,0,1422,40142.08
2025-09,2025,9,2025-09-28,03654,Glucosa 1500mg lemon 30Sach/Box BDC,Glucosa,ยาบำรุงข้อกระดูก (Osteoarthritis),Yes,0,126,36535.82
2025-09,2025,9,2025-09-28,18610,Precius (Pregabalin) 75mg 6Bl/Box,Precius,ยารักษาอาการปวดเส้นประสาท (Neuropathic Pain),Yes,0,72,35640.0
2025-09,2025,9,2025-09-28,02072,Stugin (Cinnariz) 25mg Tab/Bl BDC,Stugin,ยาบรรเทาอาการเวียนศีรษะ/บ้านหมุน (Vertigo & CNS),No,0,7190,32841.88
2025-09,2025,9,2025-09-28,01103,Gynogesic (Dolfenal) 500mg Tab/BL BDC,Gynogesic,ยาแก้ปวดประจำเดือน/กล้ามเนื้อ (Analgesics),No,0,193,29104.37
2025-09,2025,9,2025-09-28,01244,Lorita (Loratadine) 10mg Tab/Bl FML,Lolita,ยาแก้แพ้/ต้านฮิสตามีน (Antihistamines),No,0,326,27387.86
2025-09,2025,9,2025-09-28,00664,CliDecir (Acidclovir) 200mg BDC,Clidecir,กลุ่มยาและเวชภัณฑ์ทั่วไป (General Health & Others),No,0,239,25879.13
2025-09,2025,9,2025-09-28,00658,Clinigel (VASELINE) Gel 50g BDC,Clinigel,กลุ่มยาและเวชภัณฑ์ทั่วไป (General Health & Others),No,0,554,25138.34
2025-09,2025,9,2025-09-28,10191,Spascopan 10mg Tab/Bott BDC,Spascopan,ยาบรรเทาอาการปวดเกร็งช่องท้อง (Antispasmodics),No,0,28,24640.0
2025-09,2025,9,2025-09-28,01946,Zertin 5mg SP 60ml FML,Zertine,ยาแก้แพ้/ต้านฮิสตามีน (Antihistamines),No,0,559,22362.03
2025-09,2025,9,2025-09-28,03880,Glucocron (Gliclazide 80mg) BDC,Glucocron,ยารักษาโรคเบาหวาน (Antidiabetics),No,0,151,21645.67
2025-09,2025,9,2025-09-28,03358,Gastrosec (Omeprazole) 20mg BDC,Gastrosec,ยาลดกรดในกระเพาะอาหาร (PPIs & Antacids),No,0,608,21132.41
2025-09,2025,9,2025-09-28,18238,CliDecir-800mg 7Bl/Box TH,Clidecir800Mg,กลุ่มยาและเวชภัณฑ์ทั่วไป (General Health & Others),No,0,71,20243.25
2025-09,2025,9,2025-09-28,17101,Prozeus 15 30sach,Prozeus,โปรตีนและโภชนาการเสริม (Nutritional Supplements),Yes,0,24,19691.92
2025-09,2025,9,2025-09-28,18544,Clena TM EX (Anti melasma) 15g,Clenascar,เวชสำอางดูแลแผลเป็น/สิว (Dermatology & Skincare),Yes,0,112,19039.26
2025-09,2025,9,2025-09-28,17225,Arotika cool spray 60ml,Arotika,ยาแก้ปวด/กล้ามเนื้อ/ข้อกระดูก (Analgesics & Musculoskeletal),Yes,0,131,19013.45
2025-09,2025,9,2025-09-28,18911,Fango-BD (Clotrimazole 1% / Betamethasone 0.1%) cream 5g,Fango,ยาผิวหนังต้านเชื้อรา/อักเสบ (Dermatology),Yes,0,912,18218.4
2025-09,2025,9,2025-09-28,01709,Roxithroxyl 150mg Tab/Bl BDC,Roxithroxyl,กลุ่มยาและเวชภัณฑ์ทั่วไป (General Health & Others),No,0,800,17221.5
2025-09,2025,9,2025-09-28,06243,Diabederm cream 20% 35g (Blue) BDC,Diabederm,ยาผิวหนัง/บำรุงผิวแห้งแตก (Dermatology),Yes,0,256,16588.93
2025-09,2025,9,2025-09-28,15617,Zenzera Supersion 10ml/Sach,Zenzera,ยาถ่ายพยาธิ (Anthelmintics),Yes,0,176,16430.74
2025-09,2025,9,2025-09-28,00662,Clinoderm (Clobetaso) cream 5g BDC,Clinoderm,กลุ่มยาและเวชภัณฑ์ทั่วไป (General Health & Others),No,0,624,14347.44
2025-09,2025,9,2025-09-28,18682,Zentozide (Praziquantel) 600mg Bl/Box,Zentocide,ยาถ่ายพยาธิใบไม้ในตับ (Antiparasitics),Yes,0,210,13367.34
2025-09,2025,9,2025-09-28,00863,Domper-M domperidone 10mg BDC,Domper-M,ยาช่วยย่อย/ต้านคลื่นไส้อาเจียน (Antiemetics),No,0,2510,13190.15
2025-09,2025,9,2025-09-28,08452,Arotika cool gel 35g BDC,Arotika,ยาแก้ปวด/กล้ามเนื้อ/ข้อกระดูก (Analgesics & Musculoskeletal),Yes,0,240,12000.0
2025-09,2025,9,2025-09-28,05946,Diabederm cream 10% 35g (Green) BDC,Diabederm,ยาผิวหนัง/บำรุงผิวแห้งแตก (Dermatology),Yes,0,226,11935.0
2025-09,2025,9,2025-09-28,05252,Fango (Clotrimazole) cream 15g BDC,Fango,ยาผิวหนังต้านเชื้อรา/อักเสบ (Dermatology),Yes,0,408,11553.29
2025-09,2025,9,2025-09-28,17226,Tristan (Etoricoxib 90mg),Tristan,ยาแก้ปวด/ต้านการอักเสบ (NSAIDs & Pain Relief),Yes,0,211,9494.28
2025-09,2025,9,2025-09-28,04220,"Zyno cream 0,1% 15g BDC",Zeno,กลุ่มยาและเวชภัณฑ์ทั่วไป (General Health & Others),No,0,300,7573.92
2025-09,2025,9,2025-09-28,01958,"Zyno cream 0,02% 15g BDC",Zeno,กลุ่มยาและเวชภัณฑ์ทั่วไป (General Health & Others),No,0,252,7233.23
2025-09,2025,9,2025-09-28,10399,Feenoze nasal spray 20ml BDC,Feenoze,กลุ่มยาและเวชภัณฑ์ทั่วไป (General Health & Others),No,0,80,6640.46
2025-09,2025,9,2025-09-28,01342,Mucobrox SP 60ml BDC,Mucobrox,กลุ่มยาและเวชภัณฑ์ทั่วไป (General Health & Others),No,0,132,6600.0
2025-09,2025,9,2025-09-28,00999,Fartussin Tab/Bl 15mg FML,Fartussin,กลุ่มยาและเวชภัณฑ์ทั่วไป (General Health & Others),No,0,71,6390.0
2025-09,2025,9,2025-09-28,07539,Plaivana Cream  15g  BDC,Plaivana,ยาแก้ปวด/กล้ามเนื้อ/ข้อกระดูก (Analgesics & Musculoskeletal),Yes,0,156,6269.54
2025-09,2025,9,2025-09-28,00368,Allerax-Fc 10mg 50Bl/Box BDC,Allerlax,ยาแก้แพ้/ต้านฮิสตามีน (Antihistamines),No,0,1230,5875.78
2025-09,2025,9,2025-09-28,04353,"Capsika-25 (0,025%) Gel 35g Pack/10Tub",Capsika,ยาแก้ปวด/กล้ามเนื้อ/ข้อกระดูก (Analgesics & Musculoskeletal),Yes,0,96,5376.0
2025-09,2025,9,2025-09-28,07545,Plaivana  Cream 35g BDC,Plaivana,ยาแก้ปวด/กล้ามเนื้อ/ข้อกระดูก (Analgesics & Musculoskeletal),Yes,0,70,4745.71
2025-09,2025,9,2025-09-28,01735,Skinfect (Gentamicin) cream 5g BDC,Skinfect,ยาปฏิชีวนะทาแผล/ผิวหนัง (Dermatology),No,0,348,4638.4
2025-09,2025,9,2025-09-28,05941,Clinivate cream 15g BDC,Klenivet,ยาผิวหนังฆ่าเชื้อ/ต้านอักเสบ (Dermatology),No,0,156,4535.4
2025-09,2025,9,2025-09-28,08451,AROTIKA Rub Spray 60ml  BDC,Arotika,ยาแก้ปวด/กล้ามเนื้อ/ข้อกระดูก (Analgesics & Musculoskeletal),Yes,0,44,4401.74
2025-09,2025,9,2025-09-28,00660,Clinivate cream 5g BDC,Klenivet,ยาผิวหนังฆ่าเชื้อ/ต้านอักเสบ (Dermatology),No,0,257,4142.7
2025-09,2025,9,2025-09-28,00581,"Capsika 0,0125% gel 35g BDC",Capsika,ยาแก้ปวด/กล้ามเนื้อ/ข้อกระดูก (Analgesics & Musculoskeletal),Yes,0,82,3821.0
2025-09,2025,9,2025-09-28,01957,"Zyno cream 0,02% 5g BDC",Zeno,กลุ่มยาและเวชภัณฑ์ทั่วไป (General Health & Others),No,0,222,3427.72
2025-09,2025,9,2025-09-28,04553,"CapsikaŒ-25 gel 15g 0,025% BDC 12Tub",Capsika,ยาแก้ปวด/กล้ามเนื้อ/ข้อกระดูก (Analgesics & Musculoskeletal),Yes,0,92,3220.61
2025-09,2025,9,2025-09-28,08450,AROTIKA Rub  35g  BDC,Arotika,ยาแก้ปวด/กล้ามเนื้อ/ข้อกระดูก (Analgesics & Musculoskeletal),Yes,0,50,3200.0
2025-09,2025,9,2025-09-28,05943,Clinoderm Cream 15g BDC,Clinoderm,กลุ่มยาและเวชภัณฑ์ทั่วไป (General Health & Others),No,0,60,2250.43
2025-09,2025,9,2025-09-28,03519,"Zyno cream 0,1% 5g BDC",Zeno,กลุ่มยาและเวชภัณฑ์ทั่วไป (General Health & Others),No,0,108,1790.68
2025-09,2025,9,2025-09-28,17224,Gastro bismol 524,Gastro-Bismol,ยาเคลือบกระเพาะ/กรดไหลย้อน (Antacids & GI),Yes,0,4,1400.0
2025-09,2025,9,2025-09-28,00996,Fango (Clotrimazol) Cream 5g BDC,Fango,ยาผิวหนังต้านเชื้อรา/อักเสบ (Dermatology),Yes,0,60,840.0
2025-09,2025,9,2025-09-28,02020,Capsika-25 lotion spray 100ml,Capsika,ยาแก้ปวด/กล้ามเนื้อ/ข้อกระดูก (Analgesics & Musculoskeletal),Yes,0,5,800.0
2025-09,2025,9,2025-09-28,00369,Allerax-Fc 10mg 1000Tab/Bott BDC,Allerlax,ยาแก้แพ้/ต้านฮิสตามีน (Antihistamines),No,0,3,630.0
2025-09,2025,9,2025-09-28,08449,AROTIKA Rub  15g  BDC,Arotika,ยาแก้ปวด/กล้ามเนื้อ/ข้อกระดูก (Analgesics & Musculoskeletal),Yes,0,12,406.35
2025-10,2025,10,2025-10-28,08921,Cephalexyl-500 Caps/Bl SAP,Cephalexyl,ยาปฏิชีวนะ/ฆ่าเชื้อแบคทีเรีย (Antibiotics),No,0,1305,417323.69
2025-10,2025,10,2025-10-28,06538,Spascopan(Buscopan)Tab/Bl 10mgBDC,Spascopan,ยาบรรเทาอาการปวดเกร็งช่องท้อง (Antispasmodics),No,0,16600,393561.9
2025-10,2025,10,2025-10-28,01944,Zenzera (Albendazole) 200mg Tab/Bl BDC,Zenzera,ยาถ่ายพยาธิ (Anthelmintics),Yes,0,29768,245216.87
2025-10,2025,10,2025-10-28,00663,CliDecir (Acidclovir) 5g cream BDC,Clidecir,กลุ่มยาและเวชภัณฑ์ทั่วไป (General Health & Others),No,0,15348,228514.6
2025-10,2025,10,2025-10-28,01947,Zertine 10mg Tab/Bl FML,Zertine,ยาแก้แพ้/ต้านฮิสตามีน (Antihistamines),No,0,2831,203382.15
2025-10,2025,10,2025-10-28,00644,Ciproxyl 500mg Tab/Bl FML,Ciprocin,ยาปฏิชีวนะ/ฆ่าเชื้อทางเดินปัสสาวะ (Antibiotics),No,0,755,166474.44
2025-10,2025,10,2025-10-28,00661,Clinivate-N cream 5g BDC,Klenivet,ยาผิวหนังฆ่าเชื้อ/ต้านอักเสบ (Dermatology),No,0,11052,165783.58
2025-10,2025,10,2025-10-28,07777,GiBismol Pink 240ml (Prink) BDC,Gastro-Bismol,ยาเคลือบกระเพาะ/กรดไหลย้อน (Antacids & GI),Yes,0,2004,155118.73
2025-10,2025,10,2025-10-28,01094,Glucosa-500mg Cap/Bl BDC,Glucosa,ยาบำรุงข้อกระดูก (Osteoarthritis),Yes,0,511,132941.35
2025-10,2025,10,2025-10-28,01500,Oflocee (Ofloxacin) 200mg FML,Oflocee,ยาปฏิชีวนะ/ฆ่าเชื้อ (Antibiotics),No,0,563,114509.55
2025-10,2025,10,2025-10-28,05942,Clinivate-N Cream 15g BDC,Klenivet,ยาผิวหนังฆ่าเชื้อ/ต้านอักเสบ (Dermatology),No,0,3378,114243.21
2025-10,2025,10,2025-10-28,01759,Sporaxyl (Keto) cream 5g BDC,Sporosil,ยาต้านเชื้อรา (Antifungals),No,0,7428,111398.72
2025-10,2025,10,2025-10-28,07427,Clinimet-400(Cimetidine) Tab/Bl  BDC,Klenimed,ยาลดกรดในกระเพาะอาหาร (Antacids & GI),No,0,6970,110548.71
2025-10,2025,10,2025-10-28,01758,Sporaxyl (Keto) 200mg 1x10Bl BDC,Sporosil,ยาต้านเชื้อรา (Antifungals),No,0,533,94541.33
2025-10,2025,10,2025-10-28,03886,"Goutichin (Colchicin) 0,6mg Tab/Bl FML",Goutichin,กลุ่มยาและเวชภัณฑ์ทั่วไป (General Health & Others),No,0,871,85480.32
2025-10,2025,10,2025-10-28,14275,Nacoxib 90mg,Nacoxib,ยาแก้ปวด/ต้านการอักเสบ (NSAIDs & Pain Relief),Yes,0,330,79273.56
2025-10,2025,10,2025-10-28,01091,Glucosa 1500mg Red 30Sach/Box BDC,Glucosa,ยาบำรุงข้อกระดูก (Osteoarthritis),Yes,0,253,72117.4
2025-10,2025,10,2025-10-28,01475,Noraphen 500mg Tab/Bl BDC,Noraphen,ยาแก้ปวด/ต้านการอักเสบ (NSAIDs & Pain Relief),No,0,6470,61261.11
2025-10,2025,10,2025-10-28,01103,Gynogesic (Dolfenal) 500mg Tab/BL BDC,Gynogesic,ยาแก้ปวดประจำเดือน/กล้ามเนื้อ (Analgesics),No,0,393,58967.59
2025-10,2025,10,2025-10-28,00664,CliDecir (Acidclovir) 200mg BDC,Clidecir,กลุ่มยาและเวชภัณฑ์ทั่วไป (General Health & Others),No,0,473,53497.72
2025-10,2025,10,2025-10-28,00863,Domper-M domperidone 10mg BDC,Domper-M,ยาช่วยย่อย/ต้านคลื่นไส้อาเจียน (Antiemetics),No,0,9320,49746.52
2025-10,2025,10,2025-10-28,05020,Sporaxyl(Keto) Cream 15g BDC,Sporosil,ยาต้านเชื้อรา (Antifungals),No,0,1710,45611.68
2025-10,2025,10,2025-10-28,01012,Fexotine (Fexofenadin) Tab/Bl FML,Fexotine,กลุ่มยาและเวชภัณฑ์ทั่วไป (General Health & Others),No,0,1253,44979.33
2025-10,2025,10,2025-10-28,03358,Gastrosec (Omeprazole) 20mg BDC,Gastrosec,ยาลดกรดในกระเพาะอาหาร (PPIs & Antacids),No,0,1184,40344.45
2025-10,2025,10,2025-10-28,01244,Lorita (Loratadine) 10mg Tab/Bl FML,Lolita,ยาแก้แพ้/ต้านฮิสตามีน (Antihistamines),No,0,439,36001.33
2025-10,2025,10,2025-10-28,03654,Glucosa 1500mg lemon 30Sach/Box BDC,Glucosa,ยาบำรุงข้อกระดูก (Osteoarthritis),Yes,0,126,35345.15
2025-10,2025,10,2025-10-28,18544,Clena TM EX (Anti melasma) 15g,Clenascar,เวชสำอางดูแลแผลเป็น/สิว (Dermatology & Skincare),Yes,0,180,30600.0
2025-10,2025,10,2025-10-28,05943,Clinoderm Cream 15g BDC,Clinoderm,กลุ่มยาและเวชภัณฑ์ทั่วไป (General Health & Others),No,0,804,30170.57
2025-10,2025,10,2025-10-28,00999,Fartussin Tab/Bl 15mg FML,Fartussin,กลุ่มยาและเวชภัณฑ์ทั่วไป (General Health & Others),No,0,350,30054.13
2025-10,2025,10,2025-10-28,02072,Stugin (Cinnariz) 25mg Tab/Bl BDC,Stugin,ยาบรรเทาอาการเวียนศีรษะ/บ้านหมุน (Vertigo & CNS),No,0,6740,27555.6
2025-10,2025,10,2025-10-28,05108,CliDecir(Acyclovir) 400mg  BDC,Clideciracyclovir,กลุ่มยาและเวชภัณฑ์ทั่วไป (General Health & Others),No,0,179,26850.0
2025-10,2025,10,2025-10-28,01709,Roxithroxyl 150mg Tab/Bl BDC,Roxithroxyl,กลุ่มยาและเวชภัณฑ์ทั่วไป (General Health & Others),No,0,1230,26688.6
2025-10,2025,10,2025-10-28,07545,Plaivana  Cream 35g BDC,Plaivana,ยาแก้ปวด/กล้ามเนื้อ/ข้อกระดูก (Analgesics & Musculoskeletal),Yes,0,344,24135.22
2025-10,2025,10,2025-10-28,18238,CliDecir-800mg 7Bl/Box TH,Clidecir800Mg,กลุ่มยาและเวชภัณฑ์ทั่วไป (General Health & Others),No,0,78,22233.67
2025-10,2025,10,2025-10-28,00658,Clinigel (VASELINE) Gel 50g BDC,Clinigel,กลุ่มยาและเวชภัณฑ์ทั่วไป (General Health & Others),No,0,383,18800.5
2025-10,2025,10,2025-10-28,17226,Tristan (Etoricoxib 90mg),Tristan,ยาแก้ปวด/ต้านการอักเสบ (NSAIDs & Pain Relief),Yes,0,381,17147.66
2025-10,2025,10,2025-10-28,17100,Prozeus 15 10sach,Prozeus,โปรตีนและโภชนาการเสริม (Nutritional Supplements),Yes,0,57,17100.0
2025-10,2025,10,2025-10-28,10399,Feenoze nasal spray 20ml BDC,Feenoze,กลุ่มยาและเวชภัณฑ์ทั่วไป (General Health & Others),No,0,190,15770.29
2025-10,2025,10,2025-10-28,14106,Anzac fluoxetin HCI 20mg,Anxac,ยาปรับสารเคมีในสมอง/คลายกังวล (Psychotropics),No,0,99,15527.86
2025-10,2025,10,2025-10-28,01958,"Zyno cream 0,02% 15g BDC",Zeno,กลุ่มยาและเวชภัณฑ์ทั่วไป (General Health & Others),No,0,492,14112.45
2025-10,2025,10,2025-10-28,08451,AROTIKA Rub Spray 60ml  BDC,Arotika,ยาแก้ปวด/กล้ามเนื้อ/ข้อกระดูก (Analgesics & Musculoskeletal),Yes,0,138,13809.95
2025-10,2025,10,2025-10-28,05252,Fango (Clotrimazole) cream 15g BDC,Fango,ยาผิวหนังต้านเชื้อรา/อักเสบ (Dermatology),Yes,0,444,13693.63
2025-10,2025,10,2025-10-28,01946,Zertin 5mg SP 60ml FML,Zertine,ยาแก้แพ้/ต้านฮิสตามีน (Antihistamines),No,0,372,13142.2
2025-10,2025,10,2025-10-28,17224,Gastro bismol 524,Gastro-Bismol,ยาเคลือบกระเพาะ/กรดไหลย้อน (Antacids & GI),Yes,0,38,12965.56
2025-10,2025,10,2025-10-28,04220,"Zyno cream 0,1% 15g BDC",Zeno,กลุ่มยาและเวชภัณฑ์ทั่วไป (General Health & Others),No,0,516,12902.62
2025-10,2025,10,2025-10-28,15617,Zenzera Supersion 10ml/Sach,Zenzera,ยาถ่ายพยาธิ (Anthelmintics),Yes,0,132,12275.97
2025-10,2025,10,2025-10-28,17225,Arotika cool spray 60ml,Arotika,ยาแก้ปวด/กล้ามเนื้อ/ข้อกระดูก (Analgesics & Musculoskeletal),Yes,0,83,12043.83
2025-10,2025,10,2025-10-28,01735,Skinfect (Gentamicin) cream 5g BDC,Skinfect,ยาปฏิชีวนะทาแผล/ผิวหนัง (Dermatology),No,0,888,11927.87
2025-10,2025,10,2025-10-28,08450,AROTIKA Rub  35g  BDC,Arotika,ยาแก้ปวด/กล้ามเนื้อ/ข้อกระดูก (Analgesics & Musculoskeletal),Yes,0,181,11584.1
2025-10,2025,10,2025-10-28,03880,Glucocron (Gliclazide 80mg) BDC,Glucocron,ยารักษาโรคเบาหวาน (Antidiabetics),No,0,85,11477.42
2025-10,2025,10,2025-10-28,00581,"Capsika 0,0125% gel 35g BDC",Capsika,ยาแก้ปวด/กล้ามเนื้อ/ข้อกระดูก (Analgesics & Musculoskeletal),Yes,0,247,11121.9
2025-10,2025,10,2025-10-28,18911,Fango-BD (Clotrimazole 1% / Betamethasone 0.1%) cream 5g,Fango,ยาผิวหนังต้านเชื้อรา/อักเสบ (Dermatology),Yes,0,564,10864.56
2025-10,2025,10,2025-10-28,01342,Mucobrox SP 60ml BDC,Mucobrox,กลุ่มยาและเวชภัณฑ์ทั่วไป (General Health & Others),No,0,208,10400.0
2025-10,2025,10,2025-10-28,00368,Allerax-Fc 10mg 50Bl/Box BDC,Allerlax,ยาแก้แพ้/ต้านฮิสตามีน (Antihistamines),No,0,2210,9987.18
2025-10,2025,10,2025-10-28,00996,Fango (Clotrimazol) Cream 5g BDC,Fango,ยาผิวหนังต้านเชื้อรา/อักเสบ (Dermatology),Yes,0,600,8725.24
2025-10,2025,10,2025-10-28,06243,Diabederm cream 20% 35g (Blue) BDC,Diabederm,ยาผิวหนัง/บำรุงผิวแห้งแตก (Dermatology),Yes,0,123,7995.0
2025-10,2025,10,2025-10-28,04353,"Capsika-25 (0,025%) Gel 35g Pack/10Tub",Capsika,ยาแก้ปวด/กล้ามเนื้อ/ข้อกระดูก (Analgesics & Musculoskeletal),Yes,0,140,7839.71
2025-10,2025,10,2025-10-28,00369,Allerax-Fc 10mg 1000Tab/Bott BDC,Allerlax,ยาแก้แพ้/ต้านฮิสตามีน (Antihistamines),No,0,32,6722.44
2025-10,2025,10,2025-10-28,05946,Diabederm cream 10% 35g (Green) BDC,Diabederm,ยาผิวหนัง/บำรุงผิวแห้งแตก (Dermatology),Yes,0,126,6678.0
2025-10,2025,10,2025-10-28,18422,Hepivir (Hepatitis  B) entecavir 0.5mg 3Bl/Box TH,Hepivir,ยาต้านไวรัสตับอักเสบ (Antivirals & Hepatology),Yes,0,13,6502.92
2025-10,2025,10,2025-10-28,08452,Arotika cool gel 35g BDC,Arotika,ยาแก้ปวด/กล้ามเนื้อ/ข้อกระดูก (Analgesics & Musculoskeletal),Yes,0,130,6495.63
2025-10,2025,10,2025-10-28,07539,Plaivana Cream  15g  BDC,Plaivana,ยาแก้ปวด/กล้ามเนื้อ/ข้อกระดูก (Analgesics & Musculoskeletal),Yes,0,156,6243.49
2025-10,2025,10,2025-10-28,02020,Capsika-25 lotion spray 100ml,Capsika,ยาแก้ปวด/กล้ามเนื้อ/ข้อกระดูก (Analgesics & Musculoskeletal),Yes,0,36,5762.33
2025-10,2025,10,2025-10-28,18610,Precius (Pregabalin) 75mg 6Bl/Box,Precius,ยารักษาอาการปวดเส้นประสาท (Neuropathic Pain),Yes,0,10,4957.18
2025-10,2025,10,2025-10-28,03519,"Zyno cream 0,1% 5g BDC",Zeno,กลุ่มยาและเวชภัณฑ์ทั่วไป (General Health & Others),No,0,300,4592.11
2025-10,2025,10,2025-10-28,10191,Spascopan 10mg Tab/Bott BDC,Spascopan,ยาบรรเทาอาการปวดเกร็งช่องท้อง (Antispasmodics),No,0,5,4401.28
2025-10,2025,10,2025-10-28,10799,Clenascar  Gel  15g,Clenascar,เวชสำอางดูแลแผลเป็น/สิว (Dermatology & Skincare),Yes,0,23,3912.96
2025-10,2025,10,2025-10-28,08449,AROTIKA Rub  15g  BDC,Arotika,ยาแก้ปวด/กล้ามเนื้อ/ข้อกระดูก (Analgesics & Musculoskeletal),Yes,0,120,3841.67
2025-10,2025,10,2025-10-28,00660,Clinivate cream 5g BDC,Klenivet,ยาผิวหนังฆ่าเชื้อ/ต้านอักเสบ (Dermatology),No,0,132,2070.17
2025-10,2025,10,2025-10-28,05941,Clinivate cream 15g BDC,Klenivet,ยาผิวหนังฆ่าเชื้อ/ต้านอักเสบ (Dermatology),No,0,60,1742.36
2025-10,2025,10,2025-10-28,04553,"CapsikaŒ-25 gel 15g 0,025% BDC 12Tub",Capsika,ยาแก้ปวด/กล้ามเนื้อ/ข้อกระดูก (Analgesics & Musculoskeletal),Yes,0,40,1400.12
2025-10,2025,10,2025-10-28,00662,Clinoderm (Clobetaso) cream 5g BDC,Clinoderm,กลุ่มยาและเวชภัณฑ์ทั่วไป (General Health & Others),No,0,60,1379.98
2025-10,2025,10,2025-10-28,01957,"Zyno cream 0,02% 5g BDC",Zeno,กลุ่มยาและเวชภัณฑ์ทั่วไป (General Health & Others),No,0,84,1299.79
2025-10,2025,10,2025-10-28,18638,(Free) Plaivana cream 14% 35g BDC,Plaivana,ยาแก้ปวด/กล้ามเนื้อ/ข้อกระดูก (Analgesics & Musculoskeletal),Yes,0,14,0.0
2025-10,2025,10,2025-10-28,18579,(Free) Hepivir (Hepatitis B) entecavir 0.5mg 3Bl/Box TH,Hepivir,ยาต้านไวรัสตับอักเสบ (Antivirals & Hepatology),Yes,0,10,0.0
2025-10,2025,10,2025-10-28,18637,(Free) Clenascar gel 7g BDC,Clenascar,เวชสำอางดูแลแผลเป็น/สิว (Dermatology & Skincare),Yes,0,1,0.0
2025-10,2025,10,2025-10-28,18639,"(Free) Capsika 0,0125% gel 35g BDC",Capsika,ยาแก้ปวด/กล้ามเนื้อ/ข้อกระดูก (Analgesics & Musculoskeletal),Yes,0,1,0.0
2025-10,2025,10,2025-10-28,18922,(Free) Tiger star ໝໍ້ແດງ SP-100,Tiger,กลุ่มยาและเวชภัณฑ์ทั่วไป (General Health & Others),No,0,1,0.0
2025-10,2025,10,2025-10-28,19095,(Free) Fartussin 10Bl/Box 15mg FML,Fartussin,กลุ่มยาและเวชภัณฑ์ทั่วไป (General Health & Others),No,0,5,0.0
2025-10,2025,10,2025-10-28,18919,(Free) Otto ໝໍ້ທອດໄຟຟ້າ DF-377 6L (2500W),Otto,กลุ่มยาและเวชภัณฑ์ทั่วไป (General Health & Others),No,0,7,0.0
2025-10,2025,10,2025-10-28,18923,(Free) Safe & Save ກາຕົ້ມນໍ້າໄຟຟ້າ 1.8L TH,Safe,กลุ่มยาและเวชภัณฑ์ทั่วไป (General Health & Others),No,0,1,0.0
2025-10,2025,10,2025-10-28,18575,(Free) Glucosa 1500mg Red 30Sach/Box BDC,Glucosa,ยาบำรุงข้อกระดูก (Osteoarthritis),Yes,0,80,0.0
2025-10,2025,10,2025-10-28,19122,(Free) Clinivate-N cream 5g BDC,Klenivet,ยาผิวหนังฆ่าเชื้อ/ต้านอักเสบ (Dermatology),No,0,204,0.0
2025-10,2025,10,2025-10-28,18578,(Free) Capsika-25 lotion spong pak 80ml,Capsika,ยาแก้ปวด/กล้ามเนื้อ/ข้อกระดูก (Analgesics & Musculoskeletal),Yes,0,58,0.0
2025-11,2025,11,2025-11-28,06538,Spascopan(Buscopan)Tab/Bl 10mgBDC,Spascopan,ยาบรรเทาอาการปวดเกร็งช่องท้อง (Antispasmodics),No,0,16040,351769.02
2025-11,2025,11,2025-11-28,01944,Zenzera (Albendazole) 200mg Tab/Bl BDC,Zenzera,ยาถ่ายพยาธิ (Anthelmintics),Yes,0,22151,166313.58
2025-11,2025,11,2025-11-28,00663,CliDecir (Acidclovir) 5g cream BDC,Clidecir,กลุ่มยาและเวชภัณฑ์ทั่วไป (General Health & Others),No,0,10692,149547.77
2025-11,2025,11,2025-11-28,01758,Sporaxyl (Keto) 200mg 1x10Bl BDC,Sporosil,ยาต้านเชื้อรา (Antifungals),No,0,876,149397.3
2025-11,2025,11,2025-11-28,08921,Cephalexyl-500 Caps/Bl SAP,Cephalexyl,ยาปฏิชีวนะ/ฆ่าเชื้อแบคทีเรีย (Antibiotics),No,0,544,148778.38
2025-11,2025,11,2025-11-28,07427,Clinimet-400(Cimetidine) Tab/Bl  BDC,Klenimed,ยาลดกรดในกระเพาะอาหาร (Antacids & GI),No,0,8560,130536.85
2025-11,2025,11,2025-11-28,01947,Zertine 10mg Tab/Bl FML,Zertine,ยาแก้แพ้/ต้านฮิสตามีน (Antihistamines),No,0,2049,114324.75
2025-11,2025,11,2025-11-28,07777,GiBismol Pink 240ml (Prink) BDC,Gastro-Bismol,ยาเคลือบกระเพาะ/กรดไหลย้อน (Antacids & GI),Yes,0,1140,84707.46
2025-11,2025,11,2025-11-28,01091,Glucosa 1500mg Red 30Sach/Box BDC,Glucosa,ยาบำรุงข้อกระดูก (Osteoarthritis),Yes,0,344,84318.44
2025-11,2025,11,2025-11-28,01759,Sporaxyl (Keto) cream 5g BDC,Sporosil,ยาต้านเชื้อรา (Antifungals),No,0,5508,78012.29
2025-11,2025,11,2025-11-28,01094,Glucosa-500mg Cap/Bl BDC,Glucosa,ยาบำรุงข้อกระดูก (Osteoarthritis),Yes,0,327,73854.87
2025-11,2025,11,2025-11-28,00644,Ciproxyl 500mg Tab/Bl FML,Ciprocin,ยาปฏิชีวนะ/ฆ่าเชื้อทางเดินปัสสาวะ (Antibiotics),No,0,346,70711.35
2025-11,2025,11,2025-11-28,14275,Nacoxib 90mg,Nacoxib,ยาแก้ปวด/ต้านการอักเสบ (NSAIDs & Pain Relief),Yes,0,457,66121.34
2025-11,2025,11,2025-11-28,00661,Clinivate-N cream 5g BDC,Klenivet,ยาผิวหนังฆ่าเชื้อ/ต้านอักเสบ (Dermatology),No,0,4392,63796.31
2025-11,2025,11,2025-11-28,01500,Oflocee (Ofloxacin) 200mg FML,Oflocee,ยาปฏิชีวนะ/ฆ่าเชื้อ (Antibiotics),No,0,347,63082.98
2025-11,2025,11,2025-11-28,18610,Precius (Pregabalin) 75mg 6Bl/Box,Precius,ยารักษาอาการปวดเส้นประสาท (Neuropathic Pain),Yes,0,164,62973.34
2025-11,2025,11,2025-11-28,14106,Anzac fluoxetin HCI 20mg,Anxac,ยาปรับสารเคมีในสมอง/คลายกังวล (Psychotropics),No,0,335,62687.39
2025-11,2025,11,2025-11-28,01012,Fexotine (Fexofenadin) Tab/Bl FML,Fexotine,กลุ่มยาและเวชภัณฑ์ทั่วไป (General Health & Others),No,0,1761,52039.7
2025-11,2025,11,2025-11-28,00863,Domper-M domperidone 10mg BDC,Domper-M,ยาช่วยย่อย/ต้านคลื่นไส้อาเจียน (Antiemetics),No,0,8390,45899.83
2025-11,2025,11,2025-11-28,05108,CliDecir(Acyclovir) 400mg  BDC,Clideciracyclovir,กลุ่มยาและเวชภัณฑ์ทั่วไป (General Health & Others),No,0,415,45371.51
2025-11,2025,11,2025-11-28,05942,Clinivate-N Cream 15g BDC,Klenivet,ยาผิวหนังฆ่าเชื้อ/ต้านอักเสบ (Dermatology),No,0,1317,42792.74
2025-11,2025,11,2025-11-28,01244,Lorita (Loratadine) 10mg Tab/Bl FML,Lolita,ยาแก้แพ้/ต้านฮิสตามีน (Antihistamines),No,0,560,42043.26
2025-11,2025,11,2025-11-28,03886,"Goutichin (Colchicin) 0,6mg Tab/Bl FML",Goutichin,กลุ่มยาและเวชภัณฑ์ทั่วไป (General Health & Others),No,0,529,41518.2
2025-11,2025,11,2025-11-28,03654,Glucosa 1500mg lemon 30Sach/Box BDC,Glucosa,ยาบำรุงข้อกระดูก (Osteoarthritis),Yes,0,146,37489.1
2025-11,2025,11,2025-11-28,01103,Gynogesic (Dolfenal) 500mg Tab/BL BDC,Gynogesic,ยาแก้ปวดประจำเดือน/กล้ามเนื้อ (Analgesics),No,0,224,34231.83
2025-11,2025,11,2025-11-28,17101,Prozeus 15 30sach,Prozeus,โปรตีนและโภชนาการเสริม (Nutritional Supplements),Yes,0,46,34092.9
2025-11,2025,11,2025-11-28,10191,Spascopan 10mg Tab/Bott BDC,Spascopan,ยาบรรเทาอาการปวดเกร็งช่องท้อง (Antispasmodics),No,0,41,32895.7
2025-11,2025,11,2025-11-28,05020,Sporaxyl(Keto) Cream 15g BDC,Sporosil,ยาต้านเชื้อรา (Antifungals),No,0,1392,30702.55
2025-11,2025,11,2025-11-28,00664,CliDecir (Acidclovir) 200mg BDC,Clidecir,กลุ่มยาและเวชภัณฑ์ทั่วไป (General Health & Others),No,0,286,27855.27
2025-11,2025,11,2025-11-28,17847,Finasteride 1mg 3Bl/Box,Finasteride,ยารักษาต่อมลูกหมาก/ผมร่วง (Urology & Men Health),Yes,0,146,27294.26
2025-11,2025,11,2025-11-28,02072,Stugin (Cinnariz) 25mg Tab/Bl BDC,Stugin,ยาบรรเทาอาการเวียนศีรษะ/บ้านหมุน (Vertigo & CNS),No,0,6690,25988.21
2025-11,2025,11,2025-11-28,01709,Roxithroxyl 150mg Tab/Bl BDC,Roxithroxyl,กลุ่มยาและเวชภัณฑ์ทั่วไป (General Health & Others),No,0,1250,23321.4
2025-11,2025,11,2025-11-28,00658,Clinigel (VASELINE) Gel 50g BDC,Clinigel,กลุ่มยาและเวชภัณฑ์ทั่วไป (General Health & Others),No,0,561,23300.64
2025-11,2025,11,2025-11-28,01475,Noraphen 500mg Tab/Bl BDC,Noraphen,ยาแก้ปวด/ต้านการอักเสบ (NSAIDs & Pain Relief),No,0,2680,23240.62
2025-11,2025,11,2025-11-28,00999,Fartussin Tab/Bl 15mg FML,Fartussin,กลุ่มยาและเวชภัณฑ์ทั่วไป (General Health & Others),No,0,332,21856.24
2025-11,2025,11,2025-11-28,03358,Gastrosec (Omeprazole) 20mg BDC,Gastrosec,ยาลดกรดในกระเพาะอาหาร (PPIs & Antacids),No,0,723,21434.2
2025-11,2025,11,2025-11-28,17224,Gastro bismol 524,Gastro-Bismol,ยาเคลือบกระเพาะ/กรดไหลย้อน (Antacids & GI),Yes,0,67,20103.6
2025-11,2025,11,2025-11-28,18544,Clena TM EX (Anti melasma) 15g,Clenascar,เวชสำอางดูแลแผลเป็น/สิว (Dermatology & Skincare),Yes,0,162,19503.36
2025-11,2025,11,2025-11-28,17100,Prozeus 15 10sach,Prozeus,โปรตีนและโภชนาการเสริม (Nutritional Supplements),Yes,0,72,18216.36
2025-11,2025,11,2025-11-28,15617,Zenzera Supersion 10ml/Sach,Zenzera,ยาถ่ายพยาธิ (Anthelmintics),Yes,0,252,17488.87
2025-11,2025,11,2025-11-28,17225,Arotika cool spray 60ml,Arotika,ยาแก้ปวด/กล้ามเนื้อ/ข้อกระดูก (Analgesics & Musculoskeletal),Yes,0,122,12331.93
2025-11,2025,11,2025-11-28,08451,AROTIKA Rub Spray 60ml  BDC,Arotika,ยาแก้ปวด/กล้ามเนื้อ/ข้อกระดูก (Analgesics & Musculoskeletal),Yes,0,128,11114.27
2025-11,2025,11,2025-11-28,05946,Diabederm cream 10% 35g (Green) BDC,Diabederm,ยาผิวหนัง/บำรุงผิวแห้งแตก (Dermatology),Yes,0,274,10754.71
2025-11,2025,11,2025-11-28,06243,Diabederm cream 20% 35g (Blue) BDC,Diabederm,ยาผิวหนัง/บำรุงผิวแห้งแตก (Dermatology),Yes,0,214,10725.57
2025-11,2025,11,2025-11-28,10399,Feenoze nasal spray 20ml BDC,Feenoze,กลุ่มยาและเวชภัณฑ์ทั่วไป (General Health & Others),No,0,196,10066.88
2025-11,2025,11,2025-11-28,10799,Clenascar  Gel  15g,Clenascar,เวชสำอางดูแลแผลเป็น/สิว (Dermatology & Skincare),Yes,0,89,8900.47
2025-11,2025,11,2025-11-28,04353,"Capsika-25 (0,025%) Gel 35g Pack/10Tub",Capsika,ยาแก้ปวด/กล้ามเนื้อ/ข้อกระดูก (Analgesics & Musculoskeletal),Yes,0,207,8763.17
2025-11,2025,11,2025-11-28,02020,Capsika-25 lotion spray 100ml,Capsika,ยาแก้ปวด/กล้ามเนื้อ/ข้อกระดูก (Analgesics & Musculoskeletal),Yes,0,77,8676.93
2025-11,2025,11,2025-11-28,00368,Allerax-Fc 10mg 50Bl/Box BDC,Allerlax,ยาแก้แพ้/ต้านฮิสตามีน (Antihistamines),No,0,1900,8623.57
2025-11,2025,11,2025-11-28,03880,Glucocron (Gliclazide 80mg) BDC,Glucocron,ยารักษาโรคเบาหวาน (Antidiabetics),No,0,74,8260.61
2025-11,2025,11,2025-11-28,04220,"Zyno cream 0,1% 15g BDC",Zeno,กลุ่มยาและเวชภัณฑ์ทั่วไป (General Health & Others),No,0,372,7998.1
2025-11,2025,11,2025-11-28,18911,Fango-BD (Clotrimazole 1% / Betamethasone 0.1%) cream 5g,Fango,ยาผิวหนังต้านเชื้อรา/อักเสบ (Dermatology),Yes,0,576,7932.83
2025-11,2025,11,2025-11-28,07545,Plaivana  Cream 35g BDC,Plaivana,ยาแก้ปวด/กล้ามเนื้อ/ข้อกระดูก (Analgesics & Musculoskeletal),Yes,0,140,7927.19
2025-11,2025,11,2025-11-28,01342,Mucobrox SP 60ml BDC,Mucobrox,กลุ่มยาและเวชภัณฑ์ทั่วไป (General Health & Others),No,0,163,7712.09
2025-11,2025,11,2025-11-28,15712,AROTIKA Rub Lotion 80ml,Arotika,ยาแก้ปวด/กล้ามเนื้อ/ข้อกระดูก (Analgesics & Musculoskeletal),Yes,0,43,7353.22
2025-11,2025,11,2025-11-28,17226,Tristan (Etoricoxib 90mg),Tristan,ยาแก้ปวด/ต้านการอักเสบ (NSAIDs & Pain Relief),Yes,0,242,7104.11
2025-11,2025,11,2025-11-28,00996,Fango (Clotrimazol) Cream 5g BDC,Fango,ยาผิวหนังต้านเชื้อรา/อักเสบ (Dermatology),Yes,0,408,6216.35
2025-11,2025,11,2025-11-28,00369,Allerax-Fc 10mg 1000Tab/Bott BDC,Allerlax,ยาแก้แพ้/ต้านฮิสตามีน (Antihistamines),No,0,32,5402.38
2025-11,2025,11,2025-11-28,18238,CliDecir-800mg 7Bl/Box TH,Clidecir800Mg,กลุ่มยาและเวชภัณฑ์ทั่วไป (General Health & Others),No,0,22,5115.99
2025-11,2025,11,2025-11-28,07539,Plaivana Cream  15g  BDC,Plaivana,ยาแก้ปวด/กล้ามเนื้อ/ข้อกระดูก (Analgesics & Musculoskeletal),Yes,0,175,4935.34
2025-11,2025,11,2025-11-28,08452,Arotika cool gel 35g BDC,Arotika,ยาแก้ปวด/กล้ามเนื้อ/ข้อกระดูก (Analgesics & Musculoskeletal),Yes,0,81,4055.92
2025-11,2025,11,2025-11-28,05252,Fango (Clotrimazole) cream 15g BDC,Fango,ยาผิวหนังต้านเชื้อรา/อักเสบ (Dermatology),Yes,0,156,3869.87
2025-11,2025,11,2025-11-28,18682,Zentozide (Praziquantel) 600mg Bl/Box,Zentocide,ยาถ่ายพยาธิใบไม้ในตับ (Antiparasitics),Yes,0,90,3808.07
2025-11,2025,11,2025-11-28,04553,"CapsikaŒ-25 gel 15g 0,025% BDC 12Tub",Capsika,ยาแก้ปวด/กล้ามเนื้อ/ข้อกระดูก (Analgesics & Musculoskeletal),Yes,0,132,3559.89
2025-11,2025,11,2025-11-28,08449,AROTIKA Rub  15g  BDC,Arotika,ยาแก้ปวด/กล้ามเนื้อ/ข้อกระดูก (Analgesics & Musculoskeletal),Yes,0,120,3543.16
2025-11,2025,11,2025-11-28,01735,Skinfect (Gentamicin) cream 5g BDC,Skinfect,ยาปฏิชีวนะทาแผล/ผิวหนัง (Dermatology),No,0,264,3340.78
2025-11,2025,11,2025-11-28,05941,Clinivate cream 15g BDC,Klenivet,ยาผิวหนังฆ่าเชื้อ/ต้านอักเสบ (Dermatology),No,0,132,2776.85
2025-11,2025,11,2025-11-28,01958,"Zyno cream 0,02% 15g BDC",Zeno,กลุ่มยาและเวชภัณฑ์ทั่วไป (General Health & Others),No,0,120,2577.06
2025-11,2025,11,2025-11-28,00660,Clinivate cream 5g BDC,Klenivet,ยาผิวหนังฆ่าเชื้อ/ต้านอักเสบ (Dermatology),No,0,235,2386.68
2025-11,2025,11,2025-11-28,08450,AROTIKA Rub  35g  BDC,Arotika,ยาแก้ปวด/กล้ามเนื้อ/ข้อกระดูก (Analgesics & Musculoskeletal),Yes,0,49,2343.35
2025-11,2025,11,2025-11-28,03519,"Zyno cream 0,1% 5g BDC",Zeno,กลุ่มยาและเวชภัณฑ์ทั่วไป (General Health & Others),No,0,168,2099.26
2025-11,2025,11,2025-11-28,01957,"Zyno cream 0,02% 5g BDC",Zeno,กลุ่มยาและเวชภัณฑ์ทั่วไป (General Health & Others),No,0,120,1839.79
2025-11,2025,11,2025-11-28,18920,(Free) Sunny ກາຕົ້ມນໍ້າໄຟຟ້າ 2L (1500W),Sunny,กลุ่มยาและเวชภัณฑ์ทั่วไป (General Health & Others),No,0,1,0.0
2025-11,2025,11,2025-11-28,18922,(Free) Tiger star ໝໍ້ແດງ SP-100,Tiger,กลุ่มยาและเวชภัณฑ์ทั่วไป (General Health & Others),No,0,8,0.0
2025-11,2025,11,2025-11-28,19095,(Free) Fartussin 10Bl/Box 15mg FML,Fartussin,กลุ่มยาและเวชภัณฑ์ทั่วไป (General Health & Others),No,0,3,0.0
2025-11,2025,11,2025-11-28,18923,(Free) Safe & Save ກາຕົ້ມນໍ້າໄຟຟ້າ 1.8L TH,Safe,กลุ่มยาและเวชภัณฑ์ทั่วไป (General Health & Others),No,0,1,0.0
2025-11,2025,11,2025-11-28,19122,(Free) Clinivate-N cream 5g BDC,Klenivet,ยาผิวหนังฆ่าเชื้อ/ต้านอักเสบ (Dermatology),No,0,3,0.0
2025-11,2025,11,2025-11-28,19124,(Free) Gi-Bismol 240ml BDC,Gastro-Bismol,ยาเคลือบกระเพาะ/กรดไหลย้อน (Antacids & GI),Yes,0,23,0.0
2025-11,2025,11,2025-11-28,18578,(Free) Capsika-25 lotion spong pak 80ml,Capsika,ยาแก้ปวด/กล้ามเนื้อ/ข้อกระดูก (Analgesics & Musculoskeletal),Yes,0,13,0.0
2025-12,2025,12,2025-12-28,01944,Zenzera (Albendazole) 200mg Tab/Bl BDC,Zenzera,ยาถ่ายพยาธิ (Anthelmintics),Yes,0,67496,521741.06
2025-12,2025,12,2025-12-28,06538,Spascopan(Buscopan)Tab/Bl 10mgBDC,Spascopan,ยาบรรเทาอาการปวดเกร็งช่องท้อง (Antispasmodics),No,0,11850,234357.44
2025-12,2025,12,2025-12-28,08921,Cephalexyl-500 Caps/Bl SAP,Cephalexyl,ยาปฏิชีวนะ/ฆ่าเชื้อแบคทีเรีย (Antibiotics),No,0,786,229568.25
2025-12,2025,12,2025-12-28,01947,Zertine 10mg Tab/Bl FML,Zertine,ยาแก้แพ้/ต้านฮิสตามีน (Antihistamines),No,0,3107,187299.0
2025-12,2025,12,2025-12-28,00663,CliDecir (Acidclovir) 5g cream BDC,Clidecir,กลุ่มยาและเวชภัณฑ์ทั่วไป (General Health & Others),No,0,11603,168056.02
2025-12,2025,12,2025-12-28,07427,Clinimet-400(Cimetidine) Tab/Bl  BDC,Klenimed,ยาลดกรดในกระเพาะอาหาร (Antacids & GI),No,0,7140,124803.42
2025-12,2025,12,2025-12-28,00644,Ciproxyl 500mg Tab/Bl FML,Ciprocin,ยาปฏิชีวนะ/ฆ่าเชื้อทางเดินปัสสาวะ (Antibiotics),No,0,561,123853.16
2025-12,2025,12,2025-12-28,01475,Noraphen 500mg Tab/Bl BDC,Noraphen,ยาแก้ปวด/ต้านการอักเสบ (NSAIDs & Pain Relief),No,0,12230,121691.52
2025-12,2025,12,2025-12-28,07777,GiBismol Pink 240ml (Prink) BDC,Gastro-Bismol,ยาเคลือบกระเพาะ/กรดไหลย้อน (Antacids & GI),Yes,0,1280,97409.02
2025-12,2025,12,2025-12-28,01758,Sporaxyl (Keto) 200mg 1x10Bl BDC,Sporosil,ยาต้านเชื้อรา (Antifungals),No,0,590,96289.69
2025-12,2025,12,2025-12-28,01759,Sporaxyl (Keto) cream 5g BDC,Sporosil,ยาต้านเชื้อรา (Antifungals),No,0,6446,95305.87
2025-12,2025,12,2025-12-28,00661,Clinivate-N cream 5g BDC,Klenivet,ยาผิวหนังฆ่าเชื้อ/ต้านอักเสบ (Dermatology),No,0,6400,88346.99
2025-12,2025,12,2025-12-28,00863,Domper-M domperidone 10mg BDC,Domper-M,ยาช่วยย่อย/ต้านคลื่นไส้อาเจียน (Antiemetics),No,0,15360,88205.72
2025-12,2025,12,2025-12-28,01094,Glucosa-500mg Cap/Bl BDC,Glucosa,ยาบำรุงข้อกระดูก (Osteoarthritis),Yes,0,350,83210.34
2025-12,2025,12,2025-12-28,03886,"Goutichin (Colchicin) 0,6mg Tab/Bl FML",Goutichin,กลุ่มยาและเวชภัณฑ์ทั่วไป (General Health & Others),No,0,757,63459.07
2025-12,2025,12,2025-12-28,14275,Nacoxib 90mg,Nacoxib,ยาแก้ปวด/ต้านการอักเสบ (NSAIDs & Pain Relief),Yes,0,463,58362.19
2025-12,2025,12,2025-12-28,01091,Glucosa 1500mg Red 30Sach/Box BDC,Glucosa,ยาบำรุงข้อกระดูก (Osteoarthritis),Yes,0,222,55616.34
2025-12,2025,12,2025-12-28,00664,CliDecir (Acidclovir) 200mg BDC,Clidecir,กลุ่มยาและเวชภัณฑ์ทั่วไป (General Health & Others),No,0,440,44826.75
2025-12,2025,12,2025-12-28,01500,Oflocee (Ofloxacin) 200mg FML,Oflocee,ยาปฏิชีวนะ/ฆ่าเชื้อ (Antibiotics),No,0,272,44605.97
2025-12,2025,12,2025-12-28,01012,Fexotine (Fexofenadin) Tab/Bl FML,Fexotine,กลุ่มยาและเวชภัณฑ์ทั่วไป (General Health & Others),No,0,1365,40965.06
2025-12,2025,12,2025-12-28,01709,Roxithroxyl 150mg Tab/Bl BDC,Roxithroxyl,กลุ่มยาและเวชภัณฑ์ทั่วไป (General Health & Others),No,0,2230,38896.19
2025-12,2025,12,2025-12-28,01244,Lorita (Loratadine) 10mg Tab/Bl FML,Lolita,ยาแก้แพ้/ต้านฮิสตามีน (Antihistamines),No,0,573,38817.17
2025-12,2025,12,2025-12-28,05942,Clinivate-N Cream 15g BDC,Klenivet,ยาผิวหนังฆ่าเชื้อ/ต้านอักเสบ (Dermatology),No,0,1338,35950.72
2025-12,2025,12,2025-12-28,05108,CliDecir(Acyclovir) 400mg  BDC,Clideciracyclovir,กลุ่มยาและเวชภัณฑ์ทั่วไป (General Health & Others),No,0,233,30308.27
2025-12,2025,12,2025-12-28,00999,Fartussin Tab/Bl 15mg FML,Fartussin,กลุ่มยาและเวชภัณฑ์ทั่วไป (General Health & Others),No,0,415,27875.19
2025-12,2025,12,2025-12-28,03358,Gastrosec (Omeprazole) 20mg BDC,Gastrosec,ยาลดกรดในกระเพาะอาหาร (PPIs & Antacids),No,0,928,26904.95
2025-12,2025,12,2025-12-28,05943,Clinoderm Cream 15g BDC,Clinoderm,กลุ่มยาและเวชภัณฑ์ทั่วไป (General Health & Others),No,0,936,26894.59
2025-12,2025,12,2025-12-28,18610,Precius (Pregabalin) 75mg 6Bl/Box,Precius,ยารักษาอาการปวดเส้นประสาท (Neuropathic Pain),Yes,0,60,21806.1
2025-12,2025,12,2025-12-28,01342,Mucobrox SP 60ml BDC,Mucobrox,กลุ่มยาและเวชภัณฑ์ทั่วไป (General Health & Others),No,0,445,21675.81
2025-12,2025,12,2025-12-28,05020,Sporaxyl(Keto) Cream 15g BDC,Sporosil,ยาต้านเชื้อรา (Antifungals),No,0,834,19072.33
2025-12,2025,12,2025-12-28,01103,Gynogesic (Dolfenal) 500mg Tab/BL BDC,Gynogesic,ยาแก้ปวดประจำเดือน/กล้ามเนื้อ (Analgesics),No,0,124,18218.09
2025-12,2025,12,2025-12-28,15617,Zenzera Supersion 10ml/Sach,Zenzera,ยาถ่ายพยาธิ (Anthelmintics),Yes,0,222,17972.39
2025-12,2025,12,2025-12-28,18238,CliDecir-800mg 7Bl/Box TH,Clidecir800Mg,กลุ่มยาและเวชภัณฑ์ทั่วไป (General Health & Others),No,0,82,16979.34
2025-12,2025,12,2025-12-28,02072,Stugin (Cinnariz) 25mg Tab/Bl BDC,Stugin,ยาบรรเทาอาการเวียนศีรษะ/บ้านหมุน (Vertigo & CNS),No,0,3850,15427.81
2025-12,2025,12,2025-12-28,03880,Glucocron (Gliclazide 80mg) BDC,Glucocron,ยารักษาโรคเบาหวาน (Antidiabetics),No,0,109,14760.44
2025-12,2025,12,2025-12-28,00658,Clinigel (VASELINE) Gel 50g BDC,Clinigel,กลุ่มยาและเวชภัณฑ์ทั่วไป (General Health & Others),No,0,367,13572.35
2025-12,2025,12,2025-12-28,17847,Finasteride 1mg 3Bl/Box,Finasteride,ยารักษาต่อมลูกหมาก/ผมร่วง (Urology & Men Health),Yes,0,76,13010.08
2025-12,2025,12,2025-12-28,17225,Arotika cool spray 60ml,Arotika,ยาแก้ปวด/กล้ามเนื้อ/ข้อกระดูก (Analgesics & Musculoskeletal),Yes,0,116,10843.05
2025-12,2025,12,2025-12-28,00368,Allerax-Fc 10mg 50Bl/Box BDC,Allerlax,ยาแก้แพ้/ต้านฮิสตามีน (Antihistamines),No,0,3000,10795.34
2025-12,2025,12,2025-12-28,06243,Diabederm cream 20% 35g (Blue) BDC,Diabederm,ยาผิวหนัง/บำรุงผิวแห้งแตก (Dermatology),Yes,0,193,10579.69
2025-12,2025,12,2025-12-28,17224,Gastro bismol 524,Gastro-Bismol,ยาเคลือบกระเพาะ/กรดไหลย้อน (Antacids & GI),Yes,0,39,10289.31
2025-12,2025,12,2025-12-28,08452,Arotika cool gel 35g BDC,Arotika,ยาแก้ปวด/กล้ามเนื้อ/ข้อกระดูก (Analgesics & Musculoskeletal),Yes,0,280,9410.0
2025-12,2025,12,2025-12-28,10191,Spascopan 10mg Tab/Bott BDC,Spascopan,ยาบรรเทาอาการปวดเกร็งช่องท้อง (Antispasmodics),No,0,12,8854.2
2025-12,2025,12,2025-12-28,04220,"Zyno cream 0,1% 15g BDC",Zeno,กลุ่มยาและเวชภัณฑ์ทั่วไป (General Health & Others),No,0,420,8734.37
2025-12,2025,12,2025-12-28,03654,Glucosa 1500mg lemon 30Sach/Box BDC,Glucosa,ยาบำรุงข้อกระดูก (Osteoarthritis),Yes,0,32,8274.49
2025-12,2025,12,2025-12-28,10399,Feenoze nasal spray 20ml BDC,Feenoze,กลุ่มยาและเวชภัณฑ์ทั่วไป (General Health & Others),No,0,180,8134.03
2025-12,2025,12,2025-12-28,01958,"Zyno cream 0,02% 15g BDC",Zeno,กลุ่มยาและเวชภัณฑ์ทั่วไป (General Health & Others),No,0,360,6680.1
2025-12,2025,12,2025-12-28,04353,"Capsika-25 (0,025%) Gel 35g Pack/10Tub",Capsika,ยาแก้ปวด/กล้ามเนื้อ/ข้อกระดูก (Analgesics & Musculoskeletal),Yes,0,149,5999.41
2025-12,2025,12,2025-12-28,01735,Skinfect (Gentamicin) cream 5g BDC,Skinfect,ยาปฏิชีวนะทาแผล/ผิวหนัง (Dermatology),No,0,504,5738.04
2025-12,2025,12,2025-12-28,05941,Clinivate cream 15g BDC,Klenivet,ยาผิวหนังฆ่าเชื้อ/ต้านอักเสบ (Dermatology),No,0,216,5474.72
2025-12,2025,12,2025-12-28,00369,Allerax-Fc 10mg 1000Tab/Bott BDC,Allerlax,ยาแก้แพ้/ต้านฮิสตามีน (Antihistamines),No,0,31,5120.75
2025-12,2025,12,2025-12-28,15712,AROTIKA Rub Lotion 80ml,Arotika,ยาแก้ปวด/กล้ามเนื้อ/ข้อกระดูก (Analgesics & Musculoskeletal),Yes,0,30,4843.15
2025-12,2025,12,2025-12-28,05252,Fango (Clotrimazole) cream 15g BDC,Fango,ยาผิวหนังต้านเชื้อรา/อักเสบ (Dermatology),Yes,0,204,4459.75
2025-12,2025,12,2025-12-28,18911,Fango-BD (Clotrimazole 1% / Betamethasone 0.1%) cream 5g,Fango,ยาผิวหนังต้านเชื้อรา/อักเสบ (Dermatology),Yes,0,276,4418.37
2025-12,2025,12,2025-12-28,08451,AROTIKA Rub Spray 60ml  BDC,Arotika,ยาแก้ปวด/กล้ามเนื้อ/ข้อกระดูก (Analgesics & Musculoskeletal),Yes,0,47,4184.74
2025-12,2025,12,2025-12-28,05946,Diabederm cream 10% 35g (Green) BDC,Diabederm,ยาผิวหนัง/บำรุงผิวแห้งแตก (Dermatology),Yes,0,70,3845.04
2025-12,2025,12,2025-12-28,17100,Prozeus 15 10sach,Prozeus,โปรตีนและโภชนาการเสริม (Nutritional Supplements),Yes,0,15,3833.12
2025-12,2025,12,2025-12-28,18544,Clena TM EX (Anti melasma) 15g,Clenascar,เวชสำอางดูแลแผลเป็น/สิว (Dermatology & Skincare),Yes,0,29,3693.59
2025-12,2025,12,2025-12-28,07545,Plaivana  Cream 35g BDC,Plaivana,ยาแก้ปวด/กล้ามเนื้อ/ข้อกระดูก (Analgesics & Musculoskeletal),Yes,0,52,2927.84
2025-12,2025,12,2025-12-28,17226,Tristan (Etoricoxib 90mg),Tristan,ยาแก้ปวด/ต้านการอักเสบ (NSAIDs & Pain Relief),Yes,0,105,2618.26
2025-12,2025,12,2025-12-28,03519,"Zyno cream 0,1% 5g BDC",Zeno,กลุ่มยาและเวชภัณฑ์ทั่วไป (General Health & Others),No,0,192,2594.33
2025-12,2025,12,2025-12-28,00996,Fango (Clotrimazol) Cream 5g BDC,Fango,ยาผิวหนังต้านเชื้อรา/อักเสบ (Dermatology),Yes,0,168,2538.02
2025-12,2025,12,2025-12-28,08450,AROTIKA Rub  35g  BDC,Arotika,ยาแก้ปวด/กล้ามเนื้อ/ข้อกระดูก (Analgesics & Musculoskeletal),Yes,0,50,2461.74
2025-12,2025,12,2025-12-28,00660,Clinivate cream 5g BDC,Klenivet,ยาผิวหนังฆ่าเชื้อ/ต้านอักเสบ (Dermatology),No,0,192,2268.34
2025-12,2025,12,2025-12-28,00581,"Capsika 0,0125% gel 35g BDC",Capsika,ยาแก้ปวด/กล้ามเนื้อ/ข้อกระดูก (Analgesics & Musculoskeletal),Yes,0,61,2178.6
2025-12,2025,12,2025-12-28,01957,"Zyno cream 0,02% 5g BDC",Zeno,กลุ่มยาและเวชภัณฑ์ทั่วไป (General Health & Others),No,0,192,2035.24
2025-12,2025,12,2025-12-28,08449,AROTIKA Rub  15g  BDC,Arotika,ยาแก้ปวด/กล้ามเนื้อ/ข้อกระดูก (Analgesics & Musculoskeletal),Yes,0,60,1993.88
2025-12,2025,12,2025-12-28,10799,Clenascar  Gel  15g,Clenascar,เวชสำอางดูแลแผลเป็น/สิว (Dermatology & Skincare),Yes,0,6,1020.0
2025-12,2025,12,2025-12-28,04553,"CapsikaŒ-25 gel 15g 0,025% BDC 12Tub",Capsika,ยาแก้ปวด/กล้ามเนื้อ/ข้อกระดูก (Analgesics & Musculoskeletal),Yes,0,24,707.49
2025-12,2025,12,2025-12-28,18682,Zentozide (Praziquantel) 600mg Bl/Box,Zentocide,ยาถ่ายพยาธิใบไม้ในตับ (Antiparasitics),Yes,0,10,450.0
2025-12,2025,12,2025-12-28,07539,Plaivana Cream  15g  BDC,Plaivana,ยาแก้ปวด/กล้ามเนื้อ/ข้อกระดูก (Analgesics & Musculoskeletal),Yes,0,16,428.24
2025-12,2025,12,2025-12-28,18638,(Free) Plaivana cream 14% 35g BDC,Plaivana,ยาแก้ปวด/กล้ามเนื้อ/ข้อกระดูก (Analgesics & Musculoskeletal),Yes,0,5,0.0
2025-12,2025,12,2025-12-28,18579,(Free) Hepivir (Hepatitis B) entecavir 0.5mg 3Bl/Box TH,Hepivir,ยาต้านไวรัสตับอักเสบ (Antivirals & Hepatology),Yes,0,250,0.0
2025-12,2025,12,2025-12-28,18581,(Free) Finasteride 1mg 3Bl/Box,Finasteride,ยารักษาต่อมลูกหมาก/ผมร่วง (Urology & Men Health),Yes,0,30,0.0
2025-12,2025,12,2025-12-28,18922,(Free) Tiger star ໝໍ້ແດງ SP-100,Tiger,กลุ่มยาและเวชภัณฑ์ทั่วไป (General Health & Others),No,0,13,0.0
2025-12,2025,12,2025-12-28,19095,(Free) Fartussin 10Bl/Box 15mg FML,Fartussin,กลุ่มยาและเวชภัณฑ์ทั่วไป (General Health & Others),No,0,58,0.0
2025-12,2025,12,2025-12-28,19123,(Free) Gynogesic (Mefenamic acid) 500mg 10Bl/Box BDC,Gynogesic,ยาแก้ปวดประจำเดือน/กล้ามเนื้อ (Analgesics),No,0,4,0.0
2025-12,2025,12,2025-12-28,18923,(Free) Safe & Save ກາຕົ້ມນໍ້າໄຟຟ້າ 1.8L TH,Safe,กลุ่มยาและเวชภัณฑ์ทั่วไป (General Health & Others),No,0,9,0.0
2025-12,2025,12,2025-12-28,19122,(Free) Clinivate-N cream 5g BDC,Klenivet,ยาผิวหนังฆ่าเชื้อ/ต้านอักเสบ (Dermatology),No,0,51,0.0
2025-12,2025,12,2025-12-28,18578,(Free) Capsika-25 lotion spong pak 80ml,Capsika,ยาแก้ปวด/กล้ามเนื้อ/ข้อกระดูก (Analgesics & Musculoskeletal),Yes,0,53,0.0
2025-Full,2025,12,2025-12-28,06538,Spascopan(Buscopan)Tab/Bl 10mgBDC,Spascopan,ยาบรรเทาอาการปวดเกร็งช่องท้อง (Antispasmodics),No,0,182010,4009163.22
2025-Full,2025,12,2025-12-28,01944,Zenzera (Albendazole) 200mg Tab/Bl BDC,Zenzera,ยาถ่ายพยาธิ (Anthelmintics),Yes,0,420859,3376752.14
2025-Full,2025,12,2025-12-28,08921,Cephalexyl-500 Caps/Bl SAP,Cephalexyl,ยาปฏิชีวนะ/ฆ่าเชื้อแบคทีเรีย (Antibiotics),No,0,8496,2571030.03
2025-Full,2025,12,2025-12-28,00663,CliDecir (Acidclovir) 5g cream BDC,Clidecir,กลุ่มยาและเวชภัณฑ์ทั่วไป (General Health & Others),No,0,163389,2449966.61
2025-Full,2025,12,2025-12-28,01947,Zertine 10mg Tab/Bl FML,Zertine,ยาแก้แพ้/ต้านฮิสตามีน (Antihistamines),No,0,29753,2144503.83
2025-Full,2025,12,2025-12-28,00644,Ciproxyl 500mg Tab/Bl FML,Ciprocin,ยาปฏิชีวนะ/ฆ่าเชื้อทางเดินปัสสาวะ (Antibiotics),No,0,7903,1821215.97
2025-Full,2025,12,2025-12-28,07427,Clinimet-400(Cimetidine) Tab/Bl  BDC,Klenimed,ยาลดกรดในกระเพาะอาหาร (Antacids & GI),No,0,93161,1610501.49
2025-Full,2025,12,2025-12-28,01758,Sporaxyl (Keto) 200mg 1x10Bl BDC,Sporosil,ยาต้านเชื้อรา (Antifungals),No,0,8160,1481703.18
2025-Full,2025,12,2025-12-28,07777,GiBismol Pink 240ml (Prink) BDC,Gastro-Bismol,ยาเคลือบกระเพาะ/กรดไหลย้อน (Antacids & GI),Yes,0,17434,1243704.98
2025-Full,2025,12,2025-12-28,01094,Glucosa-500mg Cap/Bl BDC,Glucosa,ยาบำรุงข้อกระดูก (Osteoarthritis),Yes,0,4790,1241478.05
2025-Full,2025,12,2025-12-28,05942,Clinivate-N Cream 15g BDC,Klenivet,ยาผิวหนังฆ่าเชื้อ/ต้านอักเสบ (Dermatology),No,0,35127,1188243.41
2025-Full,2025,12,2025-12-28,00661,Clinivate-N cream 5g BDC,Klenivet,ยาผิวหนังฆ่าเชื้อ/ต้านอักเสบ (Dermatology),No,0,75944,1146670.67
2025-Full,2025,12,2025-12-28,01759,Sporaxyl (Keto) cream 5g BDC,Sporosil,ยาต้านเชื้อรา (Antifungals),No,0,70113,1057478.96
2025-Full,2025,12,2025-12-28,01500,Oflocee (Ofloxacin) 200mg FML,Oflocee,ยาปฏิชีวนะ/ฆ่าเชื้อ (Antibiotics),No,0,5125,1027614.3
2025-Full,2025,12,2025-12-28,14275,Nacoxib 90mg,Nacoxib,ยาแก้ปวด/ต้านการอักเสบ (NSAIDs & Pain Relief),Yes,0,4205,913017.1
2025-Full,2025,12,2025-12-28,01091,Glucosa 1500mg Red 30Sach/Box BDC,Glucosa,ยาบำรุงข้อกระดูก (Osteoarthritis),Yes,0,2948,898390.62
2025-Full,2025,12,2025-12-28,03886,"Goutichin (Colchicin) 0,6mg Tab/Bl FML",Goutichin,กลุ่มยาและเวชภัณฑ์ทั่วไป (General Health & Others),No,0,9127,869238.23
2025-Full,2025,12,2025-12-28,01475,Noraphen 500mg Tab/Bl BDC,Noraphen,ยาแก้ปวด/ต้านการอักเสบ (NSAIDs & Pain Relief),No,0,75490,780879.46
2025-Full,2025,12,2025-12-28,01012,Fexotine (Fexofenadin) Tab/Bl FML,Fexotine,กลุ่มยาและเวชภัณฑ์ทั่วไป (General Health & Others),No,0,16345,601079.58
2025-Full,2025,12,2025-12-28,05108,CliDecir(Acyclovir) 400mg  BDC,Clideciracyclovir,กลุ่มยาและเวชภัณฑ์ทั่วไป (General Health & Others),No,0,4097,596102.39
2025-Full,2025,12,2025-12-28,00863,Domper-M domperidone 10mg BDC,Domper-M,ยาช่วยย่อย/ต้านคลื่นไส้อาเจียน (Antiemetics),No,0,83470,481999.0
2025-Full,2025,12,2025-12-28,05020,Sporaxyl(Keto) Cream 15g BDC,Sporosil,ยาต้านเชื้อรา (Antifungals),No,0,17470,468828.61
2025-Full,2025,12,2025-12-28,00664,CliDecir (Acidclovir) 200mg BDC,Clidecir,กลุ่มยาและเวชภัณฑ์ทั่วไป (General Health & Others),No,0,4066,440322.47
2025-Full,2025,12,2025-12-28,01103,Gynogesic (Dolfenal) 500mg Tab/BL BDC,Gynogesic,ยาแก้ปวดประจำเดือน/กล้ามเนื้อ (Analgesics),No,0,2700,415655.92
2025-Full,2025,12,2025-12-28,18544,Clena TM EX (Anti melasma) 15g,Clenascar,เวชสำอางดูแลแผลเป็น/สิว (Dermatology & Skincare),Yes,0,2245,378270.32
2025-Full,2025,12,2025-12-28,03654,Glucosa 1500mg lemon 30Sach/Box BDC,Glucosa,ยาบำรุงข้อกระดูก (Osteoarthritis),Yes,0,1188,369092.68
2025-Full,2025,12,2025-12-28,01244,Lorita (Loratadine) 10mg Tab/Bl FML,Lolita,ยาแก้แพ้/ต้านฮิสตามีน (Antihistamines),No,0,4506,365006.04
2025-Full,2025,12,2025-12-28,03358,Gastrosec (Omeprazole) 20mg BDC,Gastrosec,ยาลดกรดในกระเพาะอาหาร (PPIs & Antacids),No,0,10032,338564.35
2025-Full,2025,12,2025-12-28,01709,Roxithroxyl 150mg Tab/Bl BDC,Roxithroxyl,กลุ่มยาและเวชภัณฑ์ทั่วไป (General Health & Others),No,0,15990,333345.39
2025-Full,2025,12,2025-12-28,02072,Stugin (Cinnariz) 25mg Tab/Bl BDC,Stugin,ยาบรรเทาอาการเวียนศีรษะ/บ้านหมุน (Vertigo & CNS),No,0,70280,329119.66
2025-Full,2025,12,2025-12-28,17224,Gastro bismol 524,Gastro-Bismol,ยาเคลือบกระเพาะ/กรดไหลย้อน (Antacids & GI),Yes,0,662,327895.41
2025-Full,2025,12,2025-12-28,14106,Anzac fluoxetin HCI 20mg,Anxac,ยาปรับสารเคมีในสมอง/คลายกังวล (Psychotropics),No,0,1774,307771.52
2025-Full,2025,12,2025-12-28,00658,Clinigel (VASELINE) Gel 50g BDC,Clinigel,กลุ่มยาและเวชภัณฑ์ทั่วไป (General Health & Others),No,0,5725,267235.04
2025-Full,2025,12,2025-12-28,00999,Fartussin Tab/Bl 15mg FML,Fartussin,กลุ่มยาและเวชภัณฑ์ทั่วไป (General Health & Others),No,0,2861,238518.32
2025-Full,2025,12,2025-12-28,18610,Precius (Pregabalin) 75mg 6Bl/Box,Precius,ยารักษาอาการปวดเส้นประสาท (Neuropathic Pain),Yes,0,523,232820.7
2025-Full,2025,12,2025-12-28,01946,Zertin 5mg SP 60ml FML,Zertine,ยาแก้แพ้/ต้านฮิสตามีน (Antihistamines),No,0,4955,197114.52
2025-Full,2025,12,2025-12-28,10191,Spascopan 10mg Tab/Bott BDC,Spascopan,ยาบรรเทาอาการปวดเกร็งช่องท้อง (Antispasmodics),No,0,206,176391.18
2025-Full,2025,12,2025-12-28,03880,Glucocron (Gliclazide 80mg) BDC,Glucocron,ยารักษาโรคเบาหวาน (Antidiabetics),No,0,1223,164153.75
2025-Full,2025,12,2025-12-28,15617,Zenzera Supersion 10ml/Sach,Zenzera,ยาถ่ายพยาธิ (Anthelmintics),Yes,0,1776,158136.13
2025-Full,2025,12,2025-12-28,00662,Clinoderm (Clobetaso) cream 5g BDC,Clinoderm,กลุ่มยาและเวชภัณฑ์ทั่วไป (General Health & Others),No,0,6684,153884.7
2025-Full,2025,12,2025-12-28,18238,CliDecir-800mg 7Bl/Box TH,Clidecir800Mg,กลุ่มยาและเวชภัณฑ์ทั่วไป (General Health & Others),No,0,541,148767.44
2025-Full,2025,12,2025-12-28,17225,Arotika cool spray 60ml,Arotika,ยาแก้ปวด/กล้ามเนื้อ/ข้อกระดูก (Analgesics & Musculoskeletal),Yes,0,1014,135737.6
2025-Full,2025,12,2025-12-28,17101,Prozeus 15 30sach,Prozeus,โปรตีนและโภชนาการเสริม (Nutritional Supplements),Yes,0,166,132504.82
2025-Full,2025,12,2025-12-28,04220,"Zyno cream 0,1% 15g BDC",Zeno,กลุ่มยาและเวชภัณฑ์ทั่วไป (General Health & Others),No,0,5226,127783.17
2025-Full,2025,12,2025-12-28,17226,Tristan (Etoricoxib 90mg),Tristan,ยาแก้ปวด/ต้านการอักเสบ (NSAIDs & Pain Relief),Yes,0,2907,124906.5
2025-Full,2025,12,2025-12-28,17847,Finasteride 1mg 3Bl/Box,Finasteride,ยารักษาต่อมลูกหมาก/ผมร่วง (Urology & Men Health),Yes,0,411,116468.88
2025-Full,2025,12,2025-12-28,10799,Clenascar  Gel  15g,Clenascar,เวชสำอางดูแลแผลเป็น/สิว (Dermatology & Skincare),Yes,0,688,110757.26
2025-Full,2025,12,2025-12-28,01342,Mucobrox SP 60ml BDC,Mucobrox,กลุ่มยาและเวชภัณฑ์ทั่วไป (General Health & Others),No,0,2097,105630.62
2025-Full,2025,12,2025-12-28,00368,Allerax-Fc 10mg 50Bl/Box BDC,Allerlax,ยาแก้แพ้/ต้านฮิสตามีน (Antihistamines),No,0,22300,100641.01
2025-Full,2025,12,2025-12-28,06243,Diabederm cream 20% 35g (Blue) BDC,Diabederm,ยาผิวหนัง/บำรุงผิวแห้งแตก (Dermatology),Yes,0,1580,98395.4
2025-Full,2025,12,2025-12-28,05252,Fango (Clotrimazole) cream 15g BDC,Fango,ยาผิวหนังต้านเชื้อรา/อักเสบ (Dermatology),Yes,0,3144,92650.73
2025-Full,2025,12,2025-12-28,04353,"Capsika-25 (0,025%) Gel 35g Pack/10Tub",Capsika,ยาแก้ปวด/กล้ามเนื้อ/ข้อกระดูก (Analgesics & Musculoskeletal),Yes,0,1717,90006.65
2025-Full,2025,12,2025-12-28,07545,Plaivana  Cream 35g BDC,Plaivana,ยาแก้ปวด/กล้ามเนื้อ/ข้อกระดูก (Analgesics & Musculoskeletal),Yes,0,1360,89389.28
2025-Full,2025,12,2025-12-28,01735,Skinfect (Gentamicin) cream 5g BDC,Skinfect,ยาปฏิชีวนะทาแผล/ผิวหนัง (Dermatology),No,0,6534,87236.9
2025-Full,2025,12,2025-12-28,01958,"Zyno cream 0,02% 15g BDC",Zeno,กลุ่มยาและเวชภัณฑ์ทั่วไป (General Health & Others),No,0,3072,83592.32
2025-Full,2025,12,2025-12-28,17100,Prozeus 15 10sach,Prozeus,โปรตีนและโภชนาการเสริม (Nutritional Supplements),Yes,0,289,82654.78
2025-Full,2025,12,2025-12-28,08451,AROTIKA Rub Spray 60ml  BDC,Arotika,ยาแก้ปวด/กล้ามเนื้อ/ข้อกระดูก (Analgesics & Musculoskeletal),Yes,0,841,81920.44
2025-Full,2025,12,2025-12-28,10399,Feenoze nasal spray 20ml BDC,Feenoze,กลุ่มยาและเวชภัณฑ์ทั่วไป (General Health & Others),No,0,1128,80617.66
2025-Full,2025,12,2025-12-28,02020,Capsika-25 lotion spray 100ml,Capsika,ยาแก้ปวด/กล้ามเนื้อ/ข้อกระดูก (Analgesics & Musculoskeletal),Yes,0,520,78829.07
2025-Full,2025,12,2025-12-28,05943,Clinoderm Cream 15g BDC,Clinoderm,กลุ่มยาและเวชภัณฑ์ทั่วไป (General Health & Others),No,0,2269,76903.1
2025-Full,2025,12,2025-12-28,05946,Diabederm cream 10% 35g (Green) BDC,Diabederm,ยาผิวหนัง/บำรุงผิวแห้งแตก (Dermatology),Yes,0,1455,74366.63
2025-Full,2025,12,2025-12-28,08450,AROTIKA Rub  35g  BDC,Arotika,ยาแก้ปวด/กล้ามเนื้อ/ข้อกระดูก (Analgesics & Musculoskeletal),Yes,0,1170,73384.17
2025-Full,2025,12,2025-12-28,08452,Arotika cool gel 35g BDC,Arotika,ยาแก้ปวด/กล้ามเนื้อ/ข้อกระดูก (Analgesics & Musculoskeletal),Yes,0,1544,72625.76
2025-Full,2025,12,2025-12-28,00996,Fango (Clotrimazol) Cream 5g BDC,Fango,ยาผิวหนังต้านเชื้อรา/อักเสบ (Dermatology),Yes,0,4836,71277.01
2025-Full,2025,12,2025-12-28,00369,Allerax-Fc 10mg 1000Tab/Bott BDC,Allerlax,ยาแก้แพ้/ต้านฮิสตามีน (Antihistamines),No,0,331,67271.91
2025-Full,2025,12,2025-12-28,18911,Fango-BD (Clotrimazole 1% / Betamethasone 0.1%) cream 5g,Fango,ยาผิวหนังต้านเชื้อรา/อักเสบ (Dermatology),Yes,0,3696,65638.02
2025-Full,2025,12,2025-12-28,05941,Clinivate cream 15g BDC,Klenivet,ยาผิวหนังฆ่าเชื้อ/ต้านอักเสบ (Dermatology),No,0,2292,64587.99
2025-Full,2025,12,2025-12-28,07539,Plaivana Cream  15g  BDC,Plaivana,ยาแก้ปวด/กล้ามเนื้อ/ข้อกระดูก (Analgesics & Musculoskeletal),Yes,0,1488,57315.1
2025-Full,2025,12,2025-12-28,18422,Hepivir (Hepatitis  B) entecavir 0.5mg 3Bl/Box TH,Hepivir,ยาต้านไวรัสตับอักเสบ (Antivirals & Hepatology),Yes,0,92,57190.68
2025-Full,2025,12,2025-12-28,00581,"Capsika 0,0125% gel 35g BDC",Capsika,ยาแก้ปวด/กล้ามเนื้อ/ข้อกระดูก (Analgesics & Musculoskeletal),Yes,0,1260,56275.67
2025-Full,2025,12,2025-12-28,03519,"Zyno cream 0,1% 5g BDC",Zeno,กลุ่มยาและเวชภัณฑ์ทั่วไป (General Health & Others),No,0,3660,56228.86
2025-Full,2025,12,2025-12-28,15712,AROTIKA Rub Lotion 80ml,Arotika,ยาแก้ปวด/กล้ามเนื้อ/ข้อกระดูก (Analgesics & Musculoskeletal),Yes,0,223,46707.71
2025-Full,2025,12,2025-12-28,18682,Zentozide (Praziquantel) 600mg Bl/Box,Zentocide,ยาถ่ายพยาธิใบไม้ในตับ (Antiparasitics),Yes,0,580,33024.41
2025-Full,2025,12,2025-12-28,01957,"Zyno cream 0,02% 5g BDC",Zeno,กลุ่มยาและเวชภัณฑ์ทั่วไป (General Health & Others),No,0,2138,32017.76
2025-Full,2025,12,2025-12-28,08449,AROTIKA Rub  15g  BDC,Arotika,ยาแก้ปวด/กล้ามเนื้อ/ข้อกระดูก (Analgesics & Musculoskeletal),Yes,0,980,31913.13
2025-Full,2025,12,2025-12-28,00660,Clinivate cream 5g BDC,Klenivet,ยาผิวหนังฆ่าเชื้อ/ต้านอักเสบ (Dermatology),No,0,1656,23586.94
2025-Full,2025,12,2025-12-28,00503,Anzac fluoxetine 20mg BDC,Anxac,ยาปรับสารเคมีในสมอง/คลายกังวล (Psychotropics),No,0,48,19200.0
2025-Full,2025,12,2025-12-28,00873,Doxyl cap (Doxycillin) 100mg Cap/Bl BDC,Doxyl,กลุ่มยาและเวชภัณฑ์ทั่วไป (General Health & Others),No,0,900,14038.95
2025-Full,2025,12,2025-12-28,04553,"CapsikaŒ-25 gel 15g 0,025% BDC 12Tub",Capsika,ยาแก้ปวด/กล้ามเนื้อ/ข้อกระดูก (Analgesics & Musculoskeletal),Yes,0,288,8888.1
2025-Full,2025,12,2025-12-28,18638,(Free) Plaivana cream 14% 35g BDC,Plaivana,ยาแก้ปวด/กล้ามเนื้อ/ข้อกระดูก (Analgesics & Musculoskeletal),Yes,0,20,0.0
2025-Full,2025,12,2025-12-28,18579,(Free) Hepivir (Hepatitis B) entecavir 0.5mg 3Bl/Box TH,Hepivir,ยาต้านไวรัสตับอักเสบ (Antivirals & Hepatology),Yes,0,320,0.0
2025-Full,2025,12,2025-12-28,18642,(Free) Precius (Pregabalin) 75mg 6Bl/Box,Precius,ยารักษาอาการปวดเส้นประสาท (Neuropathic Pain),Yes,0,17,0.0
2025-Full,2025,12,2025-12-28,18920,(Free) Sunny ກາຕົ້ມນໍ້າໄຟຟ້າ 2L (1500W),Sunny,กลุ่มยาและเวชภัณฑ์ทั่วไป (General Health & Others),No,0,16,0.0
2025-Full,2025,12,2025-12-28,18581,(Free) Finasteride 1mg 3Bl/Box,Finasteride,ยารักษาต่อมลูกหมาก/ผมร่วง (Urology & Men Health),Yes,0,40,0.0
2025-Full,2025,12,2025-12-28,18637,(Free) Clenascar gel 7g BDC,Clenascar,เวชสำอางดูแลแผลเป็น/สิว (Dermatology & Skincare),Yes,0,1,0.0
2025-Full,2025,12,2025-12-28,18921,(Free) Otto ໝໍ້ຊີ້ນຈຸ່ມ+ດາດ GR-175A (1900W),Otto,กลุ่มยาและเวชภัณฑ์ทั่วไป (General Health & Others),No,0,15,0.0
2025-Full,2025,12,2025-12-28,18639,"(Free) Capsika 0,0125% gel 35g BDC",Capsika,ยาแก้ปวด/กล้ามเนื้อ/ข้อกระดูก (Analgesics & Musculoskeletal),Yes,0,1,0.0
2025-Full,2025,12,2025-12-28,18922,(Free) Tiger star ໝໍ້ແດງ SP-100,Tiger,กลุ่มยาและเวชภัณฑ์ทั่วไป (General Health & Others),No,0,37,0.0
2025-Full,2025,12,2025-12-28,19095,(Free) Fartussin 10Bl/Box 15mg FML,Fartussin,กลุ่มยาและเวชภัณฑ์ทั่วไป (General Health & Others),No,0,66,0.0
2025-Full,2025,12,2025-12-28,18919,(Free) Otto ໝໍ້ທອດໄຟຟ້າ DF-377 6L (2500W),Otto,กลุ่มยาและเวชภัณฑ์ทั่วไป (General Health & Others),No,0,15,0.0
2025-Full,2025,12,2025-12-28,19123,(Free) Gynogesic (Mefenamic acid) 500mg 10Bl/Box BDC,Gynogesic,ยาแก้ปวดประจำเดือน/กล้ามเนื้อ (Analgesics),No,0,4,0.0
2025-Full,2025,12,2025-12-28,18923,(Free) Safe & Save ກາຕົ້ມນໍ້າໄຟຟ້າ 1.8L TH,Safe,กลุ่มยาและเวชภัณฑ์ทั่วไป (General Health & Others),No,0,25,0.0
2025-Full,2025,12,2025-12-28,18575,(Free) Glucosa 1500mg Red 30Sach/Box BDC,Glucosa,ยาบำรุงข้อกระดูก (Osteoarthritis),Yes,0,167,0.0
2025-Full,2025,12,2025-12-28,19122,(Free) Clinivate-N cream 5g BDC,Klenivet,ยาผิวหนังฆ่าเชื้อ/ต้านอักเสบ (Dermatology),No,0,258,0.0
2025-Full,2025,12,2025-12-28,18576,(Free) Sporaxyl (Ketoconasol) cream 15g BDC,Sporosil,ยาต้านเชื้อรา (Antifungals),No,0,50,0.0
2025-Full,2025,12,2025-12-28,19124,(Free) Gi-Bismol 240ml BDC,Gastro-Bismol,ยาเคลือบกระเพาะ/กรดไหลย้อน (Antacids & GI),Yes,0,23,0.0
2025-Full,2025,12,2025-12-28,18577,(Free) Gastro bismol 524,Gastro-Bismol,ยาเคลือบกระเพาะ/กรดไหลย้อน (Antacids & GI),Yes,0,86,0.0
2025-Full,2025,12,2025-12-28,18578,(Free) Capsika-25 lotion spong pak 80ml,Capsika,ยาแก้ปวด/กล้ามเนื้อ/ข้อกระดูก (Analgesics & Musculoskeletal),Yes,0,152,0.0
2025-FULL,2025,12,2025-12-28,06538,Spascopan(Buscopan)Tab/Bl 10mgBDC,Spascopan,ยาบรรเทาอาการปวดเกร็งช่องท้อง (Antispasmodics),No,0,182010,4009163.22
2025-FULL,2025,12,2025-12-28,01944,Zenzera (Albendazole) 200mg Tab/Bl BDC,Zenzera,ยาถ่ายพยาธิ (Anthelmintics),Yes,0,420859,3376752.14
2025-FULL,2025,12,2025-12-28,08921,Cephalexyl-500 Caps/Bl SAP,Cephalexyl,ยาปฏิชีวนะ/ฆ่าเชื้อแบคทีเรีย (Antibiotics),No,0,8496,2571030.03
2025-FULL,2025,12,2025-12-28,00663,CliDecir (Acidclovir) 5g cream BDC,Clidecir,กลุ่มยาและเวชภัณฑ์ทั่วไป (General Health & Others),No,0,163389,2449966.61
2025-FULL,2025,12,2025-12-28,01947,Zertine 10mg Tab/Bl FML,Zertine,ยาแก้แพ้/ต้านฮิสตามีน (Antihistamines),No,0,29753,2144503.83
2025-FULL,2025,12,2025-12-28,00644,Ciproxyl 500mg Tab/Bl FML,Ciprocin,ยาปฏิชีวนะ/ฆ่าเชื้อทางเดินปัสสาวะ (Antibiotics),No,0,7903,1821215.97
2025-FULL,2025,12,2025-12-28,07427,Clinimet-400(Cimetidine) Tab/Bl  BDC,Klenimed,ยาลดกรดในกระเพาะอาหาร (Antacids & GI),No,0,93161,1610501.49
2025-FULL,2025,12,2025-12-28,01758,Sporaxyl (Keto) 200mg 1x10Bl BDC,Sporosil,ยาต้านเชื้อรา (Antifungals),No,0,8160,1481703.18
2025-FULL,2025,12,2025-12-28,07777,GiBismol Pink 240ml (Prink) BDC,Gastro-Bismol,ยาเคลือบกระเพาะ/กรดไหลย้อน (Antacids & GI),Yes,0,17434,1243704.98
2025-FULL,2025,12,2025-12-28,01094,Glucosa-500mg Cap/Bl BDC,Glucosa,ยาบำรุงข้อกระดูก (Osteoarthritis),Yes,0,4790,1241478.05
2025-FULL,2025,12,2025-12-28,05942,Clinivate-N Cream 15g BDC,Klenivet,ยาผิวหนังฆ่าเชื้อ/ต้านอักเสบ (Dermatology),No,0,35127,1188243.41
2025-FULL,2025,12,2025-12-28,00661,Clinivate-N cream 5g BDC,Klenivet,ยาผิวหนังฆ่าเชื้อ/ต้านอักเสบ (Dermatology),No,0,75944,1146670.67
2025-FULL,2025,12,2025-12-28,01759,Sporaxyl (Keto) cream 5g BDC,Sporosil,ยาต้านเชื้อรา (Antifungals),No,0,70113,1057478.96
2025-FULL,2025,12,2025-12-28,01500,Oflocee (Ofloxacin) 200mg FML,Oflocee,ยาปฏิชีวนะ/ฆ่าเชื้อ (Antibiotics),No,0,5125,1027614.3
2025-FULL,2025,12,2025-12-28,14275,Nacoxib 90mg,Nacoxib,ยาแก้ปวด/ต้านการอักเสบ (NSAIDs & Pain Relief),Yes,0,4205,913017.1
2025-FULL,2025,12,2025-12-28,01091,Glucosa 1500mg Red 30Sach/Box BDC,Glucosa,ยาบำรุงข้อกระดูก (Osteoarthritis),Yes,0,2948,898390.62
2025-FULL,2025,12,2025-12-28,03886,"Goutichin (Colchicin) 0,6mg Tab/Bl FML",Goutichin,กลุ่มยาและเวชภัณฑ์ทั่วไป (General Health & Others),No,0,9127,869238.23
2025-FULL,2025,12,2025-12-28,01475,Noraphen 500mg Tab/Bl BDC,Noraphen,ยาแก้ปวด/ต้านการอักเสบ (NSAIDs & Pain Relief),No,0,75490,780879.46
2025-FULL,2025,12,2025-12-28,01012,Fexotine (Fexofenadin) Tab/Bl FML,Fexotine,กลุ่มยาและเวชภัณฑ์ทั่วไป (General Health & Others),No,0,16345,601079.58
2025-FULL,2025,12,2025-12-28,05108,CliDecir(Acyclovir) 400mg  BDC,Clideciracyclovir,กลุ่มยาและเวชภัณฑ์ทั่วไป (General Health & Others),No,0,4097,596102.39
2025-FULL,2025,12,2025-12-28,00863,Domper-M domperidone 10mg BDC,Domper-M,ยาช่วยย่อย/ต้านคลื่นไส้อาเจียน (Antiemetics),No,0,83470,481999.0
2025-FULL,2025,12,2025-12-28,05020,Sporaxyl(Keto) Cream 15g BDC,Sporosil,ยาต้านเชื้อรา (Antifungals),No,0,17470,468828.61
2025-FULL,2025,12,2025-12-28,00664,CliDecir (Acidclovir) 200mg BDC,Clidecir,กลุ่มยาและเวชภัณฑ์ทั่วไป (General Health & Others),No,0,4066,440322.47
2025-FULL,2025,12,2025-12-28,01103,Gynogesic (Dolfenal) 500mg Tab/BL BDC,Gynogesic,ยาแก้ปวดประจำเดือน/กล้ามเนื้อ (Analgesics),No,0,2700,415655.92
2025-FULL,2025,12,2025-12-28,18544,Clena TM EX (Anti melasma) 15g,Clenascar,เวชสำอางดูแลแผลเป็น/สิว (Dermatology & Skincare),Yes,0,2245,378270.32
2025-FULL,2025,12,2025-12-28,03654,Glucosa 1500mg lemon 30Sach/Box BDC,Glucosa,ยาบำรุงข้อกระดูก (Osteoarthritis),Yes,0,1188,369092.68
2025-FULL,2025,12,2025-12-28,01244,Lorita (Loratadine) 10mg Tab/Bl FML,Lolita,ยาแก้แพ้/ต้านฮิสตามีน (Antihistamines),No,0,4506,365006.04
2025-FULL,2025,12,2025-12-28,03358,Gastrosec (Omeprazole) 20mg BDC,Gastrosec,ยาลดกรดในกระเพาะอาหาร (PPIs & Antacids),No,0,10032,338564.35
2025-FULL,2025,12,2025-12-28,01709,Roxithroxyl 150mg Tab/Bl BDC,Roxithroxyl,กลุ่มยาและเวชภัณฑ์ทั่วไป (General Health & Others),No,0,15990,333345.39
2025-FULL,2025,12,2025-12-28,02072,Stugin (Cinnariz) 25mg Tab/Bl BDC,Stugin,ยาบรรเทาอาการเวียนศีรษะ/บ้านหมุน (Vertigo & CNS),No,0,70280,329119.66
2025-FULL,2025,12,2025-12-28,17224,Gastro bismol 524,Gastro-Bismol,ยาเคลือบกระเพาะ/กรดไหลย้อน (Antacids & GI),Yes,0,662,327895.41
2025-FULL,2025,12,2025-12-28,14106,Anzac fluoxetin HCI 20mg,Anxac,ยาปรับสารเคมีในสมอง/คลายกังวล (Psychotropics),No,0,1774,307771.52
2025-FULL,2025,12,2025-12-28,00658,Clinigel (VASELINE) Gel 50g BDC,Clinigel,กลุ่มยาและเวชภัณฑ์ทั่วไป (General Health & Others),No,0,5725,267235.04
2025-FULL,2025,12,2025-12-28,00999,Fartussin Tab/Bl 15mg FML,Fartussin,กลุ่มยาและเวชภัณฑ์ทั่วไป (General Health & Others),No,0,2861,238518.32
2025-FULL,2025,12,2025-12-28,18610,Precius (Pregabalin) 75mg 6Bl/Box,Precius,ยารักษาอาการปวดเส้นประสาท (Neuropathic Pain),Yes,0,523,232820.7
2025-FULL,2025,12,2025-12-28,01946,Zertin 5mg SP 60ml FML,Zertine,ยาแก้แพ้/ต้านฮิสตามีน (Antihistamines),No,0,4955,197114.52
2025-FULL,2025,12,2025-12-28,10191,Spascopan 10mg Tab/Bott BDC,Spascopan,ยาบรรเทาอาการปวดเกร็งช่องท้อง (Antispasmodics),No,0,206,176391.18
2025-FULL,2025,12,2025-12-28,03880,Glucocron (Gliclazide 80mg) BDC,Glucocron,ยารักษาโรคเบาหวาน (Antidiabetics),No,0,1223,164153.75
2025-FULL,2025,12,2025-12-28,15617,Zenzera Supersion 10ml/Sach,Zenzera,ยาถ่ายพยาธิ (Anthelmintics),Yes,0,1776,158136.13
2025-FULL,2025,12,2025-12-28,00662,Clinoderm (Clobetaso) cream 5g BDC,Clinoderm,กลุ่มยาและเวชภัณฑ์ทั่วไป (General Health & Others),No,0,6684,153884.7
2025-FULL,2025,12,2025-12-28,18238,CliDecir-800mg 7Bl/Box TH,Clidecir800Mg,กลุ่มยาและเวชภัณฑ์ทั่วไป (General Health & Others),No,0,541,148767.44
2025-FULL,2025,12,2025-12-28,17225,Arotika cool spray 60ml,Arotika,ยาแก้ปวด/กล้ามเนื้อ/ข้อกระดูก (Analgesics & Musculoskeletal),Yes,0,1014,135737.6
2025-FULL,2025,12,2025-12-28,17101,Prozeus 15 30sach,Prozeus,โปรตีนและโภชนาการเสริม (Nutritional Supplements),Yes,0,166,132504.82
2025-FULL,2025,12,2025-12-28,04220,"Zyno cream 0,1% 15g BDC",Zeno,กลุ่มยาและเวชภัณฑ์ทั่วไป (General Health & Others),No,0,5226,127783.17
2025-FULL,2025,12,2025-12-28,17226,Tristan (Etoricoxib 90mg),Tristan,ยาแก้ปวด/ต้านการอักเสบ (NSAIDs & Pain Relief),Yes,0,2907,124906.5
2025-FULL,2025,12,2025-12-28,17847,Finasteride 1mg 3Bl/Box,Finasteride,ยารักษาต่อมลูกหมาก/ผมร่วง (Urology & Men Health),Yes,0,411,116468.88
2025-FULL,2025,12,2025-12-28,10799,Clenascar  Gel  15g,Clenascar,เวชสำอางดูแลแผลเป็น/สิว (Dermatology & Skincare),Yes,0,688,110757.26
2025-FULL,2025,12,2025-12-28,01342,Mucobrox SP 60ml BDC,Mucobrox,กลุ่มยาและเวชภัณฑ์ทั่วไป (General Health & Others),No,0,2097,105630.62
2025-FULL,2025,12,2025-12-28,00368,Allerax-Fc 10mg 50Bl/Box BDC,Allerlax,ยาแก้แพ้/ต้านฮิสตามีน (Antihistamines),No,0,22300,100641.01
2025-FULL,2025,12,2025-12-28,06243,Diabederm cream 20% 35g (Blue) BDC,Diabederm,ยาผิวหนัง/บำรุงผิวแห้งแตก (Dermatology),Yes,0,1580,98395.4
2025-FULL,2025,12,2025-12-28,05252,Fango (Clotrimazole) cream 15g BDC,Fango,ยาผิวหนังต้านเชื้อรา/อักเสบ (Dermatology),Yes,0,3144,92650.73
2025-FULL,2025,12,2025-12-28,04353,"Capsika-25 (0,025%) Gel 35g Pack/10Tub",Capsika,ยาแก้ปวด/กล้ามเนื้อ/ข้อกระดูก (Analgesics & Musculoskeletal),Yes,0,1717,90006.65
2025-FULL,2025,12,2025-12-28,07545,Plaivana  Cream 35g BDC,Plaivana,ยาแก้ปวด/กล้ามเนื้อ/ข้อกระดูก (Analgesics & Musculoskeletal),Yes,0,1360,89389.28
2025-FULL,2025,12,2025-12-28,01735,Skinfect (Gentamicin) cream 5g BDC,Skinfect,ยาปฏิชีวนะทาแผล/ผิวหนัง (Dermatology),No,0,6534,87236.9
2025-FULL,2025,12,2025-12-28,01958,"Zyno cream 0,02% 15g BDC",Zeno,กลุ่มยาและเวชภัณฑ์ทั่วไป (General Health & Others),No,0,3072,83592.32
2025-FULL,2025,12,2025-12-28,17100,Prozeus 15 10sach,Prozeus,โปรตีนและโภชนาการเสริม (Nutritional Supplements),Yes,0,289,82654.78
2025-FULL,2025,12,2025-12-28,08451,AROTIKA Rub Spray 60ml  BDC,Arotika,ยาแก้ปวด/กล้ามเนื้อ/ข้อกระดูก (Analgesics & Musculoskeletal),Yes,0,841,81920.44
2025-FULL,2025,12,2025-12-28,10399,Feenoze nasal spray 20ml BDC,Feenoze,กลุ่มยาและเวชภัณฑ์ทั่วไป (General Health & Others),No,0,1128,80617.66
2025-FULL,2025,12,2025-12-28,02020,Capsika-25 lotion spray 100ml,Capsika,ยาแก้ปวด/กล้ามเนื้อ/ข้อกระดูก (Analgesics & Musculoskeletal),Yes,0,520,78829.07
2025-FULL,2025,12,2025-12-28,05943,Clinoderm Cream 15g BDC,Clinoderm,กลุ่มยาและเวชภัณฑ์ทั่วไป (General Health & Others),No,0,2269,76903.1
2025-FULL,2025,12,2025-12-28,05946,Diabederm cream 10% 35g (Green) BDC,Diabederm,ยาผิวหนัง/บำรุงผิวแห้งแตก (Dermatology),Yes,0,1455,74366.63
2025-FULL,2025,12,2025-12-28,08450,AROTIKA Rub  35g  BDC,Arotika,ยาแก้ปวด/กล้ามเนื้อ/ข้อกระดูก (Analgesics & Musculoskeletal),Yes,0,1170,73384.17
2025-FULL,2025,12,2025-12-28,08452,Arotika cool gel 35g BDC,Arotika,ยาแก้ปวด/กล้ามเนื้อ/ข้อกระดูก (Analgesics & Musculoskeletal),Yes,0,1544,72625.76
2025-FULL,2025,12,2025-12-28,00996,Fango (Clotrimazol) Cream 5g BDC,Fango,ยาผิวหนังต้านเชื้อรา/อักเสบ (Dermatology),Yes,0,4836,71277.01
2025-FULL,2025,12,2025-12-28,00369,Allerax-Fc 10mg 1000Tab/Bott BDC,Allerlax,ยาแก้แพ้/ต้านฮิสตามีน (Antihistamines),No,0,331,67271.91
2025-FULL,2025,12,2025-12-28,18911,Fango-BD (Clotrimazole 1% / Betamethasone 0.1%) cream 5g,Fango,ยาผิวหนังต้านเชื้อรา/อักเสบ (Dermatology),Yes,0,3696,65638.02
2025-FULL,2025,12,2025-12-28,05941,Clinivate cream 15g BDC,Klenivet,ยาผิวหนังฆ่าเชื้อ/ต้านอักเสบ (Dermatology),No,0,2292,64587.99
2025-FULL,2025,12,2025-12-28,07539,Plaivana Cream  15g  BDC,Plaivana,ยาแก้ปวด/กล้ามเนื้อ/ข้อกระดูก (Analgesics & Musculoskeletal),Yes,0,1488,57315.1
2025-FULL,2025,12,2025-12-28,18422,Hepivir (Hepatitis  B) entecavir 0.5mg 3Bl/Box TH,Hepivir,ยาต้านไวรัสตับอักเสบ (Antivirals & Hepatology),Yes,0,92,57190.68
2025-FULL,2025,12,2025-12-28,00581,"Capsika 0,0125% gel 35g BDC",Capsika,ยาแก้ปวด/กล้ามเนื้อ/ข้อกระดูก (Analgesics & Musculoskeletal),Yes,0,1260,56275.67
2025-FULL,2025,12,2025-12-28,03519,"Zyno cream 0,1% 5g BDC",Zeno,กลุ่มยาและเวชภัณฑ์ทั่วไป (General Health & Others),No,0,3660,56228.86
2025-FULL,2025,12,2025-12-28,15712,AROTIKA Rub Lotion 80ml,Arotika,ยาแก้ปวด/กล้ามเนื้อ/ข้อกระดูก (Analgesics & Musculoskeletal),Yes,0,223,46707.71
2025-FULL,2025,12,2025-12-28,18682,Zentozide (Praziquantel) 600mg Bl/Box,Zentocide,ยาถ่ายพยาธิใบไม้ในตับ (Antiparasitics),Yes,0,580,33024.41
2025-FULL,2025,12,2025-12-28,01957,"Zyno cream 0,02% 5g BDC",Zeno,กลุ่มยาและเวชภัณฑ์ทั่วไป (General Health & Others),No,0,2138,32017.76
2025-FULL,2025,12,2025-12-28,08449,AROTIKA Rub  15g  BDC,Arotika,ยาแก้ปวด/กล้ามเนื้อ/ข้อกระดูก (Analgesics & Musculoskeletal),Yes,0,980,31913.13
2025-FULL,2025,12,2025-12-28,00660,Clinivate cream 5g BDC,Klenivet,ยาผิวหนังฆ่าเชื้อ/ต้านอักเสบ (Dermatology),No,0,1656,23586.94
2025-FULL,2025,12,2025-12-28,00503,Anzac fluoxetine 20mg BDC,Anxac,ยาปรับสารเคมีในสมอง/คลายกังวล (Psychotropics),No,0,48,19200.0
2025-FULL,2025,12,2025-12-28,00873,Doxyl cap (Doxycillin) 100mg Cap/Bl BDC,Doxyl,กลุ่มยาและเวชภัณฑ์ทั่วไป (General Health & Others),No,0,900,14038.95
2025-FULL,2025,12,2025-12-28,04553,"CapsikaŒ-25 gel 15g 0,025% BDC 12Tub",Capsika,ยาแก้ปวด/กล้ามเนื้อ/ข้อกระดูก (Analgesics & Musculoskeletal),Yes,0,288,8888.1
2025-FULL,2025,12,2025-12-28,18638,(Free) Plaivana cream 14% 35g BDC,Plaivana,ยาแก้ปวด/กล้ามเนื้อ/ข้อกระดูก (Analgesics & Musculoskeletal),Yes,0,20,0.0
2025-FULL,2025,12,2025-12-28,18579,(Free) Hepivir (Hepatitis B) entecavir 0.5mg 3Bl/Box TH,Hepivir,ยาต้านไวรัสตับอักเสบ (Antivirals & Hepatology),Yes,0,320,0.0
2025-FULL,2025,12,2025-12-28,18642,(Free) Precius (Pregabalin) 75mg 6Bl/Box,Precius,ยารักษาอาการปวดเส้นประสาท (Neuropathic Pain),Yes,0,17,0.0
2025-FULL,2025,12,2025-12-28,18920,(Free) Sunny ກາຕົ້ມນໍ້າໄຟຟ້າ 2L (1500W),Sunny,กลุ่มยาและเวชภัณฑ์ทั่วไป (General Health & Others),No,0,16,0.0
2025-FULL,2025,12,2025-12-28,18581,(Free) Finasteride 1mg 3Bl/Box,Finasteride,ยารักษาต่อมลูกหมาก/ผมร่วง (Urology & Men Health),Yes,0,40,0.0
2025-FULL,2025,12,2025-12-28,18637,(Free) Clenascar gel 7g BDC,Clenascar,เวชสำอางดูแลแผลเป็น/สิว (Dermatology & Skincare),Yes,0,1,0.0
2025-FULL,2025,12,2025-12-28,18921,(Free) Otto ໝໍ້ຊີ້ນຈຸ່ມ+ດາດ GR-175A (1900W),Otto,กลุ่มยาและเวชภัณฑ์ทั่วไป (General Health & Others),No,0,15,0.0
2025-FULL,2025,12,2025-12-28,18639,"(Free) Capsika 0,0125% gel 35g BDC",Capsika,ยาแก้ปวด/กล้ามเนื้อ/ข้อกระดูก (Analgesics & Musculoskeletal),Yes,0,1,0.0
2025-FULL,2025,12,2025-12-28,18922,(Free) Tiger star ໝໍ້ແດງ SP-100,Tiger,กลุ่มยาและเวชภัณฑ์ทั่วไป (General Health & Others),No,0,37,0.0
2025-FULL,2025,12,2025-12-28,19095,(Free) Fartussin 10Bl/Box 15mg FML,Fartussin,กลุ่มยาและเวชภัณฑ์ทั่วไป (General Health & Others),No,0,66,0.0
2025-FULL,2025,12,2025-12-28,18919,(Free) Otto ໝໍ້ທອດໄຟຟ້າ DF-377 6L (2500W),Otto,กลุ่มยาและเวชภัณฑ์ทั่วไป (General Health & Others),No,0,15,0.0
2025-FULL,2025,12,2025-12-28,19123,(Free) Gynogesic (Mefenamic acid) 500mg 10Bl/Box BDC,Gynogesic,ยาแก้ปวดประจำเดือน/กล้ามเนื้อ (Analgesics),No,0,4,0.0
2025-FULL,2025,12,2025-12-28,18923,(Free) Safe & Save ກາຕົ້ມນໍ້າໄຟຟ້າ 1.8L TH,Safe,กลุ่มยาและเวชภัณฑ์ทั่วไป (General Health & Others),No,0,25,0.0
2025-FULL,2025,12,2025-12-28,18575,(Free) Glucosa 1500mg Red 30Sach/Box BDC,Glucosa,ยาบำรุงข้อกระดูก (Osteoarthritis),Yes,0,167,0.0
2025-FULL,2025,12,2025-12-28,19122,(Free) Clinivate-N cream 5g BDC,Klenivet,ยาผิวหนังฆ่าเชื้อ/ต้านอักเสบ (Dermatology),No,0,258,0.0
2025-FULL,2025,12,2025-12-28,18576,(Free) Sporaxyl (Ketoconasol) cream 15g BDC,Sporosil,ยาต้านเชื้อรา (Antifungals),No,0,50,0.0
2025-FULL,2025,12,2025-12-28,19124,(Free) Gi-Bismol 240ml BDC,Gastro-Bismol,ยาเคลือบกระเพาะ/กรดไหลย้อน (Antacids & GI),Yes,0,23,0.0
2025-FULL,2025,12,2025-12-28,18577,(Free) Gastro bismol 524,Gastro-Bismol,ยาเคลือบกระเพาะ/กรดไหลย้อน (Antacids & GI),Yes,0,86,0.0
2025-FULL,2025,12,2025-12-28,18578,(Free) Capsika-25 lotion spong pak 80ml,Capsika,ยาแก้ปวด/กล้ามเนื้อ/ข้อกระดูก (Analgesics & Musculoskeletal),Yes,0,152,0.0
2025-YTD,2025,1,2025-01-28,06538,Spascopan(Buscopan)Tab/Bl 10mgBDC,Spascopan,ยาบรรเทาอาการปวดเกร็งช่องท้อง (Antispasmodics),No,0,121570,2658242.55
2025-YTD,2025,1,2025-01-28,01944,Zenzera (Albendazole) 200mg Tab/Bl BDC,Zenzera,ยาถ่ายพยาธิ (Anthelmintics),Yes,0,258897,2096750.34
2025-YTD,2025,1,2025-01-28,00663,CliDecir (Acidclovir) 5g cream BDC,Clidecir,กลุ่มยาและเวชภัณฑ์ทั่วไป (General Health & Others),No,0,114178,1727938.61
2025-YTD,2025,1,2025-01-28,08921,Cephalexyl-500 Caps/Bl SAP,Cephalexyl,ยาปฏิชีวนะ/ฆ่าเชื้อแบคทีเรีย (Antibiotics),No,0,5346,1628538.16
2025-YTD,2025,1,2025-01-28,01947,Zertine 10mg Tab/Bl FML,Zertine,ยาแก้แพ้/ต้านฮิสตามีน (Antihistamines),No,0,18641,1403471.56
2025-YTD,2025,1,2025-01-28,00644,Ciproxyl 500mg Tab/Bl FML,Ciprocin,ยาปฏิชีวนะ/ฆ่าเชื้อทางเดินปัสสาวะ (Antibiotics),No,0,5560,1312999.9
2025-YTD,2025,1,2025-01-28,07427,Clinimet-400(Cimetidine) Tab/Bl  BDC,Klenimed,ยาลดกรดในกระเพาะอาหาร (Antacids & GI),No,0,60680,1084049.08
2025-YTD,2025,1,2025-01-28,01758,Sporaxyl (Keto) 200mg 1x10Bl BDC,Sporosil,ยาต้านเชื้อรา (Antifungals),No,0,5100,950142.87
2025-YTD,2025,1,2025-01-28,05942,Clinivate-N Cream 15g BDC,Klenivet,ยาผิวหนังฆ่าเชื้อ/ต้านอักเสบ (Dermatology),No,0,26153,895123.51
2025-YTD,2025,1,2025-01-28,01094,Glucosa-500mg Cap/Bl BDC,Glucosa,ยาบำรุงข้อกระดูก (Osteoarthritis),Yes,0,3316,876237.94
2025-YTD,2025,1,2025-01-28,07777,GiBismol Pink 240ml (Prink) BDC,Gastro-Bismol,ยาเคลือบกระเพาะ/กรดไหลย้อน (Antacids & GI),Yes,0,11875,817682.23
2025-YTD,2025,1,2025-01-28,01500,Oflocee (Ofloxacin) 200mg FML,Oflocee,ยาปฏิชีวนะ/ฆ่าเชื้อ (Antibiotics),No,0,3684,757362.73
2025-YTD,2025,1,2025-01-28,00661,Clinivate-N cream 5g BDC,Klenivet,ยาผิวหนังฆ่าเชื้อ/ต้านอักเสบ (Dermatology),No,0,49492,755071.99
2025-YTD,2025,1,2025-01-28,01759,Sporaxyl (Keto) cream 5g BDC,Sporosil,ยาต้านเชื้อรา (Antifungals),No,0,46003,697777.25
2025-YTD,2025,1,2025-01-28,03886,"Goutichin (Colchicin) 0,6mg Tab/Bl FML",Goutichin,กลุ่มยาและเวชภัณฑ์ทั่วไป (General Health & Others),No,0,6234,608792.2
2025-YTD,2025,1,2025-01-28,14275,Nacoxib 90mg,Nacoxib,ยาแก้ปวด/ต้านการอักเสบ (NSAIDs & Pain Relief),Yes,0,2499,599547.99
2025-YTD,2025,1,2025-01-28,01091,Glucosa 1500mg Red 30Sach/Box BDC,Glucosa,ยาบำรุงข้อกระดูก (Osteoarthritis),Yes,0,1753,577264.76
2025-YTD,2025,1,2025-01-28,05108,CliDecir(Acyclovir) 400mg  BDC,Clideciracyclovir,กลุ่มยาและเวชภัณฑ์ทั่วไป (General Health & Others),No,0,2728,412223.59
2025-YTD,2025,1,2025-01-28,01012,Fexotine (Fexofenadin) Tab/Bl FML,Fexotine,กลุ่มยาและเวชภัณฑ์ทั่วไป (General Health & Others),No,0,10364,398569.72
2025-YTD,2025,1,2025-01-28,01475,Noraphen 500mg Tab/Bl BDC,Noraphen,ยาแก้ปวด/ต้านการอักเสบ (NSAIDs & Pain Relief),No,0,37960,375212.39
2025-YTD,2025,1,2025-01-28,05020,Sporaxyl(Keto) Cream 15g BDC,Sporosil,ยาต้านเชื้อรา (Antifungals),No,0,12112,333299.97
2025-YTD,2025,1,2025-01-28,18544,Clena TM EX (Anti melasma) 15g,Clenascar,เวชสำอางดูแลแผลเป็น/สิว (Dermatology & Skincare),Yes,0,1762,305434.11
2025-YTD,2025,1,2025-01-28,00664,CliDecir (Acidclovir) 200mg BDC,Clidecir,กลุ่มยาและเวชภัณฑ์ทั่วไป (General Health & Others),No,0,2628,288263.6
2025-YTD,2025,1,2025-01-28,00863,Domper-M domperidone 10mg BDC,Domper-M,ยาช่วยย่อย/ต้านคลื่นไส้อาเจียน (Antiemetics),No,0,47890,284956.78
2025-YTD,2025,1,2025-01-28,17224,Gastro bismol 524,Gastro-Bismol,ยาเคลือบกระเพาะ/กรดไหลย้อน (Antacids & GI),Yes,0,514,283136.94
2025-YTD,2025,1,2025-01-28,01103,Gynogesic (Dolfenal) 500mg Tab/BL BDC,Gynogesic,ยาแก้ปวดประจำเดือน/กล้ามเนื้อ (Analgesics),No,0,1766,275134.03
2025-YTD,2025,1,2025-01-28,03654,Glucosa 1500mg lemon 30Sach/Box BDC,Glucosa,ยาบำรุงข้อกระดูก (Osteoarthritis),Yes,0,758,251448.12
2025-YTD,2025,1,2025-01-28,03358,Gastrosec (Omeprazole) 20mg BDC,Gastrosec,ยาลดกรดในกระเพาะอาหาร (PPIs & Antacids),No,0,6589,228748.34
2025-YTD,2025,1,2025-01-28,02072,Stugin (Cinnariz) 25mg Tab/Bl BDC,Stugin,ยาบรรเทาอาการเวียนศีรษะ/บ้านหมุน (Vertigo & CNS),No,0,45810,227306.16
2025-YTD,2025,1,2025-01-28,01709,Roxithroxyl 150mg Tab/Bl BDC,Roxithroxyl,กลุ่มยาและเวชภัณฑ์ทั่วไป (General Health & Others),No,0,10480,227217.7
2025-YTD,2025,1,2025-01-28,01244,Lorita (Loratadine) 10mg Tab/Bl FML,Lolita,ยาแก้แพ้/ต้านฮิสตามีน (Antihistamines),No,0,2608,220756.42
2025-YTD,2025,1,2025-01-28,14106,Anzac fluoxetin HCI 20mg,Anxac,ยาปรับสารเคมีในสมอง/คลายกังวล (Psychotropics),No,0,1090,189353.77
2025-YTD,2025,1,2025-01-28,00658,Clinigel (VASELINE) Gel 50g BDC,Clinigel,กลุ่มยาและเวชภัณฑ์ทั่วไป (General Health & Others),No,0,3860,186423.21
2025-YTD,2025,1,2025-01-28,01946,Zertin 5mg SP 60ml FML,Zertine,ยาแก้แพ้/ต้านฮิสตามีน (Antihistamines),No,0,4024,161610.3
2025-YTD,2025,1,2025-01-28,00999,Fartussin Tab/Bl 15mg FML,Fartussin,กลุ่มยาและเวชภัณฑ์ทั่วไป (General Health & Others),No,0,1693,152342.77
2025-YTD,2025,1,2025-01-28,00662,Clinoderm (Clobetaso) cream 5g BDC,Clinoderm,กลุ่มยาและเวชภัณฑ์ทั่วไป (General Health & Others),No,0,6000,138157.28
2025-YTD,2025,1,2025-01-28,03880,Glucocron (Gliclazide 80mg) BDC,Glucocron,ยารักษาโรคเบาหวาน (Antidiabetics),No,0,804,108009.61
2025-YTD,2025,1,2025-01-28,18610,Precius (Pregabalin) 75mg 6Bl/Box,Precius,ยารักษาอาการปวดเส้นประสาท (Neuropathic Pain),Yes,0,217,107444.07
2025-YTD,2025,1,2025-01-28,10191,Spascopan 10mg Tab/Bott BDC,Spascopan,ยาบรรเทาอาการปวดเกร็งช่องท้อง (Antispasmodics),No,0,120,105600.0
2025-YTD,2025,1,2025-01-28,15617,Zenzera Supersion 10ml/Sach,Zenzera,ยาถ่ายพยาธิ (Anthelmintics),Yes,0,994,93968.15
2025-YTD,2025,1,2025-01-28,04220,"Zyno cream 0,1% 15g BDC",Zeno,กลุ่มยาและเวชภัณฑ์ทั่วไป (General Health & Others),No,0,3618,90574.17
2025-YTD,2025,1,2025-01-28,17226,Tristan (Etoricoxib 90mg),Tristan,ยาแก้ปวด/ต้านการอักเสบ (NSAIDs & Pain Relief),Yes,0,1968,88542.18
2025-YTD,2025,1,2025-01-28,18238,CliDecir-800mg 7Bl/Box TH,Clidecir800Mg,กลุ่มยาและเวชภัณฑ์ทั่วไป (General Health & Others),No,0,288,84195.18
2025-YTD,2025,1,2025-01-28,17225,Arotika cool spray 60ml,Arotika,ยาแก้ปวด/กล้ามเนื้อ/ข้อกระดูก (Analgesics & Musculoskeletal),Yes,0,562,81505.33
2025-YTD,2025,1,2025-01-28,17101,Prozeus 15 30sach,Prozeus,โปรตีนและโภชนาการเสริม (Nutritional Supplements),Yes,0,96,78720.0
2025-YTD,2025,1,2025-01-28,17847,Finasteride 1mg 3Bl/Box,Finasteride,ยารักษาต่อมลูกหมาก/ผมร่วง (Urology & Men Health),Yes,0,189,76164.53
2025-YTD,2025,1,2025-01-28,00368,Allerax-Fc 10mg 50Bl/Box BDC,Allerlax,ยาแก้แพ้/ต้านฮิสตามีน (Antihistamines),No,0,13960,65359.15
2025-YTD,2025,1,2025-01-28,02020,Capsika-25 lotion spray 100ml,Capsika,ยาแก้ปวด/กล้ามเนื้อ/ข้อกระดูก (Analgesics & Musculoskeletal),Yes,0,402,63589.81
2025-YTD,2025,1,2025-01-28,04353,"Capsika-25 (0,025%) Gel 35g Pack/10Tub",Capsika,ยาแก้ปวด/กล้ามเนื้อ/ข้อกระดูก (Analgesics & Musculoskeletal),Yes,0,1125,62028.37
2025-YTD,2025,1,2025-01-28,01735,Skinfect (Gentamicin) cream 5g BDC,Skinfect,ยาปฏิชีวนะทาแผล/ผิวหนัง (Dermatology),No,0,4530,61591.81
2025-YTD,2025,1,2025-01-28,01342,Mucobrox SP 60ml BDC,Mucobrox,กลุ่มยาและเวชภัณฑ์ทั่วไป (General Health & Others),No,0,1149,59242.72
2025-YTD,2025,1,2025-01-28,05252,Fango (Clotrimazole) cream 15g BDC,Fango,ยาผิวหนังต้านเชื้อรา/อักเสบ (Dermatology),Yes,0,1932,59074.19
2025-YTD,2025,1,2025-01-28,08450,AROTIKA Rub  35g  BDC,Arotika,ยาแก้ปวด/กล้ามเนื้อ/ข้อกระดูก (Analgesics & Musculoskeletal),Yes,0,840,53794.98
2025-YTD,2025,1,2025-01-28,01958,"Zyno cream 0,02% 15g BDC",Zeno,กลุ่มยาและเวชภัณฑ์ทั่วไป (General Health & Others),No,0,1848,52989.49
2025-YTD,2025,1,2025-01-28,00996,Fango (Clotrimazol) Cream 5g BDC,Fango,ยาผิวหนังต้านเชื้อรา/อักเสบ (Dermatology),Yes,0,3600,52957.39
2025-YTD,2025,1,2025-01-28,06243,Diabederm cream 20% 35g (Blue) BDC,Diabederm,ยาผิวหนัง/บำรุงผิวแห้งแตก (Dermatology),Yes,0,794,52506.21
2025-YTD,2025,1,2025-01-28,18422,Hepivir (Hepatitis  B) entecavir 0.5mg 3Bl/Box TH,Hepivir,ยาต้านไวรัสตับอักเสบ (Antivirals & Hepatology),Yes,0,79,50687.76
2025-YTD,2025,1,2025-01-28,05941,Clinivate cream 15g BDC,Klenivet,ยาผิวหนังฆ่าเชื้อ/ต้านอักเสบ (Dermatology),No,0,1728,50058.66
2025-YTD,2025,1,2025-01-28,07545,Plaivana  Cream 35g BDC,Plaivana,ยาแก้ปวด/กล้ามเนื้อ/ข้อกระดูก (Analgesics & Musculoskeletal),Yes,0,754,49653.33
2025-YTD,2025,1,2025-01-28,00369,Allerax-Fc 10mg 1000Tab/Bott BDC,Allerlax,ยาแก้แพ้/ต้านฮิสตามีน (Antihistamines),No,0,233,49396.34
2025-YTD,2025,1,2025-01-28,10799,Clenascar  Gel  15g,Clenascar,เวชสำอางดูแลแผลเป็น/สิว (Dermatology & Skincare),Yes,0,288,48963.14
2025-YTD,2025,1,2025-01-28,08451,AROTIKA Rub Spray 60ml  BDC,Arotika,ยาแก้ปวด/กล้ามเนื้อ/ข้อกระดูก (Analgesics & Musculoskeletal),Yes,0,484,48409.74
2025-YTD,2025,1,2025-01-28,03519,"Zyno cream 0,1% 5g BDC",Zeno,กลุ่มยาและเวชภัณฑ์ทั่วไป (General Health & Others),No,0,2892,45152.48
2025-YTD,2025,1,2025-01-28,17100,Prozeus 15 10sach,Prozeus,โปรตีนและโภชนาการเสริม (Nutritional Supplements),Yes,0,145,43505.3
2025-YTD,2025,1,2025-01-28,05946,Diabederm cream 10% 35g (Green) BDC,Diabederm,ยาผิวหนัง/บำรุงผิวแห้งแตก (Dermatology),Yes,0,759,41153.88
2025-YTD,2025,1,2025-01-28,08452,Arotika cool gel 35g BDC,Arotika,ยาแก้ปวด/กล้ามเนื้อ/ข้อกระดูก (Analgesics & Musculoskeletal),Yes,0,813,40664.2
2025-YTD,2025,1,2025-01-28,10399,Feenoze nasal spray 20ml BDC,Feenoze,กลุ่มยาและเวชภัณฑ์ทั่วไป (General Health & Others),No,0,482,40006.0
2025-YTD,2025,1,2025-01-28,07539,Plaivana Cream  15g  BDC,Plaivana,ยาแก้ปวด/กล้ามเนื้อ/ข้อกระดูก (Analgesics & Musculoskeletal),Yes,0,985,39438.49
2025-YTD,2025,1,2025-01-28,00581,"Capsika 0,0125% gel 35g BDC",Capsika,ยาแก้ปวด/กล้ามเนื้อ/ข้อกระดูก (Analgesics & Musculoskeletal),Yes,0,870,39154.16
2025-YTD,2025,1,2025-01-28,18911,Fango-BD (Clotrimazole 1% / Betamethasone 0.1%) cream 5g,Fango,ยาผิวหนังต้านเชื้อรา/อักเสบ (Dermatology),Yes,0,1368,24203.88
2025-YTD,2025,1,2025-01-28,05943,Clinoderm Cream 15g BDC,Clinoderm,กลุ่มยาและเวชภัณฑ์ทั่วไป (General Health & Others),No,0,469,17587.5
2025-YTD,2025,1,2025-01-28,15712,AROTIKA Rub Lotion 80ml,Arotika,ยาแก้ปวด/กล้ามเนื้อ/ข้อกระดูก (Analgesics & Musculoskeletal),Yes,0,150,
2025-YTD,2025,1,2025-01-28,01957,"Zyno cream 0,02% 5g BDC",Zeno,กลุ่มยาและเวชภัณฑ์ทั่วไป (General Health & Others),No,0,1520,23415.21
2025-YTD,2025,1,2025-01-28,08449,AROTIKA Rub  15g  BDC,Arotika,ยาแก้ปวด/กล้ามเนื้อ/ข้อกระดูก (Analgesics & Musculoskeletal),Yes,0,668,22128.07
2025-YTD,2025,1,2025-01-28,00503,Anzac fluoxetine 20mg BDC,Anxac,ยาปรับสารเคมีในสมอง/คลายกังวล (Psychotropics),No,0,48,19200.0
2025-YTD,2025,1,2025-01-28,18682,Zentozide (Praziquantel) 600mg Bl/Box,Zentocide,ยาถ่ายพยาธิใบไม้ในตับ (Antiparasitics),Yes,0,270,15399.0
2025-YTD,2025,1,2025-01-28,00873,Doxyl cap (Doxycillin) 100mg Cap/Bl BDC,Doxyl,กลุ่มยาและเวชภัณฑ์ทั่วไป (General Health & Others),No,0,900,14038.95
2025-YTD,2025,1,2025-01-28,00660,Clinivate cream 5g BDC,Klenivet,ยาผิวหนังฆ่าเชื้อ/ต้านอักเสบ (Dermatology),No,0,840,12719.06
2025-YTD,2025,1,2025-01-28,18638,(Free) Plaivana cream 14% 35g BDC,Plaivana,ยาแก้ปวด/กล้ามเนื้อ/ข้อกระดูก (Analgesics & Musculoskeletal),Yes,0,1,0.0
2025-YTD,2025,1,2025-01-28,18579,(Free) Hepivir (Hepatitis B) entecavir 0.5mg 3Bl/Box TH,Hepivir,ยาต้านไวรัสตับอักเสบ (Antivirals & Hepatology),Yes,0,60,0.0
2025-YTD,2025,1,2025-01-28,18642,(Free) Precius (Pregabalin) 75mg 6Bl/Box,Precius,ยารักษาอาการปวดเส้นประสาท (Neuropathic Pain),Yes,0,17,0.0
2025-YTD,2025,1,2025-01-28,18920,(Free) Sunny ກາຕົ້ມນໍ້າໄຟຟ້າ 2L (1500W),Sunny,กลุ่มยาและเวชภัณฑ์ทั่วไป (General Health & Others),No,0,15,0.0
2025-YTD,2025,1,2025-01-28,18581,(Free) Finasteride 1mg 3Bl/Box,Finasteride,ยารักษาต่อมลูกหมาก/ผมร่วง (Urology & Men Health),Yes,0,10,0.0
2025-YTD,2025,1,2025-01-28,18921,(Free) Otto ໝໍ້ຊີ້ນຈຸ່ມ+ດາດ GR-175A (1900W),Otto,กลุ่มยาและเวชภัณฑ์ทั่วไป (General Health & Others),No,0,15,0.0
2025-YTD,2025,1,2025-01-28,18922,(Free) Tiger star ໝໍ້ແດງ SP-100,Tiger,กลุ่มยาและเวชภัณฑ์ทั่วไป (General Health & Others),No,0,15,0.0
2025-YTD,2025,1,2025-01-28,18919,(Free) Otto ໝໍ້ທອດໄຟຟ້າ DF-377 6L (2500W),Otto,กลุ่มยาและเวชภัณฑ์ทั่วไป (General Health & Others),No,0,8,0.0
2025-YTD,2025,1,2025-01-28,18923,(Free) Safe & Save ກາຕົ້ມນໍ້າໄຟຟ້າ 1.8L TH,Safe,กลุ่มยาและเวชภัณฑ์ทั่วไป (General Health & Others),No,0,14,0.0
2025-YTD,2025,1,2025-01-28,18575,(Free) Glucosa 1500mg Red 30Sach/Box BDC,Glucosa,ยาบำรุงข้อกระดูก (Osteoarthritis),Yes,0,87,0.0
2025-YTD,2025,1,2025-01-28,18576,(Free) Sporaxyl (Ketoconasol) cream 15g BDC,Sporosil,ยาต้านเชื้อรา (Antifungals),No,0,50,0.0
2025-YTD,2025,1,2025-01-28,18577,(Free) Gastro bismol 524,Gastro-Bismol,ยาเคลือบกระเพาะ/กรดไหลย้อน (Antacids & GI),Yes,0,86,0.0
2025-YTD,2025,1,2025-01-28,18578,(Free) Capsika-25 lotion spong pak 80ml,Capsika,ยาแก้ปวด/กล้ามเนื้อ/ข้อกระดูก (Analgesics & Musculoskeletal),Yes,0,28,0.0
2026-YTD,2026,1,2026-01-28,01944,Zenzera (Albendazole) 200mg 2Tab/Bl BDC,Zenzera,ยาถ่ายพยาธิ (Anthelmintics),Yes,138,267882,2306845.92
2026-YTD,2026,1,2026-01-28,06538,Spascopan (Buscopan) 10mg 50Bl/Box BDC,Spascopan,ยาบรรเทาอาการปวดเกร็งช่องท้อง (Antispasmodics),No,124,79486,1790137.74
2026-YTD,2026,1,2026-01-28,00663,CliMarir (Acidclovir) cream 5g BDC,Clinovir,ยาต้านเชื้อไวรัสเริม/งูสวัด (Antivirals),No,167,98490,1633776.97
2026-YTD,2026,1,2026-01-28,08921,Cephalexyl (Cephalexin) 500mg 10Bl/Box SAP,Cephalexyl,ยาปฏิชีวนะ/ฆ่าเชื้อแบคทีเรีย (Antibiotics),No,44,4541,1335310.07
2026-YTD,2026,1,2026-01-28,07427,Clinimet (Cimetidine) 400mg 50Bl/Box BDC,Klenimed,ยาลดกรดในกระเพาะอาหาร (Antacids & GI),No,88,74204,1254196.8
2026-YTD,2026,1,2026-01-28,01947,Zertine (Cetirizine) 10mg 10Bl/Box FML,Zertine,ยาแก้แพ้/ต้านฮิสตามีน (Antihistamines),No,172,19658,1248963.28
2026-YTD,2026,1,2026-01-28,01758,Sporoxyl (Ketoconasol) 200mg 10Bl/Box BDC,Sporosil,ยาต้านเชื้อรา (Antifungals),No,134,7063,1181165.68
2026-YTD,2026,1,2026-01-28,00644,Ciproxyl (Ciprofloxacin) 500mg 10Bl/Box FML,Ciprocin,ยาปฏิชีวนะ/ฆ่าเชื้อทางเดินปัสสาวะ (Antibiotics),No,47,4569,957042.46
2026-YTD,2026,1,2026-01-28,01094,Glucosa 500mg 10Bl/Box BDC,Glucosa,ยาบำรุงข้อกระดูก (Osteoarthritis),Yes,65,3933,952358.96
2026-YTD,2026,1,2026-01-28,07777,Gi-Bisamol syrup 240ml (Prink) BDC,Gibisamol,กลุ่มยาและเวชภัณฑ์ทั่วไป (General Health & Others),No,32,11035,930815.61
2026-YTD,2026,1,2026-01-28,05942,Clinivate-N cream 15g BDC,Klenivet,ยาผิวหนังฆ่าเชื้อ/ต้านอักเสบ (Dermatology),No,53,24332,843111.74
2026-YTD,2026,1,2026-01-28,01091,Glucosa 1500mg Red 30Sach/Box BDC,Glucosa,ยาบำรุงข้อกระดูก (Osteoarthritis),Yes,43,2885,758710.47
2026-YTD,2026,1,2026-01-28,01759,Sporaxyl (Ketoconasol) cream 5g BDC,Sporosil,ยาต้านเชื้อรา (Antifungals),No,80,42121,698281.2
2026-YTD,2026,1,2026-01-28,00661,Clinivate-N cream 5g BDC,Klenivet,ยาผิวหนังฆ่าเชื้อ/ต้านอักเสบ (Dermatology),No,97,39142,658097.07
2026-YTD,2026,1,2026-01-28,01475,Noraphen 500mg 50Bl/Box BDC,Noraphen,ยาแก้ปวด/ต้านการอักเสบ (NSAIDs & Pain Relief),No,20,58612,628577.26
2026-YTD,2026,1,2026-01-28,01500,Oflocee (Ofloxacin) 200mg 10Bl/Box FML,Oflocee,ยาปฏิชีวนะ/ฆ่าเชื้อ (Antibiotics),No,76,3380,608636.23
2026-YTD,2026,1,2026-01-28,05108,CliMarir (Acyclovir) 400mg 5Bl/Box BDC,Clinovir,ยาต้านเชื้อไวรัสเริม/งูสวัด (Antivirals),No,34,3190,405488.76
2026-YTD,2026,1,2026-01-28,14275,Nacoxib (Etoricoxib) 90mg,Nacoxib,ยาแก้ปวด/ต้านการอักเสบ (NSAIDs & Pain Relief),Yes,6,2877,393422.9
2026-YTD,2026,1,2026-01-28,05020,Sporaxyl (Ketoconasol) cream 15g BDC,Sporosil,ยาต้านเชื้อรา (Antifungals),No,45,11473,315347.12
2026-YTD,2026,1,2026-01-28,18544,Clena TM EX (Anti melasma) 15g,Clenascar,เวชสำอางดูแลแผลเป็น/สิว (Dermatology & Skincare),Yes,12,2408,305885.84
2026-YTD,2026,1,2026-01-28,01103,Gynogesic (Dolfenal) 500mg 10Bl/Box BDC,Gynogesic,ยาแก้ปวดประจำเดือน/กล้ามเนื้อ (Analgesics),No,27,1617,281526.43
2026-YTD,2026,1,2026-01-28,03654,Glucosa 1500mg lemon 30Sach/Box BDC,Glucosa,ยาบำรุงข้อกระดูก (Osteoarthritis),Yes,12,982,254189.62
2026-YTD,2026,1,2026-01-28,18610,Precius (Pregabalin) 75mg 6Bl/Box,Precius,ยารักษาอาการปวดเส้นประสาท (Neuropathic Pain),Yes,4,645,252435.91
2026-YTD,2026,1,2026-01-28,01012,Fexotine (Fexofenadin) 60mg 10Box/Pack FML,Fexotine,กลุ่มยาและเวชภัณฑ์ทั่วไป (General Health & Others),No,35,7095,251868.67
2026-YTD,2026,1,2026-01-28,03358,Gastrosec (Omeprazole) 20mg BDC,Gastrosec,ยาลดกรดในกระเพาะอาหาร (PPIs & Antacids),No,17,6347,251632.22
2026-YTD,2026,1,2026-01-28,00664,CliMarir (Acidclovir) 200mg BDC,Clinovir,ยาต้านเชื้อไวรัสเริม/งูสวัด (Antivirals),No,30,2492,238200.09
2026-YTD,2026,1,2026-01-28,02072,Stugin (Cinnarizine) 25mg 50Bl/Box BDC,Stugin,ยาบรรเทาอาการเวียนศีรษะ/บ้านหมุน (Vertigo & CNS),No,32,51997,221170.84
2026-YTD,2026,1,2026-01-28,00863,Domper-M (Domperidone) 10mg BDC,Domper-M,ยาช่วยย่อย/ต้านคลื่นไส้อาเจียน (Antiemetics),No,20,40079,210738.02
2026-YTD,2026,1,2026-01-28,00658,Clinigel (Vaseline) 50g BDC,Clinigel,กลุ่มยาและเวชภัณฑ์ทั่วไป (General Health & Others),No,33,5011,209484.23
2026-YTD,2026,1,2026-01-28,17224,Gastro bismol 524,Gastro-Bismol,ยาเคลือบกระเพาะ/กรดไหลย้อน (Antacids & GI),Yes,8,563,185241.88
2026-YTD,2026,1,2026-01-28,01244,Lorita (Loratadine) 10mg 10Bl/Box FML,Lolita,ยาแก้แพ้/ต้านฮิสตามีน (Antihistamines),No,29,2557,185007.39
2026-YTD,2026,1,2026-01-28,15617,Zenzera supersion 200mg 10ml/Sach,Zenzera,ยาถ่ายพยาธิ (Anthelmintics),Yes,17,1879,171658.54
2026-YTD,2026,1,2026-01-28,10191,Spascopan (Buscopan) 10mg 500Tab/Bott BDC,Spascopan,ยาบรรเทาอาการปวดเกร็งช่องท้อง (Antispasmodics),No,13,199,168508.96
2026-YTD,2026,1,2026-01-28,18238,CliMarir-800mg 7Bl/Box TH,Clinovir,ยาต้านเชื้อไวรัสเริม/งูสวัด (Antivirals),No,18,703,142888.35
2026-YTD,2026,1,2026-01-28,14106,Anzac fluoxetin HCI 20mg 10Bl/Box,Anxac,ยาปรับสารเคมีในสมอง/คลายกังวล (Psychotropics),No,13,972,125398.56
2026-YTD,2026,1,2026-01-28,17101,Prozeus15 30Sach/Box TH,Prozeus,โปรตีนและโภชนาการเสริม (Nutritional Supplements),Yes,3,157,120054.77
2026-YTD,2026,1,2026-01-28,04220,"Zyno cream 0,1% 15g BDC",Zeno,กลุ่มยาและเวชภัณฑ์ทั่วไป (General Health & Others),No,12,4204,106052.85
2026-YTD,2026,1,2026-01-28,05943,Clinoderm cream 15g BDC,Clinoderm,กลุ่มยาและเวชภัณฑ์ทั่วไป (General Health & Others),No,6,2687,95015.56
2026-YTD,2026,1,2026-01-28,06243,Diabederm cream 20% 35g (Blue) BDC,Diabederm,ยาผิวหนัง/บำรุงผิวแห้งแตก (Dermatology),Yes,5,1491,85316.2
2026-YTD,2026,1,2026-01-28,18422,Hepivir (Hepatitis B) entecavir 0.5mg 3Bl/Box TH,Hepivir,ยาต้านไวรัสตับอักเสบ (Antivirals & Hepatology),Yes,7,154,80005.44
2026-YTD,2026,1,2026-01-28,10399,Feenoze nasal spray 20ml BDC,Feenoze,กลุ่มยาและเวชภัณฑ์ทั่วไป (General Health & Others),No,4,1365,77838.71
2026-YTD,2026,1,2026-01-28,17225,Arotika cool spray 60ml,Arotika,ยาแก้ปวด/กล้ามเนื้อ/ข้อกระดูก (Analgesics & Musculoskeletal),Yes,5,748,77471.97
2026-YTD,2026,1,2026-01-28,07545,Plaivana cream 14% 35g BDC,Plaivana,ยาแก้ปวด/กล้ามเนื้อ/ข้อกระดูก (Analgesics & Musculoskeletal),Yes,4,1067,76960.43
2026-YTD,2026,1,2026-01-28,17100,Prozeus15 10Sach/Box TH,Prozeus,โปรตีนและโภชนาการเสริม (Nutritional Supplements),Yes,6,297,76389.53
2026-YTD,2026,1,2026-01-28,00662,Clinoderm (Clobetaso) cream 5g BDC,Clinoderm,กลุ่มยาและเวชภัณฑ์ทั่วไป (General Health & Others),No,2,3480,70563.29
2026-YTD,2026,1,2026-01-28,03886,"Goutichine (Colchicine) 0,6mg 10Bl/Box FML",Goutichine,กลุ่มยาและเวชภัณฑ์ทั่วไป (General Health & Others),No,0,743,66286.84
2026-YTD,2026,1,2026-01-28,08451,Arotika rub lotion 60ml BDC,Arotika,ยาแก้ปวด/กล้ามเนื้อ/ข้อกระดูก (Analgesics & Musculoskeletal),Yes,2,751,66188.99
2026-YTD,2026,1,2026-01-28,04353,"Capsika-25 (0,025%) gel 35g",Capsika,ยาแก้ปวด/กล้ามเนื้อ/ข้อกระดูก (Analgesics & Musculoskeletal),Yes,8,1393,62572.04
2026-YTD,2026,1,2026-01-28,00996,Fango (Clotrimazole) cream 5g BDC,Fango,ยาผิวหนังต้านเชื้อรา/อักเสบ (Dermatology),Yes,16,3882,62316.88
2026-YTD,2026,1,2026-01-28,08452,Arotika cool gel 35g BDC,Arotika,ยาแก้ปวด/กล้ามเนื้อ/ข้อกระดูก (Analgesics & Musculoskeletal),Yes,7,1437,62112.3
2026-YTD,2026,1,2026-01-28,01735,Skinfect (Gentamicin) cream 5g BDC,Skinfect,ยาปฏิชีวนะทาแผล/ผิวหนัง (Dermatology),No,15,4238,61445.08
2026-YTD,2026,1,2026-01-28,17226,Tristan (Etoricoxib) 90mg,Tristan,ยาแก้ปวด/ต้านการอักเสบ (NSAIDs & Pain Relief),Yes,3,1726,61311.85
2026-YTD,2026,1,2026-01-28,01709,Roxithroxyl (Roxithromycin) 150mg 10Bl/Box BDC,Roxithroxyl,กลุ่มยาและเวชภัณฑ์ทั่วไป (General Health & Others),No,0,3120,60225.48
2026-YTD,2026,1,2026-01-28,05946,Diabederm cream 10% 35g (Green) BDC,Diabederm,ยาผิวหนัง/บำรุงผิวแห้งแตก (Dermatology),Yes,1,1244,57955.42
2026-YTD,2026,1,2026-01-28,18911,Fango-BD (Clotrimazole 1% / Betamethasone 0.1%) cream 5g,Fango,ยาผิวหนังต้านเชื้อรา/อักเสบ (Dermatology),Yes,5,2798,53265.67
2026-YTD,2026,1,2026-01-28,00581,"Capsika 0,0125% gel 35g BDC",Capsika,ยาแก้ปวด/กล้ามเนื้อ/ข้อกระดูก (Analgesics & Musculoskeletal),Yes,4,1416,52272.73
2026-YTD,2026,1,2026-01-28,01958,"Zyno cream 0,02% 15g BDC",Zeno,กลุ่มยาและเวชภัณฑ์ทั่วไป (General Health & Others),No,4,2272,50453.05
2026-YTD,2026,1,2026-01-28,00368,Allerax-Fc 10mg 50Bl/Box BDC,Allerlax,ยาแก้แพ้/ต้านฮิสตามีน (Antihistamines),No,11,10788,50174.94
2026-YTD,2026,1,2026-01-28,03519,"Zyno cream 0,1% 5g BDC",Zeno,กลุ่มยาและเวชภัณฑ์ทั่วไป (General Health & Others),No,8,2556,46788.64
2026-YTD,2026,1,2026-01-28,17847,Finasteride 1mg 3Bl/Box,Finasteride,ยารักษาต่อมลูกหมาก/ผมร่วง (Urology & Men Health),Yes,0,215,42453.0
2026-YTD,2026,1,2026-01-28,08450,Arotika rub 35g BDC,Arotika,ยาแก้ปวด/กล้ามเนื้อ/ข้อกระดูก (Analgesics & Musculoskeletal),Yes,2,742,40356.98
2026-YTD,2026,1,2026-01-28,05252,Fango (Clotrimazole) cream 15g BDC,Fango,ยาผิวหนังต้านเชื้อรา/อักเสบ (Dermatology),Yes,3,1550,37365.03
2026-YTD,2026,1,2026-01-28,18682,Zentozide (Praziquantel) 600mg Bl/Box,Zentocide,ยาถ่ายพยาธิใบไม้ในตับ (Antiparasitics),Yes,4,630,35024.54
2026-YTD,2026,1,2026-01-28,10799,Clenascar gel 15g BDC,Clenascar,เวชสำอางดูแลแผลเป็น/สิว (Dermatology & Skincare),Yes,2,226,28709.19
2026-YTD,2026,1,2026-01-28,00369,Allerax-Fc 10mg 1000Tab/Bott BDC,Allerlax,ยาแก้แพ้/ต้านฮิสตามีน (Antihistamines),No,6,151,27986.13
2026-YTD,2026,1,2026-01-28,07539,Plaivana cream 14% 15g BDC,Plaivana,ยาแก้ปวด/กล้ามเนื้อ/ข้อกระดูก (Analgesics & Musculoskeletal),Yes,0,794,26552.05
2026-YTD,2026,1,2026-01-28,15712,Arotika rub lotion 80ml,Arotika,ยาแก้ปวด/กล้ามเนื้อ/ข้อกระดูก (Analgesics & Musculoskeletal),Yes,2,135,23592.44
2026-YTD,2026,1,2026-01-28,19685,Axamin (Tranexamic Acid) 250mg 50Bl/Box,Axamin,ยาห้ามเลือด/บำรุงสุขภาพ (Hemostatics & Wellness),Yes,6,753,23582.87
2026-YTD,2026,1,2026-01-28,03880,Glucocron (Gliclazide) 80mg BDC,Glucocron,ยารักษาโรคเบาหวาน (Antidiabetics),No,0,187,23431.87
2026-YTD,2026,1,2026-01-28,00999,Fartussin 10Bl/Box 15mg FML,Fartussin,กลุ่มยาและเวชภัณฑ์ทั่วไป (General Health & Others),No,2,228,18847.1
2026-YTD,2026,1,2026-01-28,01957,"Zyno cream 0,02% 5g 12Tub/Pack BDC",Zeno,กลุ่มยาและเวชภัณฑ์ทั่วไป (General Health & Others),No,4,1400,18827.07
2026-YTD,2026,1,2026-01-28,05941,Clinivate cream 15g BDC,Klenivet,ยาผิวหนังฆ่าเชื้อ/ต้านอักเสบ (Dermatology),No,0,708,16752.22
2026-YTD,2026,1,2026-01-28,08449,Arotika rub 15g BDC,Arotika,ยาแก้ปวด/กล้ามเนื้อ/ข้อกระดูก (Analgesics & Musculoskeletal),Yes,4,323,10001.56
2026-YTD,2026,1,2026-01-28,19501,Diabederm lotion 10% 200ml BDC,Diabederm,ยาผิวหนัง/บำรุงผิวแห้งแตก (Dermatology),Yes,1,34,9331.31
2026-YTD,2026,1,2026-01-28,00660,Clinivate cream 5g BDC,Klenivet,ยาผิวหนังฆ่าเชื้อ/ต้านอักเสบ (Dermatology),No,0,516,8382.52
2026-YTD,2026,1,2026-01-28,19502,Clenascar acne spot gel 7g,Clenascar,เวชสำอางดูแลแผลเป็น/สิว (Dermatology & Skincare),Yes,2,69,4632.97
2026-YTD,2026,1,2026-01-28,04553,"Capsika-25 gel 15g 0,025% 12Tub/Doz BDC",Capsika,ยาแก้ปวด/กล้ามเนื้อ/ข้อกระดูก (Analgesics & Musculoskeletal),Yes,0,151,4384.25
2026-YTD,2026,1,2026-01-28,19504,Raqua cleansing gel 80ml,Raqua,ผลิตภัณฑ์ทำความสะอาดผิวหน้า (Skincare),Yes,1,12,1980.09
2026-YTD,2026,1,2026-01-28,19503,Raqua glow facce wash 50ml,Raqua,ผลิตภัณฑ์ทำความสะอาดผิวหน้า (Skincare),Yes,0,24,1936.61
2026-YTD,2026,1,2026-01-28,19442,(Free) Stugin (Cinnarizine) 25mg 50Bl/Box BDC,Stugin,ยาบรรเทาอาการเวียนศีรษะ/บ้านหมุน (Vertigo & CNS),No,0,2,0.0
2026-YTD,2026,1,2026-01-28,19356,(Free) Sporaxyl (Ketoconasol) cream 5g BDC,Sporosil,ยาต้านเชื้อรา (Antifungals),No,0,260,0.0
2026-YTD,2026,1,2026-01-28,18576,(Free) Sporaxyl (Ketoconasol) cream 15g BDC,Sporosil,ยาต้านเชื้อรา (Antifungals),No,0,0,0.0
2026-YTD,2026,1,2026-01-28,18577,(Free) Gastro bismol 524,Gastro-Bismol,ยาเคลือบกระเพาะ/กรดไหลย้อน (Antacids & GI),Yes,0,0,0.0
2026-YTD,2026,1,2026-01-28,19404,(Free) Camping table ໂຕະແຄມປິ້ງ,Camping,กลุ่มยาและเวชภัณฑ์ทั่วไป (General Health & Others),No,0,19,0.0
2026-YTD,2026,1,2026-01-28,02020,Capsika-25 lotion spray 100ml BDC,Capsika,ยาแก้ปวด/กล้ามเนื้อ/ข้อกระดูก (Analgesics & Musculoskeletal),Yes,0,0,0.0
2026-YTD,2026,1,2026-01-28,19121,(Free) Capsika-75 lotion sponge pak 80ml,Capsika,ยาแก้ปวด/กล้ามเนื้อ/ข้อกระดูก (Analgesics & Musculoskeletal),Yes,0,30,0.0
2026-YTD,2026,1,2026-01-28,19123,(Free) Gynogesic (Mefenamic acid) 500mg 10Bl/Box BDC,Gynogesic,ยาแก้ปวดประจำเดือน/กล้ามเนื้อ (Analgesics),No,0,26,0.0
2026-YTD,2026,1,2026-01-28,19325,(Free) Zenzera supersion 200mg 10ml/Sach,Zenzera,ยาถ่ายพยาธิ (Anthelmintics),Yes,0,120,0.0
2026-YTD,2026,1,2026-01-28,19342,(Free) Camping chair ຕັ່ງແຄມປິ້ງ,Camping,กลุ่มยาและเวชภัณฑ์ทั่วไป (General Health & Others),No,0,114,0.0
2026-YTD,2026,1,2026-01-28,18581,(Free) Finasteride 1mg 3Bl/Box,Finasteride,ยารักษาต่อมลูกหมาก/ผมร่วง (Urology & Men Health),Yes,0,0,0.0
2026-YTD,2026,1,2026-01-28,19358,(Free) Clinovir (Acidclovir) cream 5g BDC,Clinovir,ยาต้านเชื้อไวรัสเริม/งูสวัด (Antivirals),No,0,742,0.0
2026-YTD,2026,1,2026-01-28,00503,Anzac fluoxetine 20mg 500Tab/Bott BDC,Anxac,ยาปรับสารเคมีในสมอง/คลายกังวล (Psychotropics),No,0,0,0.0
2026-YTD,2026,1,2026-01-28,19440,(Free) Cephalexyl (Cephalexin) 500mg 10Bl/Box SAP,Cephalexyl,ยาปฏิชีวนะ/ฆ่าเชื้อแบคทีเรีย (Antibiotics),No,0,15,0.0
2026-YTD,2026,1,2026-01-28,18637,(Free) Clenascar gel 7g BDC,Clenascar,เวชสำอางดูแลแผลเป็น/สิว (Dermatology & Skincare),Yes,0,0,0.0
2026-YTD,2026,1,2026-01-28,19095,(Free) Fartussin 10Bl/Box 15mg FML,Fartussin,กลุ่มยาและเวชภัณฑ์ทั่วไป (General Health & Others),No,0,185,0.0
2026-YTD,2026,1,2026-01-28,18638,(Free) Plaivana cream 14% 35g BDC,Plaivana,ยาแก้ปวด/กล้ามเนื้อ/ข้อกระดูก (Analgesics & Musculoskeletal),Yes,0,0,0.0
2026-YTD,2026,1,2026-01-28,19122,(Free) Clinivate-N cream 5g BDC,Klenivet,ยาผิวหนังฆ่าเชื้อ/ต้านอักเสบ (Dermatology),No,0,1379,0.0
2026-YTD,2026,1,2026-01-28,18639,"(Free) Capsika 0,0125% gel 35g BDC",Capsika,ยาแก้ปวด/กล้ามเนื้อ/ข้อกระดูก (Analgesics & Musculoskeletal),Yes,0,0,0.0
2026-YTD,2026,1,2026-01-28,19124,(Free) Gi-Bismol 240ml BDC,Gastro-Bismol,ยาเคลือบกระเพาะ/กรดไหลย้อน (Antacids & GI),Yes,0,12,0.0
2026-YTD,2026,1,2026-01-28,18642,(Free) Precius (Pregabalin) 75mg 6Bl/Box,Precius,ยารักษาอาการปวดเส้นประสาท (Neuropathic Pain),Yes,0,1,0.0
2026-YTD,2026,1,2026-01-28,19326,(Free) Zertin SP 5mg 60ml FML,Zertine,ยาแก้แพ้/ต้านฮิสตามีน (Antihistamines),No,0,55,0.0
2026-YTD,2026,1,2026-01-28,01342,Mucobrox SP 60ml BDC,Mucobrox,กลุ่มยาและเวชภัณฑ์ทั่วไป (General Health & Others),No,0,0,0.0
2026-YTD,2026,1,2026-01-28,19355,(Free) Zenzera (Albendazole) 200mg 2Tab/Bl BDC,Zenzera,ยาถ่ายพยาธิ (Anthelmintics),Yes,0,2345,0.0
2026-YTD,2026,1,2026-01-28,00873,Doxyl cap (Doxycyline) 100mg 50Bl/Box BDC,Doxyl,กลุ่มยาและเวชภัณฑ์ทั่วไป (General Health & Others),No,0,0,0.0
2026-YTD,2026,1,2026-01-28,19357,(Free) Clinivate-N cream 5g BDC,Klenivet,ยาผิวหนังฆ่าเชื้อ/ต้านอักเสบ (Dermatology),No,0,76,0.0
2026-YTD,2026,1,2026-01-28,18919,(Free) Otto ໝໍ້ທອດໄຟຟ້າ DF-377 6L (2500W),Otto,กลุ่มยาและเวชภัณฑ์ทั่วไป (General Health & Others),No,0,0,0.0
2026-YTD,2026,1,2026-01-28,19359,(Free) Ciproxyl (Ciprofloxacin) 500mg 10Bl/Box FML,Ciprocin,ยาปฏิชีวนะ/ฆ่าเชื้อทางเดินปัสสาวะ (Antibiotics),No,0,2,0.0
2026-YTD,2026,1,2026-01-28,18920,(Free) Sunny ກາຕົ້ມນໍ້າໄຟຟ້າ 2L (1500W),Sunny,กลุ่มยาและเวชภัณฑ์ทั่วไป (General Health & Others),No,0,0,0.0
2026-YTD,2026,1,2026-01-28,19406,(Free) Zertine (Cetirizine) 10mg 10Bl/Box FML,Zertine,ยาแก้แพ้/ต้านฮิสตามีน (Antihistamines),No,0,52,0.0
2026-YTD,2026,1,2026-01-28,18921,(Free) Otto ໝໍ້ຊີ້ນຈຸ່ມ+ດາດ GR-175A (1900W),Otto,กลุ่มยาและเวชภัณฑ์ทั่วไป (General Health & Others),No,0,0,0.0
2026-YTD,2026,1,2026-01-28,19441,(Free) Insulated cup ຈອກເກັບຄວາມເຢັນ,Insulated,กลุ่มยาและเวชภัณฑ์ทั่วไป (General Health & Others),No,0,19,0.0
2026-YTD,2026,1,2026-01-28,18922,(Free) Tiger star ໝໍ້ແດງ SP-100,Tiger,กลุ่มยาและเวชภัณฑ์ทั่วไป (General Health & Others),No,0,25,0.0
2026-YTD,2026,1,2026-01-28,18575,(Free) Glucosa 1500mg Red 30Sach/Box BDC,Glucosa,ยาบำรุงข้อกระดูก (Osteoarthritis),Yes,0,14,0.0
2026-YTD,2026,1,2026-01-28,18923,(Free) Safe & Save ກາຕົ້ມນໍ້າໄຟຟ້າ 1.8L TH,Safe,กลุ่มยาและเวชภัณฑ์ทั่วไป (General Health & Others),No,0,11,0.0
2026-YTD,2026,1,2026-01-28,18578,(Free) Capsika-25 lotion spong pak 80ml,Capsika,ยาแก้ปวด/กล้ามเนื้อ/ข้อกระดูก (Analgesics & Musculoskeletal),Yes,0,30,0.0
2026-YTD,2026,1,2026-01-28,01946,Zertin SP 5mg 60ml FML,Zertine,ยาแก้แพ้/ต้านฮิสตามีน (Antihistamines),No,0,0,0.0
2026-YTD,2026,1,2026-01-28,18579,(Free) Hepivir (Hepatitis B) entecavir 0.5mg 3Bl/Box TH,Hepivir,ยาต้านไวรัสตับอักเสบ (Antivirals & Hepatology),Yes,0,0,0.0
2026-FULL,2026,12,2026-12-28,01944,Zenzera (Albendazole) 200mg 2Tab/Bl BDC,Zenzera,ยาถ่ายพยาธิ (Anthelmintics),Yes,138,267882,2306845.92
2026-FULL,2026,12,2026-12-28,06538,Spascopan (Buscopan) 10mg 50Bl/Box BDC,Spascopan,ยาบรรเทาอาการปวดเกร็งช่องท้อง (Antispasmodics),No,124,79486,1790137.74
2026-FULL,2026,12,2026-12-28,00663,CliMarir (Acidclovir) cream 5g BDC,Clinovir,ยาต้านเชื้อไวรัสเริม/งูสวัด (Antivirals),No,167,98490,1633776.97
2026-FULL,2026,12,2026-12-28,08921,Cephalexyl (Cephalexin) 500mg 10Bl/Box SAP,Cephalexyl,ยาปฏิชีวนะ/ฆ่าเชื้อแบคทีเรีย (Antibiotics),No,44,4541,1335310.07
2026-FULL,2026,12,2026-12-28,07427,Clinimet (Cimetidine) 400mg 50Bl/Box BDC,Klenimed,ยาลดกรดในกระเพาะอาหาร (Antacids & GI),No,88,74204,1254196.8
2026-FULL,2026,12,2026-12-28,01947,Zertine (Cetirizine) 10mg 10Bl/Box FML,Zertine,ยาแก้แพ้/ต้านฮิสตามีน (Antihistamines),No,172,19658,1248963.28
2026-FULL,2026,12,2026-12-28,01758,Sporoxyl (Ketoconasol) 200mg 10Bl/Box BDC,Sporosil,ยาต้านเชื้อรา (Antifungals),No,134,7063,1181165.68
2026-FULL,2026,12,2026-12-28,00644,Ciproxyl (Ciprofloxacin) 500mg 10Bl/Box FML,Ciprocin,ยาปฏิชีวนะ/ฆ่าเชื้อทางเดินปัสสาวะ (Antibiotics),No,47,4569,957042.46
2026-FULL,2026,12,2026-12-28,01094,Glucosa 500mg 10Bl/Box BDC,Glucosa,ยาบำรุงข้อกระดูก (Osteoarthritis),Yes,65,3933,952358.96
2026-FULL,2026,12,2026-12-28,07777,Gi-Bisamol syrup 240ml (Prink) BDC,Gibisamol,กลุ่มยาและเวชภัณฑ์ทั่วไป (General Health & Others),No,32,11035,930815.61
2026-FULL,2026,12,2026-12-28,05942,Clinivate-N cream 15g BDC,Klenivet,ยาผิวหนังฆ่าเชื้อ/ต้านอักเสบ (Dermatology),No,53,24332,843111.74
2026-FULL,2026,12,2026-12-28,01091,Glucosa 1500mg Red 30Sach/Box BDC,Glucosa,ยาบำรุงข้อกระดูก (Osteoarthritis),Yes,43,2885,758710.47
2026-FULL,2026,12,2026-12-28,01759,Sporaxyl (Ketoconasol) cream 5g BDC,Sporosil,ยาต้านเชื้อรา (Antifungals),No,80,42121,698281.2
2026-FULL,2026,12,2026-12-28,00661,Clinivate-N cream 5g BDC,Klenivet,ยาผิวหนังฆ่าเชื้อ/ต้านอักเสบ (Dermatology),No,97,39142,658097.07
2026-FULL,2026,12,2026-12-28,01475,Noraphen 500mg 50Bl/Box BDC,Noraphen,ยาแก้ปวด/ต้านการอักเสบ (NSAIDs & Pain Relief),No,20,58612,628577.26
2026-FULL,2026,12,2026-12-28,01500,Oflocee (Ofloxacin) 200mg 10Bl/Box FML,Oflocee,ยาปฏิชีวนะ/ฆ่าเชื้อ (Antibiotics),No,76,3380,608636.23
2026-FULL,2026,12,2026-12-28,05108,CliMarir (Acyclovir) 400mg 5Bl/Box BDC,Clinovir,ยาต้านเชื้อไวรัสเริม/งูสวัด (Antivirals),No,34,3190,405488.76
2026-FULL,2026,12,2026-12-28,14275,Nacoxib (Etoricoxib) 90mg,Nacoxib,ยาแก้ปวด/ต้านการอักเสบ (NSAIDs & Pain Relief),Yes,6,2877,393422.9
2026-FULL,2026,12,2026-12-28,05020,Sporaxyl (Ketoconasol) cream 15g BDC,Sporosil,ยาต้านเชื้อรา (Antifungals),No,45,11473,315347.12
2026-FULL,2026,12,2026-12-28,18544,Clena TM EX (Anti melasma) 15g,Clenascar,เวชสำอางดูแลแผลเป็น/สิว (Dermatology & Skincare),Yes,12,2408,305885.84
2026-FULL,2026,12,2026-12-28,01103,Gynogesic (Dolfenal) 500mg 10Bl/Box BDC,Gynogesic,ยาแก้ปวดประจำเดือน/กล้ามเนื้อ (Analgesics),No,27,1617,281526.43
2026-FULL,2026,12,2026-12-28,03654,Glucosa 1500mg lemon 30Sach/Box BDC,Glucosa,ยาบำรุงข้อกระดูก (Osteoarthritis),Yes,12,982,254189.62
2026-FULL,2026,12,2026-12-28,18610,Precius (Pregabalin) 75mg 6Bl/Box,Precius,ยารักษาอาการปวดเส้นประสาท (Neuropathic Pain),Yes,4,645,252435.91
2026-FULL,2026,12,2026-12-28,01012,Fexotine (Fexofenadin) 60mg 10Box/Pack FML,Fexotine,กลุ่มยาและเวชภัณฑ์ทั่วไป (General Health & Others),No,35,7095,251868.67
2026-FULL,2026,12,2026-12-28,03358,Gastrosec (Omeprazole) 20mg BDC,Gastrosec,ยาลดกรดในกระเพาะอาหาร (PPIs & Antacids),No,17,6347,251632.22
2026-FULL,2026,12,2026-12-28,00664,CliMarir (Acidclovir) 200mg BDC,Clinovir,ยาต้านเชื้อไวรัสเริม/งูสวัด (Antivirals),No,30,2492,238200.09
2026-FULL,2026,12,2026-12-28,02072,Stugin (Cinnarizine) 25mg 50Bl/Box BDC,Stugin,ยาบรรเทาอาการเวียนศีรษะ/บ้านหมุน (Vertigo & CNS),No,32,51997,221170.84
2026-FULL,2026,12,2026-12-28,00863,Domper-M (Domperidone) 10mg BDC,Domper-M,ยาช่วยย่อย/ต้านคลื่นไส้อาเจียน (Antiemetics),No,20,40079,210738.02
2026-FULL,2026,12,2026-12-28,00658,Clinigel (Vaseline) 50g BDC,Clinigel,กลุ่มยาและเวชภัณฑ์ทั่วไป (General Health & Others),No,33,5011,209484.23
2026-FULL,2026,12,2026-12-28,17224,Gastro bismol 524,Gastro-Bismol,ยาเคลือบกระเพาะ/กรดไหลย้อน (Antacids & GI),Yes,8,563,185241.88
2026-FULL,2026,12,2026-12-28,01244,Lorita (Loratadine) 10mg 10Bl/Box FML,Lolita,ยาแก้แพ้/ต้านฮิสตามีน (Antihistamines),No,29,2557,185007.39
2026-FULL,2026,12,2026-12-28,15617,Zenzera supersion 200mg 10ml/Sach,Zenzera,ยาถ่ายพยาธิ (Anthelmintics),Yes,17,1879,171658.54
2026-FULL,2026,12,2026-12-28,10191,Spascopan (Buscopan) 10mg 500Tab/Bott BDC,Spascopan,ยาบรรเทาอาการปวดเกร็งช่องท้อง (Antispasmodics),No,13,199,168508.96
2026-FULL,2026,12,2026-12-28,18238,CliMarir-800mg 7Bl/Box TH,Clinovir,ยาต้านเชื้อไวรัสเริม/งูสวัด (Antivirals),No,18,703,142888.35
2026-FULL,2026,12,2026-12-28,14106,Anzac fluoxetin HCI 20mg 10Bl/Box,Anxac,ยาปรับสารเคมีในสมอง/คลายกังวล (Psychotropics),No,13,972,125398.56
2026-FULL,2026,12,2026-12-28,17101,Prozeus15 30Sach/Box TH,Prozeus,โปรตีนและโภชนาการเสริม (Nutritional Supplements),Yes,3,157,120054.77
2026-FULL,2026,12,2026-12-28,04220,"Zyno cream 0,1% 15g BDC",Zeno,กลุ่มยาและเวชภัณฑ์ทั่วไป (General Health & Others),No,12,4204,106052.85
2026-FULL,2026,12,2026-12-28,05943,Clinoderm cream 15g BDC,Clinoderm,กลุ่มยาและเวชภัณฑ์ทั่วไป (General Health & Others),No,6,2687,95015.56
2026-FULL,2026,12,2026-12-28,06243,Diabederm cream 20% 35g (Blue) BDC,Diabederm,ยาผิวหนัง/บำรุงผิวแห้งแตก (Dermatology),Yes,5,1491,85316.2
2026-FULL,2026,12,2026-12-28,18422,Hepivir (Hepatitis B) entecavir 0.5mg 3Bl/Box TH,Hepivir,ยาต้านไวรัสตับอักเสบ (Antivirals & Hepatology),Yes,7,154,80005.44
2026-FULL,2026,12,2026-12-28,10399,Feenoze nasal spray 20ml BDC,Feenoze,กลุ่มยาและเวชภัณฑ์ทั่วไป (General Health & Others),No,4,1365,77838.71
2026-FULL,2026,12,2026-12-28,17225,Arotika cool spray 60ml,Arotika,ยาแก้ปวด/กล้ามเนื้อ/ข้อกระดูก (Analgesics & Musculoskeletal),Yes,5,748,77471.97
2026-FULL,2026,12,2026-12-28,07545,Plaivana cream 14% 35g BDC,Plaivana,ยาแก้ปวด/กล้ามเนื้อ/ข้อกระดูก (Analgesics & Musculoskeletal),Yes,4,1067,76960.43
2026-FULL,2026,12,2026-12-28,17100,Prozeus15 10Sach/Box TH,Prozeus,โปรตีนและโภชนาการเสริม (Nutritional Supplements),Yes,6,297,76389.53
2026-FULL,2026,12,2026-12-28,00662,Clinoderm (Clobetaso) cream 5g BDC,Clinoderm,กลุ่มยาและเวชภัณฑ์ทั่วไป (General Health & Others),No,2,3480,70563.29
2026-FULL,2026,12,2026-12-28,03886,"Goutichine (Colchicine) 0,6mg 10Bl/Box FML",Goutichine,กลุ่มยาและเวชภัณฑ์ทั่วไป (General Health & Others),No,0,743,66286.84
2026-FULL,2026,12,2026-12-28,08451,Arotika rub lotion 60ml BDC,Arotika,ยาแก้ปวด/กล้ามเนื้อ/ข้อกระดูก (Analgesics & Musculoskeletal),Yes,2,751,66188.99
2026-FULL,2026,12,2026-12-28,04353,"Capsika-25 (0,025%) gel 35g",Capsika,ยาแก้ปวด/กล้ามเนื้อ/ข้อกระดูก (Analgesics & Musculoskeletal),Yes,8,1393,62572.04
2026-FULL,2026,12,2026-12-28,00996,Fango (Clotrimazole) cream 5g BDC,Fango,ยาผิวหนังต้านเชื้อรา/อักเสบ (Dermatology),Yes,16,3882,62316.88
2026-FULL,2026,12,2026-12-28,08452,Arotika cool gel 35g BDC,Arotika,ยาแก้ปวด/กล้ามเนื้อ/ข้อกระดูก (Analgesics & Musculoskeletal),Yes,7,1437,62112.3
2026-FULL,2026,12,2026-12-28,01735,Skinfect (Gentamicin) cream 5g BDC,Skinfect,ยาปฏิชีวนะทาแผล/ผิวหนัง (Dermatology),No,15,4238,61445.08
2026-FULL,2026,12,2026-12-28,17226,Tristan (Etoricoxib) 90mg,Tristan,ยาแก้ปวด/ต้านการอักเสบ (NSAIDs & Pain Relief),Yes,3,1726,61311.85
2026-FULL,2026,12,2026-12-28,01709,Roxithroxyl (Roxithromycin) 150mg 10Bl/Box BDC,Roxithroxyl,กลุ่มยาและเวชภัณฑ์ทั่วไป (General Health & Others),No,0,3120,60225.48
2026-FULL,2026,12,2026-12-28,05946,Diabederm cream 10% 35g (Green) BDC,Diabederm,ยาผิวหนัง/บำรุงผิวแห้งแตก (Dermatology),Yes,1,1244,57955.42
2026-FULL,2026,12,2026-12-28,18911,Fango-BD (Clotrimazole 1% / Betamethasone 0.1%) cream 5g,Fango,ยาผิวหนังต้านเชื้อรา/อักเสบ (Dermatology),Yes,5,2798,53265.67
2026-FULL,2026,12,2026-12-28,00581,"Capsika 0,0125% gel 35g BDC",Capsika,ยาแก้ปวด/กล้ามเนื้อ/ข้อกระดูก (Analgesics & Musculoskeletal),Yes,4,1416,52272.73
2026-FULL,2026,12,2026-12-28,01958,"Zyno cream 0,02% 15g BDC",Zeno,กลุ่มยาและเวชภัณฑ์ทั่วไป (General Health & Others),No,4,2272,50453.05
2026-FULL,2026,12,2026-12-28,00368,Allerax-Fc 10mg 50Bl/Box BDC,Allerlax,ยาแก้แพ้/ต้านฮิสตามีน (Antihistamines),No,11,10788,50174.94
2026-FULL,2026,12,2026-12-28,03519,"Zyno cream 0,1% 5g BDC",Zeno,กลุ่มยาและเวชภัณฑ์ทั่วไป (General Health & Others),No,8,2556,46788.64
2026-FULL,2026,12,2026-12-28,17847,Finasteride 1mg 3Bl/Box,Finasteride,ยารักษาต่อมลูกหมาก/ผมร่วง (Urology & Men Health),Yes,0,215,42453.0
2026-FULL,2026,12,2026-12-28,08450,Arotika rub 35g BDC,Arotika,ยาแก้ปวด/กล้ามเนื้อ/ข้อกระดูก (Analgesics & Musculoskeletal),Yes,2,742,40356.98
2026-FULL,2026,12,2026-12-28,05252,Fango (Clotrimazole) cream 15g BDC,Fango,ยาผิวหนังต้านเชื้อรา/อักเสบ (Dermatology),Yes,3,1550,37365.03
2026-FULL,2026,12,2026-12-28,18682,Zentozide (Praziquantel) 600mg Bl/Box,Zentocide,ยาถ่ายพยาธิใบไม้ในตับ (Antiparasitics),Yes,4,630,35024.54
2026-FULL,2026,12,2026-12-28,10799,Clenascar gel 15g BDC,Clenascar,เวชสำอางดูแลแผลเป็น/สิว (Dermatology & Skincare),Yes,2,226,28709.19
2026-FULL,2026,12,2026-12-28,00369,Allerax-Fc 10mg 1000Tab/Bott BDC,Allerlax,ยาแก้แพ้/ต้านฮิสตามีน (Antihistamines),No,6,151,27986.13
2026-FULL,2026,12,2026-12-28,07539,Plaivana cream 14% 15g BDC,Plaivana,ยาแก้ปวด/กล้ามเนื้อ/ข้อกระดูก (Analgesics & Musculoskeletal),Yes,0,794,26552.05
2026-FULL,2026,12,2026-12-28,15712,Arotika rub lotion 80ml,Arotika,ยาแก้ปวด/กล้ามเนื้อ/ข้อกระดูก (Analgesics & Musculoskeletal),Yes,2,135,23592.44
2026-FULL,2026,12,2026-12-28,19685,Axamin (Tranexamic Acid) 250mg 50Bl/Box,Axamin,ยาห้ามเลือด/บำรุงสุขภาพ (Hemostatics & Wellness),Yes,6,753,23582.87
2026-FULL,2026,12,2026-12-28,03880,Glucocron (Gliclazide) 80mg BDC,Glucocron,ยารักษาโรคเบาหวาน (Antidiabetics),No,0,187,23431.87
2026-FULL,2026,12,2026-12-28,00999,Fartussin 10Bl/Box 15mg FML,Fartussin,กลุ่มยาและเวชภัณฑ์ทั่วไป (General Health & Others),No,2,228,18847.1
2026-FULL,2026,12,2026-12-28,01957,"Zyno cream 0,02% 5g 12Tub/Pack BDC",Zeno,กลุ่มยาและเวชภัณฑ์ทั่วไป (General Health & Others),No,4,1400,18827.07
2026-FULL,2026,12,2026-12-28,05941,Clinivate cream 15g BDC,Klenivet,ยาผิวหนังฆ่าเชื้อ/ต้านอักเสบ (Dermatology),No,0,708,16752.22
2026-FULL,2026,12,2026-12-28,08449,Arotika rub 15g BDC,Arotika,ยาแก้ปวด/กล้ามเนื้อ/ข้อกระดูก (Analgesics & Musculoskeletal),Yes,4,323,10001.56
2026-FULL,2026,12,2026-12-28,19501,Diabederm lotion 10% 200ml BDC,Diabederm,ยาผิวหนัง/บำรุงผิวแห้งแตก (Dermatology),Yes,1,34,9331.31
2026-FULL,2026,12,2026-12-28,00660,Clinivate cream 5g BDC,Klenivet,ยาผิวหนังฆ่าเชื้อ/ต้านอักเสบ (Dermatology),No,0,516,8382.52
2026-FULL,2026,12,2026-12-28,19502,Clenascar acne spot gel 7g,Clenascar,เวชสำอางดูแลแผลเป็น/สิว (Dermatology & Skincare),Yes,2,69,4632.97
2026-FULL,2026,12,2026-12-28,04553,"Capsika-25 gel 15g 0,025% 12Tub/Doz BDC",Capsika,ยาแก้ปวด/กล้ามเนื้อ/ข้อกระดูก (Analgesics & Musculoskeletal),Yes,0,151,4384.25
2026-FULL,2026,12,2026-12-28,19504,Raqua cleansing gel 80ml,Raqua,ผลิตภัณฑ์ทำความสะอาดผิวหน้า (Skincare),Yes,1,12,1980.09
2026-FULL,2026,12,2026-12-28,19503,Raqua glow facce wash 50ml,Raqua,ผลิตภัณฑ์ทำความสะอาดผิวหน้า (Skincare),Yes,0,24,1936.61
2026-FULL,2026,12,2026-12-28,19442,(Free) Stugin (Cinnarizine) 25mg 50Bl/Box BDC,Stugin,ยาบรรเทาอาการเวียนศีรษะ/บ้านหมุน (Vertigo & CNS),No,0,2,0.0
2026-FULL,2026,12,2026-12-28,19356,(Free) Sporaxyl (Ketoconasol) cream 5g BDC,Sporosil,ยาต้านเชื้อรา (Antifungals),No,0,260,0.0
2026-FULL,2026,12,2026-12-28,18576,(Free) Sporaxyl (Ketoconasol) cream 15g BDC,Sporosil,ยาต้านเชื้อรา (Antifungals),No,0,0,0.0
2026-FULL,2026,12,2026-12-28,18577,(Free) Gastro bismol 524,Gastro-Bismol,ยาเคลือบกระเพาะ/กรดไหลย้อน (Antacids & GI),Yes,0,0,0.0
2026-FULL,2026,12,2026-12-28,19404,(Free) Camping table ໂຕະແຄມປິ້ງ,Camping,กลุ่มยาและเวชภัณฑ์ทั่วไป (General Health & Others),No,0,19,0.0
2026-FULL,2026,12,2026-12-28,02020,Capsika-25 lotion spray 100ml BDC,Capsika,ยาแก้ปวด/กล้ามเนื้อ/ข้อกระดูก (Analgesics & Musculoskeletal),Yes,0,0,0.0
2026-FULL,2026,12,2026-12-28,19121,(Free) Capsika-75 lotion sponge pak 80ml,Capsika,ยาแก้ปวด/กล้ามเนื้อ/ข้อกระดูก (Analgesics & Musculoskeletal),Yes,0,30,0.0
2026-FULL,2026,12,2026-12-28,19123,(Free) Gynogesic (Mefenamic acid) 500mg 10Bl/Box BDC,Gynogesic,ยาแก้ปวดประจำเดือน/กล้ามเนื้อ (Analgesics),No,0,26,0.0
2026-FULL,2026,12,2026-12-28,19325,(Free) Zenzera supersion 200mg 10ml/Sach,Zenzera,ยาถ่ายพยาธิ (Anthelmintics),Yes,0,120,0.0
2026-FULL,2026,12,2026-12-28,19342,(Free) Camping chair ຕັ່ງແຄມປິ້ງ,Camping,กลุ่มยาและเวชภัณฑ์ทั่วไป (General Health & Others),No,0,114,0.0
2026-FULL,2026,12,2026-12-28,18581,(Free) Finasteride 1mg 3Bl/Box,Finasteride,ยารักษาต่อมลูกหมาก/ผมร่วง (Urology & Men Health),Yes,0,0,0.0
2026-FULL,2026,12,2026-12-28,19358,(Free) Clinovir (Acidclovir) cream 5g BDC,Clinovir,ยาต้านเชื้อไวรัสเริม/งูสวัด (Antivirals),No,0,742,0.0
2026-FULL,2026,12,2026-12-28,00503,Anzac fluoxetine 20mg 500Tab/Bott BDC,Anxac,ยาปรับสารเคมีในสมอง/คลายกังวล (Psychotropics),No,0,0,0.0
2026-FULL,2026,12,2026-12-28,19440,(Free) Cephalexyl (Cephalexin) 500mg 10Bl/Box SAP,Cephalexyl,ยาปฏิชีวนะ/ฆ่าเชื้อแบคทีเรีย (Antibiotics),No,0,15,0.0
2026-FULL,2026,12,2026-12-28,18637,(Free) Clenascar gel 7g BDC,Clenascar,เวชสำอางดูแลแผลเป็น/สิว (Dermatology & Skincare),Yes,0,0,0.0
2026-FULL,2026,12,2026-12-28,19095,(Free) Fartussin 10Bl/Box 15mg FML,Fartussin,กลุ่มยาและเวชภัณฑ์ทั่วไป (General Health & Others),No,0,185,0.0
2026-FULL,2026,12,2026-12-28,18638,(Free) Plaivana cream 14% 35g BDC,Plaivana,ยาแก้ปวด/กล้ามเนื้อ/ข้อกระดูก (Analgesics & Musculoskeletal),Yes,0,0,0.0
2026-FULL,2026,12,2026-12-28,19122,(Free) Clinivate-N cream 5g BDC,Klenivet,ยาผิวหนังฆ่าเชื้อ/ต้านอักเสบ (Dermatology),No,0,1379,0.0
2026-FULL,2026,12,2026-12-28,18639,"(Free) Capsika 0,0125% gel 35g BDC",Capsika,ยาแก้ปวด/กล้ามเนื้อ/ข้อกระดูก (Analgesics & Musculoskeletal),Yes,0,0,0.0
2026-FULL,2026,12,2026-12-28,19124,(Free) Gi-Bismol 240ml BDC,Gastro-Bismol,ยาเคลือบกระเพาะ/กรดไหลย้อน (Antacids & GI),Yes,0,12,0.0
2026-FULL,2026,12,2026-12-28,18642,(Free) Precius (Pregabalin) 75mg 6Bl/Box,Precius,ยารักษาอาการปวดเส้นประสาท (Neuropathic Pain),Yes,0,1,0.0
2026-FULL,2026,12,2026-12-28,19326,(Free) Zertin SP 5mg 60ml FML,Zertine,ยาแก้แพ้/ต้านฮิสตามีน (Antihistamines),No,0,55,0.0
2026-FULL,2026,12,2026-12-28,01342,Mucobrox SP 60ml BDC,Mucobrox,กลุ่มยาและเวชภัณฑ์ทั่วไป (General Health & Others),No,0,0,0.0
2026-FULL,2026,12,2026-12-28,19355,(Free) Zenzera (Albendazole) 200mg 2Tab/Bl BDC,Zenzera,ยาถ่ายพยาธิ (Anthelmintics),Yes,0,2345,0.0
2026-FULL,2026,12,2026-12-28,00873,Doxyl cap (Doxycyline) 100mg 50Bl/Box BDC,Doxyl,กลุ่มยาและเวชภัณฑ์ทั่วไป (General Health & Others),No,0,0,0.0
2026-FULL,2026,12,2026-12-28,19357,(Free) Clinivate-N cream 5g BDC,Klenivet,ยาผิวหนังฆ่าเชื้อ/ต้านอักเสบ (Dermatology),No,0,76,0.0
2026-FULL,2026,12,2026-12-28,18919,(Free) Otto ໝໍ້ທອດໄຟຟ້າ DF-377 6L (2500W),Otto,กลุ่มยาและเวชภัณฑ์ทั่วไป (General Health & Others),No,0,0,0.0
2026-FULL,2026,12,2026-12-28,19359,(Free) Ciproxyl (Ciprofloxacin) 500mg 10Bl/Box FML,Ciprocin,ยาปฏิชีวนะ/ฆ่าเชื้อทางเดินปัสสาวะ (Antibiotics),No,0,2,0.0
2026-FULL,2026,12,2026-12-28,18920,(Free) Sunny ກາຕົ້ມນໍ້າໄຟຟ້າ 2L (1500W),Sunny,กลุ่มยาและเวชภัณฑ์ทั่วไป (General Health & Others),No,0,0,0.0
2026-FULL,2026,12,2026-12-28,19406,(Free) Zertine (Cetirizine) 10mg 10Bl/Box FML,Zertine,ยาแก้แพ้/ต้านฮิสตามีน (Antihistamines),No,0,52,0.0
2026-FULL,2026,12,2026-12-28,18921,(Free) Otto ໝໍ້ຊີ້ນຈຸ່ມ+ດາດ GR-175A (1900W),Otto,กลุ่มยาและเวชภัณฑ์ทั่วไป (General Health & Others),No,0,0,0.0
2026-FULL,2026,12,2026-12-28,19441,(Free) Insulated cup ຈອກເກັບຄວາມເຢັນ,Insulated,กลุ่มยาและเวชภัณฑ์ทั่วไป (General Health & Others),No,0,19,0.0
2026-FULL,2026,12,2026-12-28,18922,(Free) Tiger star ໝໍ້ແດງ SP-100,Tiger,กลุ่มยาและเวชภัณฑ์ทั่วไป (General Health & Others),No,0,25,0.0
2026-FULL,2026,12,2026-12-28,18575,(Free) Glucosa 1500mg Red 30Sach/Box BDC,Glucosa,ยาบำรุงข้อกระดูก (Osteoarthritis),Yes,0,14,0.0
2026-FULL,2026,12,2026-12-28,18923,(Free) Safe & Save ກາຕົ້ມນໍ້າໄຟຟ້າ 1.8L TH,Safe,กลุ่มยาและเวชภัณฑ์ทั่วไป (General Health & Others),No,0,11,0.0
2026-FULL,2026,12,2026-12-28,18578,(Free) Capsika-25 lotion spong pak 80ml,Capsika,ยาแก้ปวด/กล้ามเนื้อ/ข้อกระดูก (Analgesics & Musculoskeletal),Yes,0,30,0.0
2026-FULL,2026,12,2026-12-28,01946,Zertin SP 5mg 60ml FML,Zertine,ยาแก้แพ้/ต้านฮิสตามีน (Antihistamines),No,0,0,0.0
2026-FULL,2026,12,2026-12-28,18579,(Free) Hepivir (Hepatitis B) entecavir 0.5mg 3Bl/Box TH,Hepivir,ยาต้านไวรัสตับอักเสบ (Antivirals & Hepatology),Yes,0,0,0.0
