Period,Year,Month,Date,Store_ID,Product_Name,Incentive_Rate_THB,Quantity,Incentive_Amount_THB,Status
2025-04,2025,4,2025-04-28,SSA1,Capsika 0.0125%gel 35g BDC,10.0,38,380.0,Official
2025-04,2025,4,2025-04-28,SSA2,Capsika 0.0125%gel 35g BDC,10.0,1,10.0,Official
2025-04,2025,4,2025-04-28,SSA3,Capsika 0.0125%gel 35g BDC,10.0,10,100.0,Official
2025-04,2025,4,2025-04-28,SSA6,Capsika 0.0125%gel 35g BDC,10.0,13,130.0,Official
2025-04,2025,4,2025-04-28,SSA7,Capsika 0.0125%gel 35g BDC,10.0,5,50.0,Official
2025-04,2025,4,2025-04-28,SSA1,Capsika-25 (0.025%) Gel 35g,10.0,50,500.0,Official
2025-04,2025,4,2025-04-28,SSA3,Capsika-25 (0.025%) Gel 35g,10.0,8,80.0,Official
2025-04,2025,4,2025-04-28,SSA5,Capsika-25 (0.025%) Gel 35g,10.0,17,170.0,Official
2025-04,2025,4,2025-04-28,SSA7,Capsika-25 (0.025%) Gel 35g,10.0,15,150.0,Official
2025-04,2025,4,2025-04-28,SSA1,Capsika-25 Lotion Spray 100ml,10.0,14,140.0,Official
2025-04,2025,4,2025-04-28,SSA3,Capsika-25 Lotion Spray 100ml,10.0,2,20.0,Official
2025-04,2025,4,2025-04-28,SSA5,Capsika-25 Lotion Spray 100ml,10.0,9,90.0,Official
2025-04,2025,4,2025-04-28,SSA6,Capsika-25 Lotion Spray 100ml,10.0,2,20.0,Official
2025-04,2025,4,2025-04-28,SSA7,Capsika-25 Lotion Spray 100ml,10.0,1,10.0,Official
2025-04,2025,4,2025-04-28,SSA1,AROTIKA Rub 35g BDC,10.0,12,120.0,Official
2025-04,2025,4,2025-04-28,SSA3,AROTIKA Rub 35g BDC,10.0,10,100.0,Official
2025-04,2025,4,2025-04-28,SSA5,AROTIKA Rub 35g BDC,10.0,2,20.0,Official
2025-04,2025,4,2025-04-28,SSA6,AROTIKA Rub 35g BDC,10.0,50,500.0,Official
2025-04,2025,4,2025-04-28,SSA7,AROTIKA Rub 35g BDC,10.0,34,340.0,Official
2025-04,2025,4,2025-04-28,SSA1,AROTIKA Rub SprayPak 60ml BDC,10.0,12,120.0,Official
2025-04,2025,4,2025-04-28,SSA3,AROTIKA Rub SprayPak 60ml BDC,10.0,6,60.0,Official
2025-04,2025,4,2025-04-28,SSA5,AROTIKA Rub SprayPak 60ml BDC,10.0,8,80.0,Official
2025-04,2025,4,2025-04-28,SSA6,AROTIKA Rub SprayPak 60ml BDC,10.0,3,30.0,Official
2025-04,2025,4,2025-04-28,SSA7,AROTIKA Rub SprayPak 60ml BDC,10.0,12,120.0,Official
2025-04,2025,4,2025-04-28,SSA1,AROTIKA Rub Location 80ml,10.0,8,80.0,Official
2025-04,2025,4,2025-04-28,SSA3,AROTIKA Rub Location 80ml,10.0,2,20.0,Official
2025-04,2025,4,2025-04-28,SSA7,AROTIKA Rub Location 80ml,10.0,6,60.0,Official
2025-04,2025,4,2025-04-28,SSA1,Plaivana cream 14% 35g BDC,10.0,16,160.0,Official
2025-04,2025,4,2025-04-28,SSA2,Plaivana cream 14% 35g BDC,10.0,1,10.0,Official
2025-04,2025,4,2025-04-28,SSA3,Plaivana cream 14% 35g BDC,10.0,6,60.0,Official
2025-04,2025,4,2025-04-28,SSA7,Plaivana cream 14% 35g BDC,10.0,8,80.0,Official
2025-04,2025,4,2025-04-28,SSA1,Arotika cool spay 60ml,15.0,17,255.0,Official
2025-04,2025,4,2025-04-28,SSA3,Arotika cool spay 60ml,15.0,6,90.0,Official
2025-04,2025,4,2025-04-28,SSA5,Arotika cool spay 60ml,15.0,6,90.0,Official
2025-04,2025,4,2025-04-28,SSA6,Arotika cool spay 60ml,15.0,10,150.0,Official
2025-04,2025,4,2025-04-28,SSA7,Arotika cool spay 60ml,15.0,11,165.0,Official
2025-04,2025,4,2025-04-28,SSA1,Clenascar gel 15g BDC,10.0,11,110.0,Official
2025-04,2025,4,2025-04-28,SSA2,Clenascar gel 15g BDC,10.0,5,50.0,Official
2025-04,2025,4,2025-04-28,SSA5,Clenascar gel 15g BDC,10.0,5,50.0,Official
2025-04,2025,4,2025-04-28,SSA6,Clenascar gel 15g BDC,10.0,23,230.0,Official
2025-04,2025,4,2025-04-28,SSA7,Clenascar gel 15g BDC,10.0,4,40.0,Official
2025-04,2025,4,2025-04-28,SSA1,Glucosa 1500mg Red Sach1x30,10.0,23,230.0,Official
2025-04,2025,4,2025-04-28,SSA2,Glucosa 1500mg Red Sach1x30,10.0,1,10.0,Official
2025-04,2025,4,2025-04-28,SSA3,Glucosa 1500mg Red Sach1x30,10.0,58,580.0,Official
2025-04,2025,4,2025-04-28,SSA5,Glucosa 1500mg Red Sach1x30,10.0,22,220.0,Official
2025-04,2025,4,2025-04-28,SSA6,Glucosa 1500mg Red Sach1x30,10.0,11,110.0,Official
2025-04,2025,4,2025-04-28,SSA7,Glucosa 1500mg Red Sach1x30,10.0,15,150.0,Official
2025-04,2025,4,2025-04-28,SSA1,Glucosa-500mg Cap/BI BDC,10.0,7,70.0,Official
2025-04,2025,4,2025-04-28,SSA2,Glucosa-500mg Cap/BI BDC,10.0,2,20.0,Official
2025-04,2025,4,2025-04-28,SSA3,Glucosa-500mg Cap/BI BDC,10.0,42,420.0,Official
2025-04,2025,4,2025-04-28,SSA5,Glucosa-500mg Cap/BI BDC,10.0,24,240.0,Official
2025-04,2025,4,2025-04-28,SSA6,Glucosa-500mg Cap/BI BDC,10.0,18,180.0,Official
2025-04,2025,4,2025-04-28,SSA7,Glucosa-500mg Cap/BI BDC,10.0,13,130.0,Official
2025-04,2025,4,2025-04-28,SSA1,Glucosa 1500mg Lemon Sach BDC 30ຊອງ/ກ,10.0,19,190.0,Official
2025-04,2025,4,2025-04-28,SSA2,Glucosa 1500mg Lemon Sach BDC 30ຊອງ/ກ,10.0,1,10.0,Official
2025-04,2025,4,2025-04-28,SSA3,Glucosa 1500mg Lemon Sach BDC 30ຊອງ/ກ,10.0,19,190.0,Official
2025-04,2025,4,2025-04-28,SSA5,Glucosa 1500mg Lemon Sach BDC 30ຊອງ/ກ,10.0,16,160.0,Official
2025-04,2025,4,2025-04-28,SSA6,Glucosa 1500mg Lemon Sach BDC 30ຊອງ/ກ,10.0,8,80.0,Official
2025-04,2025,4,2025-04-28,SSA7,Glucosa 1500mg Lemon Sach BDC 30ຊອງ/ກ,10.0,5,50.0,Official
2025-04,2025,4,2025-04-28,SSA6,Prozeus 15 10Sach,20.0,8,160.0,Official
2025-04,2025,4,2025-04-28,SSA1,Prozeus 15 (ກະປ໋ອງ),40.0,7,280.0,Official
2025-04,2025,4,2025-04-28,SSA3,Prozeus 15 (ກະປ໋ອງ),40.0,1,40.0,Official
2025-04,2025,4,2025-04-28,SSA1,Tristan (etoricoxib) 90mg,3.0,12,36.0,Official
2025-04,2025,4,2025-04-28,SSA3,Tristan (etoricoxib) 90mg,3.0,13,39.0,Official
2025-04,2025,4,2025-04-28,SSA5,Tristan (etoricoxib) 90mg,3.0,39,117.0,Official
2025-04,2025,4,2025-04-28,SSA6,Tristan (etoricoxib) 90mg,3.0,59,177.0,Official
2025-04,2025,4,2025-04-28,SSA7,Tristan (etoricoxib) 90mg,3.0,20,60.0,Official
2025-04,2025,4,2025-04-28,SSA1,Gastro bismol 524,5.0,14,70.0,Official
2025-04,2025,4,2025-04-28,SSA3,Gastro bismol 524,5.0,36,180.0,Official
2025-04,2025,4,2025-04-28,SSA5,Gastro bismol 524,5.0,2,10.0,Official
2025-04,2025,4,2025-04-28,SSA6,Gastro bismol 524,5.0,11,55.0,Official
2025-04,2025,4,2025-04-28,SSA7,Gastro bismol 524,5.0,41,205.0,Official
2025-04,2025,4,2025-04-28,SSA1,Finasteride 1mg (3BI/Box),20.0,42,840.0,Official
2025-04,2025,4,2025-04-28,SSA3,Finasteride 1mg (3BI/Box),20.0,60,1200.0,Official
2025-04,2025,4,2025-04-28,SSA5,Finasteride 1mg (3BI/Box),20.0,18,360.0,Official
2025-04,2025,4,2025-04-28,SSA6,Finasteride 1mg (3BI/Box),20.0,6,120.0,Official
2025-04,2025,4,2025-04-28,SSA7,Finasteride 1mg (3BI/Box),20.0,33,660.0,Official
2025-04,2025,4,2025-04-28,SSA1,Nacoxib 90 mg,10.0,90,900.0,Official
2025-04,2025,4,2025-04-28,SSA2,Nacoxib 90 mg,10.0,12,120.0,Official
2025-04,2025,4,2025-04-28,SSA3,Nacoxib 90 mg,10.0,53,530.0,Official
2025-04,2025,4,2025-04-28,SSA5,Nacoxib 90 mg,10.0,63,630.0,Official
2025-04,2025,4,2025-04-28,SSA6,Nacoxib 90 mg,10.0,27,270.0,Official
2025-04,2025,4,2025-04-28,SSA7,Nacoxib 90 mg,10.0,22,220.0,Official
2025-04,2025,4,2025-04-28,SSA1,Diabederm Cream 10% 35g,10.0,16,160.0,Official
2025-04,2025,4,2025-04-28,SSA2,Diabederm Cream 10% 35g,10.0,1,10.0,Official
2025-04,2025,4,2025-04-28,SSA3,Diabederm Cream 10% 35g,10.0,18,180.0,Official
2025-04,2025,4,2025-04-28,SSA5,Diabederm Cream 10% 35g,10.0,4,40.0,Official
2025-04,2025,4,2025-04-28,SSA6,Diabederm Cream 10% 35g,10.0,17,170.0,Official
2025-04,2025,4,2025-04-28,SSA7,Diabederm Cream 10% 35g,10.0,14,140.0,Official
2025-04,2025,4,2025-04-28,SSA1,Diabederm Cream 20% 35g,10.0,41,410.0,Official
2025-04,2025,4,2025-04-28,SSA3,Diabederm Cream 20% 35g,10.0,21,210.0,Official
2025-04,2025,4,2025-04-28,SSA5,Diabederm Cream 20% 35g,10.0,13,130.0,Official
2025-04,2025,4,2025-04-28,SSA6,Diabederm Cream 20% 35g,10.0,12,120.0,Official
2025-04,2025,4,2025-04-28,SSA7,Diabederm Cream 20% 35g,10.0,18,180.0,Official
2025-05,2025,5,2025-05-28,SSA1,Capsika 0.0125%gel 35g BDC,5.0,45,225.0,Official
2025-05,2025,5,2025-05-28,SSA2,Capsika 0.0125%gel 35g BDC,5.0,1,5.0,Official
2025-05,2025,5,2025-05-28,SSA3,Capsika 0.0125%gel 35g BDC,5.0,12,60.0,Official
2025-05,2025,5,2025-05-28,SSA5,Capsika 0.0125%gel 35g BDC,5.0,1,5.0,Official
2025-05,2025,5,2025-05-28,SSA6,Capsika 0.0125%gel 35g BDC,5.0,18,90.0,Official
2025-05,2025,5,2025-05-28,SSA7,Capsika 0.0125%gel 35g BDC,5.0,53,265.0,Official
2025-05,2025,5,2025-05-28,SSA1,Capsika-25 (0.025%) Gel 35g,5.0,20,100.0,Official
2025-05,2025,5,2025-05-28,SSA2,Capsika-25 (0.025%) Gel 35g,5.0,5,25.0,Official
2025-05,2025,5,2025-05-28,SSA3,Capsika-25 (0.025%) Gel 35g,5.0,15,75.0,Official
2025-05,2025,5,2025-05-28,SSA5,Capsika-25 (0.025%) Gel 35g,5.0,10,50.0,Official
2025-05,2025,5,2025-05-28,SSA7,Capsika-25 (0.025%) Gel 35g,5.0,41,205.0,Official
2025-05,2025,5,2025-05-28,SSA1,Capsika-25 Lotion Spray 100ml,10.0,4,40.0,Official
2025-05,2025,5,2025-05-28,SSA3,Capsika-25 Lotion Spray 100ml,10.0,3,30.0,Official
2025-05,2025,5,2025-05-28,SSA5,Capsika-25 Lotion Spray 100ml,10.0,4,40.0,Official
2025-05,2025,5,2025-05-28,SSA6,Capsika-25 Lotion Spray 100ml,10.0,4,40.0,Official
2025-05,2025,5,2025-05-28,SSA7,Capsika-25 Lotion Spray 100ml,10.0,1,10.0,Official
2025-05,2025,5,2025-05-28,SSA1,AROTIKA Rub 35g BDC,5.0,33,165.0,Official
2025-05,2025,5,2025-05-28,SSA5,AROTIKA Rub 35g BDC,5.0,17,85.0,Official
2025-05,2025,5,2025-05-28,SSA6,AROTIKA Rub 35g BDC,5.0,31,155.0,Official
2025-05,2025,5,2025-05-28,SSA7,AROTIKA Rub 35g BDC,5.0,30,150.0,Official
2025-05,2025,5,2025-05-28,SSA1,AROTIKA Rub SprayPak 60ml BDC,10.0,12,120.0,Official
2025-05,2025,5,2025-05-28,SSA2,AROTIKA Rub SprayPak 60ml BDC,10.0,1,10.0,Official
2025-05,2025,5,2025-05-28,SSA3,AROTIKA Rub SprayPak 60ml BDC,10.0,6,60.0,Official
2025-05,2025,5,2025-05-28,SSA5,AROTIKA Rub SprayPak 60ml BDC,10.0,5,50.0,Official
2025-05,2025,5,2025-05-28,SSA6,AROTIKA Rub SprayPak 60ml BDC,10.0,12,120.0,Official
2025-05,2025,5,2025-05-28,SSA7,AROTIKA Rub SprayPak 60ml BDC,10.0,4,40.0,Official
2025-05,2025,5,2025-05-28,SSA1,AROTIKA Rub Location 80ml,10.0,4,40.0,Official
2025-05,2025,5,2025-05-28,SSA5,AROTIKA Rub Location 80ml,10.0,1,10.0,Official
2025-05,2025,5,2025-05-28,SSA6,AROTIKA Rub Location 80ml,10.0,2,20.0,Official
2025-05,2025,5,2025-05-28,SSA1,Plaivana cream 14% 35g BDC,5.0,13,65.0,Official
2025-05,2025,5,2025-05-28,SSA3,Plaivana cream 14% 35g BDC,5.0,2,10.0,Official
2025-05,2025,5,2025-05-28,SSA5,Plaivana cream 14% 35g BDC,5.0,4,20.0,Official
2025-05,2025,5,2025-05-28,SSA6,Plaivana cream 14% 35g BDC,5.0,2,10.0,Official
2025-05,2025,5,2025-05-28,SSA7,Plaivana cream 14% 35g BDC,5.0,16,80.0,Official
2025-05,2025,5,2025-05-28,SSA1,Arotika cool spay 60ml,10.0,32,320.0,Official
2025-05,2025,5,2025-05-28,SSA2,Arotika cool spay 60ml,10.0,1,10.0,Official
2025-05,2025,5,2025-05-28,SSA3,Arotika cool spay 60ml,10.0,12,120.0,Official
2025-05,2025,5,2025-05-28,SSA5,Arotika cool spay 60ml,10.0,14,140.0,Official
2025-05,2025,5,2025-05-28,SSA6,Arotika cool spay 60ml,10.0,7,70.0,Official
2025-05,2025,5,2025-05-28,SSA7,Arotika cool spay 60ml,10.0,7,70.0,Official
2025-05,2025,5,2025-05-28,SSA1,Clenascar gel 15g BDC,10.0,3,30.0,Official
2025-05,2025,5,2025-05-28,SSA5,Clenascar gel 15g BDC,10.0,9,90.0,Official
2025-05,2025,5,2025-05-28,SSA6,Clenascar gel 15g BDC,10.0,17,170.0,Official
2025-05,2025,5,2025-05-28,SSA7,Clenascar gel 15g BDC,10.0,7,70.0,Official
2025-05,2025,5,2025-05-28,SSA1,Glucosa 1500mg Red Sach1x30,10.0,33,330.0,Official
2025-05,2025,5,2025-05-28,SSA2,Glucosa 1500mg Red Sach1x30,10.0,2,20.0,Official
2025-05,2025,5,2025-05-28,SSA3,Glucosa 1500mg Red Sach1x30,10.0,44,440.0,Official
2025-05,2025,5,2025-05-28,SSA5,Glucosa 1500mg Red Sach1x30,10.0,34,340.0,Official
2025-05,2025,5,2025-05-28,SSA6,Glucosa 1500mg Red Sach1x30,10.0,15,150.0,Official
2025-05,2025,5,2025-05-28,SSA7,Glucosa 1500mg Red Sach1x30,10.0,16,160.0,Official
2025-05,2025,5,2025-05-28,SSA1,Glucosa-500mg Cap/BI BDC,10.0,39,390.0,Official
2025-05,2025,5,2025-05-28,SSA3,Glucosa-500mg Cap/BI BDC,10.0,43,430.0,Official
2025-05,2025,5,2025-05-28,SSA5,Glucosa-500mg Cap/BI BDC,10.0,25,250.0,Official
2025-05,2025,5,2025-05-28,SSA6,Glucosa-500mg Cap/BI BDC,10.0,17,170.0,Official
2025-05,2025,5,2025-05-28,SSA7,Glucosa-500mg Cap/BI BDC,10.0,21,210.0,Official
2025-05,2025,5,2025-05-28,SSA1,Glucosa 1500mg Lemon Sach BDC 30ຊອງ/ກ,10.0,27,270.0,Official
2025-05,2025,5,2025-05-28,SSA2,Glucosa 1500mg Lemon Sach BDC 30ຊອງ/ກ,10.0,4,40.0,Official
2025-05,2025,5,2025-05-28,SSA3,Glucosa 1500mg Lemon Sach BDC 30ຊອງ/ກ,10.0,18,180.0,Official
2025-05,2025,5,2025-05-28,SSA5,Glucosa 1500mg Lemon Sach BDC 30ຊອງ/ກ,10.0,8,80.0,Official
2025-05,2025,5,2025-05-28,SSA6,Glucosa 1500mg Lemon Sach BDC 30ຊອງ/ກ,10.0,7,70.0,Official
2025-05,2025,5,2025-05-28,SSA7,Glucosa 1500mg Lemon Sach BDC 30ຊອງ/ກ,10.0,7,70.0,Official
2025-05,2025,5,2025-05-28,SSA1,Prozeus 15 10Sach,20.0,4,80.0,Official
2025-05,2025,5,2025-05-28,SSA1,Prozeus 15 (ກະປ໋ອງ),40.0,4,160.0,Official
2025-05,2025,5,2025-05-28,SSA1,Tristan (etoricoxib) 90mg,3.0,7,21.0,Official
2025-05,2025,5,2025-05-28,SSA3,Tristan (etoricoxib) 90mg,3.0,17,51.0,Official
2025-05,2025,5,2025-05-28,SSA5,Tristan (etoricoxib) 90mg,3.0,38,114.0,Official
2025-05,2025,5,2025-05-28,SSA6,Tristan (etoricoxib) 90mg,3.0,70,210.0,Official
2025-05,2025,5,2025-05-28,SSA7,Tristan (etoricoxib) 90mg,3.0,36,108.0,Official
2025-05,2025,5,2025-05-28,SSA1,Gastro bismol 524,5.0,34,170.0,Official
2025-05,2025,5,2025-05-28,SSA3,Gastro bismol 524,5.0,44,220.0,Official
2025-05,2025,5,2025-05-28,SSA5,Gastro bismol 524,5.0,25,125.0,Official
2025-05,2025,5,2025-05-28,SSA6,Gastro bismol 524,5.0,23,115.0,Official
2025-05,2025,5,2025-05-28,SSA7,Gastro bismol 524,5.0,83,415.0,Official
2025-05,2025,5,2025-05-28,SSA1,Finasteride 1mg (3BI/Box),20.0,14,280.0,Official
2025-05,2025,5,2025-05-28,SSA3,Finasteride 1mg (3BI/Box),20.0,17,340.0,Official
2025-05,2025,5,2025-05-28,SSA5,Finasteride 1mg (3BI/Box),20.0,12,240.0,Official
2025-05,2025,5,2025-05-28,SSA6,Finasteride 1mg (3BI/Box),20.0,4,80.0,Official
2025-05,2025,5,2025-05-28,SSA7,Finasteride 1mg (3BI/Box),20.0,14,280.0,Official
2025-05,2025,5,2025-05-28,SSA1,Nacoxib 90 mg,10.0,59,590.0,Official
2025-05,2025,5,2025-05-28,SSA2,Nacoxib 90 mg,10.0,10,100.0,Official
2025-05,2025,5,2025-05-28,SSA3,Nacoxib 90 mg,10.0,48,480.0,Official
2025-05,2025,5,2025-05-28,SSA5,Nacoxib 90 mg,10.0,66,660.0,Official
2025-05,2025,5,2025-05-28,SSA6,Nacoxib 90 mg,10.0,27,270.0,Official
2025-05,2025,5,2025-05-28,SSA7,Nacoxib 90 mg,10.0,55,550.0,Official
2025-05,2025,5,2025-05-28,SSA1,Diabederm Cream 10% 35g,5.0,2,10.0,Official
2025-05,2025,5,2025-05-28,SSA2,Diabederm Cream 10% 35g,5.0,3,15.0,Official
2025-05,2025,5,2025-05-28,SSA3,Diabederm Cream 10% 35g,5.0,17,85.0,Official
2025-05,2025,5,2025-05-28,SSA5,Diabederm Cream 10% 35g,5.0,14,70.0,Official
2025-05,2025,5,2025-05-28,SSA7,Diabederm Cream 10% 35g,5.0,27,135.0,Official
2025-05,2025,5,2025-05-28,SSA1,Diabederm Cream 20% 35g,5.0,62,310.0,Official
2025-05,2025,5,2025-05-28,SSA2,Diabederm Cream 20% 35g,5.0,3,15.0,Official
2025-05,2025,5,2025-05-28,SSA3,Diabederm Cream 20% 35g,5.0,5,25.0,Official
2025-05,2025,5,2025-05-28,SSA5,Diabederm Cream 20% 35g,5.0,10,50.0,Official
2025-05,2025,5,2025-05-28,SSA7,Diabederm Cream 20% 35g,5.0,43,215.0,Official
2025-05,2025,5,2025-05-28,SSA1,Zentozide 1x4's,3.0,2,6.0,Official
2025-05,2025,5,2025-05-28,SSA5,Precius 6x10's,25.0,14,350.0,Official
2025-06,2025,6,2025-06-28,SSA1,Capsika 0.0125%gel 35g BDC,5.0,42,210.0,Official
2025-06,2025,6,2025-06-28,SSA2,Capsika 0.0125%gel 35g BDC,5.0,2,10.0,Official
2025-06,2025,6,2025-06-28,SSA3,Capsika 0.0125%gel 35g BDC,5.0,4,20.0,Official
2025-06,2025,6,2025-06-28,SSA5,Capsika 0.0125%gel 35g BDC,5.0,3,15.0,Official
2025-06,2025,6,2025-06-28,SSA6,Capsika 0.0125%gel 35g BDC,5.0,7,35.0,Official
2025-06,2025,6,2025-06-28,SSA7,Capsika 0.0125%gel 35g BDC,5.0,24,120.0,Official
2025-06,2025,6,2025-06-28,SSA1,Capsika-25 (0.025%) Gel 35g,5.0,21,105.0,Official
2025-06,2025,6,2025-06-28,SSA2,Capsika-25 (0.025%) Gel 35g,5.0,7,35.0,Official
2025-06,2025,6,2025-06-28,SSA3,Capsika-25 (0.025%) Gel 35g,5.0,19,95.0,Official
2025-06,2025,6,2025-06-28,SSA5,Capsika-25 (0.025%) Gel 35g,5.0,13,65.0,Official
2025-06,2025,6,2025-06-28,SSA7,Capsika-25 (0.025%) Gel 35g,5.0,24,120.0,Official
2025-06,2025,6,2025-06-28,SSA1,Capsika-25 Lotion Spray 100ml,10.0,7,70.0,Official
2025-06,2025,6,2025-06-28,SSA2,Capsika-25 Lotion Spray 100ml,10.0,1,10.0,Official
2025-06,2025,6,2025-06-28,SSA3,Capsika-25 Lotion Spray 100ml,10.0,5,50.0,Official
2025-06,2025,6,2025-06-28,SSA5,Capsika-25 Lotion Spray 100ml,10.0,8,80.0,Official
2025-06,2025,6,2025-06-28,SSA6,Capsika-25 Lotion Spray 100ml,10.0,3,30.0,Official
2025-06,2025,6,2025-06-28,SSA7,Capsika-25 Lotion Spray 100ml,10.0,4,40.0,Official
2025-06,2025,6,2025-06-28,SSA1,AROTIKA Rub 35g BDC,5.0,20,100.0,Official
2025-06,2025,6,2025-06-28,SSA2,AROTIKA Rub 35g BDC,5.0,1,5.0,Official
2025-06,2025,6,2025-06-28,SSA3,AROTIKA Rub 35g BDC,5.0,3,15.0,Official
2025-06,2025,6,2025-06-28,SSA5,AROTIKA Rub 35g BDC,5.0,8,40.0,Official
2025-06,2025,6,2025-06-28,SSA6,AROTIKA Rub 35g BDC,5.0,7,35.0,Official
2025-06,2025,6,2025-06-28,SSA7,AROTIKA Rub 35g BDC,5.0,20,100.0,Official
2025-06,2025,6,2025-06-28,SSA1,AROTIKA Rub SprayPak 60ml BDC,10.0,13,130.0,Official
2025-06,2025,6,2025-06-28,SSA2,AROTIKA Rub SprayPak 60ml BDC,10.0,3,30.0,Official
2025-06,2025,6,2025-06-28,SSA3,AROTIKA Rub SprayPak 60ml BDC,10.0,6,60.0,Official
2025-06,2025,6,2025-06-28,SSA5,AROTIKA Rub SprayPak 60ml BDC,10.0,17,170.0,Official
2025-06,2025,6,2025-06-28,SSA6,AROTIKA Rub SprayPak 60ml BDC,10.0,10,100.0,Official
2025-06,2025,6,2025-06-28,SSA7,AROTIKA Rub SprayPak 60ml BDC,10.0,9,90.0,Official
2025-06,2025,6,2025-06-28,SSA1,AROTIKA Rub Location 80ml,10.0,5,50.0,Official
2025-06,2025,6,2025-06-28,SSA5,AROTIKA Rub Location 80ml,10.0,3,30.0,Official
2025-06,2025,6,2025-06-28,SSA7,AROTIKA Rub Location 80ml,10.0,3,30.0,Official
2025-06,2025,6,2025-06-28,SSA1,Plaivana cream 14% 35g BDC,5.0,21,105.0,Official
2025-06,2025,6,2025-06-28,SSA3,Plaivana cream 14% 35g BDC,5.0,40,200.0,Official
2025-06,2025,6,2025-06-28,SSA5,Plaivana cream 14% 35g BDC,5.0,8,40.0,Official
2025-06,2025,6,2025-06-28,SSA6,Plaivana cream 14% 35g BDC,5.0,6,30.0,Official
2025-06,2025,6,2025-06-28,SSA7,Plaivana cream 14% 35g BDC,5.0,13,65.0,Official
2025-06,2025,6,2025-06-28,SSA1,Arotika cool spay 60ml,10.0,3,30.0,Official
2025-06,2025,6,2025-06-28,SSA3,Arotika cool spay 60ml,10.0,1,10.0,Official
2025-06,2025,6,2025-06-28,SSA5,Arotika cool spay 60ml,10.0,6,60.0,Official
2025-06,2025,6,2025-06-28,SSA7,Arotika cool spay 60ml,10.0,5,50.0,Official
2025-06,2025,6,2025-06-28,SSA1,Clenascar gel 15g BDC,10.0,4,40.0,Official
2025-06,2025,6,2025-06-28,SSA5,Clenascar gel 15g BDC,10.0,4,40.0,Official
2025-06,2025,6,2025-06-28,SSA6,Clenascar gel 15g BDC,10.0,12,120.0,Official
2025-06,2025,6,2025-06-28,SSA1,Glucosa 1500mg Red Sach1x30,10.0,35,350.0,Official
2025-06,2025,6,2025-06-28,SSA2,Glucosa 1500mg Red Sach1x30,10.0,6,60.0,Official
2025-06,2025,6,2025-06-28,SSA3,Glucosa 1500mg Red Sach1x30,10.0,52,520.0,Official
2025-06,2025,6,2025-06-28,SSA5,Glucosa 1500mg Red Sach1x30,10.0,23,230.0,Official
2025-06,2025,6,2025-06-28,SSA6,Glucosa 1500mg Red Sach1x30,10.0,15,150.0,Official
2025-06,2025,6,2025-06-28,SSA7,Glucosa 1500mg Red Sach1x30,10.0,27,270.0,Official
2025-06,2025,6,2025-06-28,SSA1,Glucosa-500mg Cap/BI BDC,10.0,44,440.0,Official
2025-06,2025,6,2025-06-28,SSA2,Glucosa-500mg Cap/BI BDC,10.0,1,10.0,Official
2025-06,2025,6,2025-06-28,SSA3,Glucosa-500mg Cap/BI BDC,10.0,52,520.0,Official
2025-06,2025,6,2025-06-28,SSA5,Glucosa-500mg Cap/BI BDC,10.0,29,290.0,Official
2025-06,2025,6,2025-06-28,SSA6,Glucosa-500mg Cap/BI BDC,10.0,12,120.0,Official
2025-06,2025,6,2025-06-28,SSA7,Glucosa-500mg Cap/BI BDC,10.0,12,120.0,Official
2025-06,2025,6,2025-06-28,SSA1,Glucosa 1500mg Lemon Sach BDC 30ຊອງ/ກ,10.0,15,150.0,Official
2025-06,2025,6,2025-06-28,SSA2,Glucosa 1500mg Lemon Sach BDC 30ຊອງ/ກ,10.0,3,30.0,Official
2025-06,2025,6,2025-06-28,SSA3,Glucosa 1500mg Lemon Sach BDC 30ຊອງ/ກ,10.0,20,200.0,Official
2025-06,2025,6,2025-06-28,SSA5,Glucosa 1500mg Lemon Sach BDC 30ຊອງ/ກ,10.0,15,150.0,Official
2025-06,2025,6,2025-06-28,SSA6,Glucosa 1500mg Lemon Sach BDC 30ຊອງ/ກ,10.0,5,50.0,Official
2025-06,2025,6,2025-06-28,SSA7,Glucosa 1500mg Lemon Sach BDC 30ຊອງ/ກ,10.0,8,80.0,Official
2025-06,2025,6,2025-06-28,SSA7,Prozeus 15 10Sach,20.0,6,120.0,Official
2025-06,2025,6,2025-06-28,SSA1,Prozeus 15 (ກະປ໋ອງ),40.0,1,40.0,Official
2025-06,2025,6,2025-06-28,SSA3,Prozeus 15 (ກະປ໋ອງ),40.0,1,40.0,Official
2025-06,2025,6,2025-06-28,SSA5,Prozeus 15 (ກະປ໋ອງ),40.0,1,40.0,Official
2025-06,2025,6,2025-06-28,SSA1,Tristan (etoricoxib) 90mg,3.0,18,54.0,Official
2025-06,2025,6,2025-06-28,SSA3,Tristan (etoricoxib) 90mg,3.0,15,45.0,Official
2025-06,2025,6,2025-06-28,SSA5,Tristan (etoricoxib) 90mg,3.0,29,87.0,Official
2025-06,2025,6,2025-06-28,SSA6,Tristan (etoricoxib) 90mg,3.0,50,150.0,Official
2025-06,2025,6,2025-06-28,SSA7,Tristan (etoricoxib) 90mg,3.0,25,75.0,Official
2025-06,2025,6,2025-06-28,SSA1,Gastro bismol 524,5.0,5,25.0,Official
2025-06,2025,6,2025-06-28,SSA2,Gastro bismol 524,5.0,5,25.0,Official
2025-06,2025,6,2025-06-28,SSA3,Gastro bismol 524,5.0,1,5.0,Official
2025-06,2025,6,2025-06-28,SSA5,Gastro bismol 524,5.0,38,190.0,Official
2025-06,2025,6,2025-06-28,SSA6,Gastro bismol 524,5.0,8,40.0,Official
2025-06,2025,6,2025-06-28,SSA7,Gastro bismol 524,5.0,27,135.0,Official
2025-06,2025,6,2025-06-28,SSA1,Finasteride 1mg (3BI/Box),20.0,10,200.0,Official
2025-06,2025,6,2025-06-28,SSA3,Finasteride 1mg (3BI/Box),20.0,21,420.0,Official
2025-06,2025,6,2025-06-28,SSA5,Finasteride 1mg (3BI/Box),20.0,12,240.0,Official
2025-06,2025,6,2025-06-28,SSA6,Finasteride 1mg (3BI/Box),20.0,1,20.0,Official
2025-06,2025,6,2025-06-28,SSA7,Finasteride 1mg (3BI/Box),20.0,13,260.0,Official
2025-06,2025,6,2025-06-28,SSA1,Nacoxib 90 mg,10.0,84,840.0,Official
2025-06,2025,6,2025-06-28,SSA2,Nacoxib 90 mg,10.0,2,20.0,Official
2025-06,2025,6,2025-06-28,SSA3,Nacoxib 90 mg,10.0,50,500.0,Official
2025-06,2025,6,2025-06-28,SSA5,Nacoxib 90 mg,10.0,71,710.0,Official
2025-06,2025,6,2025-06-28,SSA6,Nacoxib 90 mg,10.0,28,280.0,Official
2025-06,2025,6,2025-06-28,SSA7,Nacoxib 90 mg,10.0,45,450.0,Official
2025-06,2025,6,2025-06-28,SSA1,Diabederm Cream 10% 35g,5.0,22,110.0,Official
2025-06,2025,6,2025-06-28,SSA2,Diabederm Cream 10% 35g,5.0,1,5.0,Official
2025-06,2025,6,2025-06-28,SSA3,Diabederm Cream 10% 35g,5.0,11,55.0,Official
2025-06,2025,6,2025-06-28,SSA5,Diabederm Cream 10% 35g,5.0,8,40.0,Official
2025-06,2025,6,2025-06-28,SSA6,Diabederm Cream 10% 35g,5.0,4,20.0,Official
2025-06,2025,6,2025-06-28,SSA7,Diabederm Cream 10% 35g,5.0,14,70.0,Official
2025-06,2025,6,2025-06-28,SSA1,Diabederm Cream 20% 35g,5.0,25,125.0,Official
2025-06,2025,6,2025-06-28,SSA2,Diabederm Cream 20% 35g,5.0,5,25.0,Official
2025-06,2025,6,2025-06-28,SSA3,Diabederm Cream 20% 35g,5.0,16,80.0,Official
2025-06,2025,6,2025-06-28,SSA5,Diabederm Cream 20% 35g,5.0,6,30.0,Official
2025-06,2025,6,2025-06-28,SSA6,Diabederm Cream 20% 35g,5.0,1,5.0,Official
2025-06,2025,6,2025-06-28,SSA7,Diabederm Cream 20% 35g,5.0,29,145.0,Official
2025-06,2025,6,2025-06-28,SSA3,Precius 6x10's,25.0,3,75.0,Official
2025-06,2025,6,2025-06-28,SSA5,Precius 6x10's,25.0,18,450.0,Official
2025-07,2025,7,2025-07-28,SSA1,Capsika 0.0125%gel 35g BDC,5.0,5,25.0,Official
2025-07,2025,7,2025-07-28,SSA2,Capsika 0.0125%gel 35g BDC,5.0,7,35.0,Official
2025-07,2025,7,2025-07-28,SSA3,Capsika 0.0125%gel 35g BDC,5.0,25,125.0,Official
2025-07,2025,7,2025-07-28,SSA5,Capsika 0.0125%gel 35g BDC,5.0,16,80.0,Official
2025-07,2025,7,2025-07-28,SSA6,Capsika 0.0125%gel 35g BDC,5.0,16,80.0,Official
2025-07,2025,7,2025-07-28,SSA7,Capsika 0.0125%gel 35g BDC,5.0,60,300.0,Official
2025-07,2025,7,2025-07-28,SSA1,Capsika-25 (0.025%) Gel 35g,5.0,10,50.0,Official
2025-07,2025,7,2025-07-28,SSA2,Capsika-25 (0.025%) Gel 35g,5.0,2,10.0,Official
2025-07,2025,7,2025-07-28,SSA3,Capsika-25 (0.025%) Gel 35g,5.0,6,30.0,Official
2025-07,2025,7,2025-07-28,SSA5,Capsika-25 (0.025%) Gel 35g,5.0,10,50.0,Official
2025-07,2025,7,2025-07-28,SSA7,Capsika-25 (0.025%) Gel 35g,5.0,25,125.0,Official
2025-07,2025,7,2025-07-28,SSA1,Capsika-25 Lotion Spray 100ml,10.0,9,90.0,Official
2025-07,2025,7,2025-07-28,SSA2,Capsika-25 Lotion Spray 100ml,10.0,1,10.0,Official
2025-07,2025,7,2025-07-28,SSA3,Capsika-25 Lotion Spray 100ml,10.0,3,30.0,Official
2025-07,2025,7,2025-07-28,SSA5,Capsika-25 Lotion Spray 100ml,10.0,10,100.0,Official
2025-07,2025,7,2025-07-28,SSA7,Capsika-25 Lotion Spray 100ml,10.0,1,10.0,Official
2025-07,2025,7,2025-07-28,SSA1,AROTIKA Rub 35g BDC,5.0,9,45.0,Official
2025-07,2025,7,2025-07-28,SSA2,AROTIKA Rub 35g BDC,5.0,4,20.0,Official
2025-07,2025,7,2025-07-28,SSA3,AROTIKA Rub 35g BDC,5.0,7,35.0,Official
2025-07,2025,7,2025-07-28,SSA5,AROTIKA Rub 35g BDC,5.0,9,45.0,Official
2025-07,2025,7,2025-07-28,SSA6,AROTIKA Rub 35g BDC,5.0,9,45.0,Official
2025-07,2025,7,2025-07-28,SSA7,AROTIKA Rub 35g BDC,5.0,39,195.0,Official
2025-07,2025,7,2025-07-28,SSA1,AROTIKA Rub SprayPak 60ml BDC,10.0,18,180.0,Official
2025-07,2025,7,2025-07-28,SSA2,AROTIKA Rub SprayPak 60ml BDC,10.0,2,20.0,Official
2025-07,2025,7,2025-07-28,SSA3,AROTIKA Rub SprayPak 60ml BDC,10.0,9,90.0,Official
2025-07,2025,7,2025-07-28,SSA5,AROTIKA Rub SprayPak 60ml BDC,10.0,11,110.0,Official
2025-07,2025,7,2025-07-28,SSA6,AROTIKA Rub SprayPak 60ml BDC,10.0,10,100.0,Official
2025-07,2025,7,2025-07-28,SSA7,AROTIKA Rub SprayPak 60ml BDC,10.0,12,120.0,Official
2025-07,2025,7,2025-07-28,SSA3,AROTIKA Rub Location 80ml,10.0,2,20.0,Official
2025-07,2025,7,2025-07-28,SSA5,AROTIKA Rub Location 80ml,10.0,5,50.0,Official
2025-07,2025,7,2025-07-28,SSA1,Plaivana cream 14% 35g BDC,5.0,21,105.0,Official
2025-07,2025,7,2025-07-28,SSA3,Plaivana cream 14% 35g BDC,5.0,16,80.0,Official
2025-07,2025,7,2025-07-28,SSA5,Plaivana cream 14% 35g BDC,5.0,13,65.0,Official
2025-07,2025,7,2025-07-28,SSA6,Plaivana cream 14% 35g BDC,5.0,8,40.0,Official
2025-07,2025,7,2025-07-28,SSA7,Plaivana cream 14% 35g BDC,5.0,12,60.0,Official
2025-07,2025,7,2025-07-28,SSA1,Arotika cool spay 60ml,10.0,17,170.0,Official
2025-07,2025,7,2025-07-28,SSA2,Arotika cool spay 60ml,10.0,2,20.0,Official
2025-07,2025,7,2025-07-28,SSA3,Arotika cool spay 60ml,10.0,7,70.0,Official
2025-07,2025,7,2025-07-28,SSA5,Arotika cool spay 60ml,10.0,29,290.0,Official
2025-07,2025,7,2025-07-28,SSA7,Arotika cool spay 60ml,10.0,2,20.0,Official
2025-07,2025,7,2025-07-28,SSA1,Clenascar gel 15g BDC,10.0,3,30.0,Official
2025-07,2025,7,2025-07-28,SSA5,Clenascar gel 15g BDC,10.0,9,90.0,Official
2025-07,2025,7,2025-07-28,SSA6,Clenascar gel 15g BDC,10.0,11,110.0,Official
2025-07,2025,7,2025-07-28,SSA1,Glucosa 1500mg Red Sach1x30,10.0,22,220.0,Official
2025-07,2025,7,2025-07-28,SSA2,Glucosa 1500mg Red Sach1x30,10.0,3,30.0,Official
2025-07,2025,7,2025-07-28,SSA3,Glucosa 1500mg Red Sach1x30,10.0,28,280.0,Official
2025-07,2025,7,2025-07-28,SSA5,Glucosa 1500mg Red Sach1x30,10.0,54,540.0,Official
2025-07,2025,7,2025-07-28,SSA6,Glucosa 1500mg Red Sach1x30,10.0,17,170.0,Official
2025-07,2025,7,2025-07-28,SSA7,Glucosa 1500mg Red Sach1x30,10.0,22,220.0,Official
2025-07,2025,7,2025-07-28,SSA1,Glucosa-500mg Cap/BI BDC,10.0,49,490.0,Official
2025-07,2025,7,2025-07-28,SSA2,Glucosa-500mg Cap/BI BDC,10.0,4,40.0,Official
2025-07,2025,7,2025-07-28,SSA3,Glucosa-500mg Cap/BI BDC,10.0,53,530.0,Official
2025-07,2025,7,2025-07-28,SSA5,Glucosa-500mg Cap/BI BDC,10.0,24,240.0,Official
2025-07,2025,7,2025-07-28,SSA6,Glucosa-500mg Cap/BI BDC,10.0,17,170.0,Official
2025-07,2025,7,2025-07-28,SSA7,Glucosa-500mg Cap/BI BDC,10.0,18,180.0,Official
2025-07,2025,7,2025-07-28,SSA1,Glucosa 1500mg Lemon Sach BDC 30ຊອງ/ກ,10.0,46,460.0,Official
2025-07,2025,7,2025-07-28,SSA2,Glucosa 1500mg Lemon Sach BDC 30ຊອງ/ກ,10.0,4,40.0,Official
2025-07,2025,7,2025-07-28,SSA3,Glucosa 1500mg Lemon Sach BDC 30ຊອງ/ກ,10.0,19,190.0,Official
2025-07,2025,7,2025-07-28,SSA5,Glucosa 1500mg Lemon Sach BDC 30ຊອງ/ກ,10.0,21,210.0,Official
2025-07,2025,7,2025-07-28,SSA6,Glucosa 1500mg Lemon Sach BDC 30ຊອງ/ກ,10.0,15,150.0,Official
2025-07,2025,7,2025-07-28,SSA7,Glucosa 1500mg Lemon Sach BDC 30ຊອງ/ກ,10.0,5,50.0,Official
2025-07,2025,7,2025-07-28,SSA1,Prozeus 15 10Sach,20.0,2,40.0,Official
2025-07,2025,7,2025-07-28,SSA5,Prozeus 15 10Sach,20.0,5,100.0,Official
2025-07,2025,7,2025-07-28,SSA7,Prozeus 15 10Sach,20.0,20,400.0,Official
2025-07,2025,7,2025-07-28,SSA3,Prozeus 15 (ກະປ໋ອງ),40.0,2,80.0,Official
2025-07,2025,7,2025-07-28,SSA1,Tristan (etoricoxib) 90mg,3.0,14,42.0,Official
2025-07,2025,7,2025-07-28,SSA3,Tristan (etoricoxib) 90mg,3.0,2,6.0,Official
2025-07,2025,7,2025-07-28,SSA5,Tristan (etoricoxib) 90mg,3.0,109,327.0,Official
2025-07,2025,7,2025-07-28,SSA6,Tristan (etoricoxib) 90mg,3.0,45,135.0,Official
2025-07,2025,7,2025-07-28,SSA7,Tristan (etoricoxib) 90mg,3.0,38,114.0,Official
2025-07,2025,7,2025-07-28,SSA1,Gastro bismol 524,5.0,12,60.0,Official
2025-07,2025,7,2025-07-28,SSA3,Gastro bismol 524,5.0,34,170.0,Official
2025-07,2025,7,2025-07-28,SSA5,Gastro bismol 524,5.0,55,275.0,Official
2025-07,2025,7,2025-07-28,SSA6,Gastro bismol 524,5.0,25,125.0,Official
2025-07,2025,7,2025-07-28,SSA7,Gastro bismol 524,5.0,105,525.0,Official
2025-07,2025,7,2025-07-28,SSA1,Finasteride 1mg (3BI/Box),20.0,26,520.0,Official
2025-07,2025,7,2025-07-28,SSA3,Finasteride 1mg (3BI/Box),20.0,12,240.0,Official
2025-07,2025,7,2025-07-28,SSA5,Finasteride 1mg (3BI/Box),20.0,31,620.0,Official
2025-07,2025,7,2025-07-28,SSA6,Finasteride 1mg (3BI/Box),20.0,7,140.0,Official
2025-07,2025,7,2025-07-28,SSA7,Finasteride 1mg (3BI/Box),20.0,20,400.0,Official
2025-07,2025,7,2025-07-28,SSA1,Nacoxib 90 mg,10.0,84,840.0,Official
2025-07,2025,7,2025-07-28,SSA2,Nacoxib 90 mg,10.0,14,140.0,Official
2025-07,2025,7,2025-07-28,SSA3,Nacoxib 90 mg,10.0,65,650.0,Official
2025-07,2025,7,2025-07-28,SSA5,Nacoxib 90 mg,10.0,116,1160.0,Official
2025-07,2025,7,2025-07-28,SSA6,Nacoxib 90 mg,10.0,30,300.0,Official
2025-07,2025,7,2025-07-28,SSA7,Nacoxib 90 mg,10.0,74,740.0,Official
2025-07,2025,7,2025-07-28,SSA1,Diabederm Cream 10% 35g,5.0,8,40.0,Official
2025-07,2025,7,2025-07-28,SSA3,Diabederm Cream 10% 35g,5.0,6,30.0,Official
2025-07,2025,7,2025-07-28,SSA5,Diabederm Cream 10% 35g,5.0,6,30.0,Official
2025-07,2025,7,2025-07-28,SSA6,Diabederm Cream 10% 35g,5.0,17,85.0,Official
2025-07,2025,7,2025-07-28,SSA7,Diabederm Cream 10% 35g,5.0,21,105.0,Official
2025-07,2025,7,2025-07-28,SSA1,Diabederm Cream 20% 35g,5.0,15,75.0,Official
2025-07,2025,7,2025-07-28,SSA2,Diabederm Cream 20% 35g,5.0,2,10.0,Official
2025-07,2025,7,2025-07-28,SSA3,Diabederm Cream 20% 35g,5.0,2,10.0,Official
2025-07,2025,7,2025-07-28,SSA5,Diabederm Cream 20% 35g,5.0,6,30.0,Official
2025-07,2025,7,2025-07-28,SSA6,Diabederm Cream 20% 35g,5.0,9,45.0,Official
2025-07,2025,7,2025-07-28,SSA7,Diabederm Cream 20% 35g,5.0,23,115.0,Official
2025-07,2025,7,2025-07-28,SSA1,Precius 6x10's,25.0,1,25.0,Official
2025-07,2025,7,2025-07-28,SSA5,Precius 6x10's,25.0,24,600.0,Official
2025-08,2025,8,2025-08-28,SSA1,Capsika 0.0125%gel 35g BDC,5.0,45,225.0,Official
2025-08,2025,8,2025-08-28,SSA2,Capsika 0.0125%gel 35g BDC,5.0,2,10.0,Official
2025-08,2025,8,2025-08-28,SSA3,Capsika 0.0125%gel 35g BDC,5.0,8,40.0,Official
2025-08,2025,8,2025-08-28,SSA5,Capsika 0.0125%gel 35g BDC,5.0,12,60.0,Official
2025-08,2025,8,2025-08-28,SSA6,Capsika 0.0125%gel 35g BDC,5.0,7,35.0,Official
2025-08,2025,8,2025-08-28,SSA7,Capsika 0.0125%gel 35g BDC,5.0,18,90.0,Official
2025-08,2025,8,2025-08-28,SSA1,Capsika-25 (0.025%) Gel 35g,5.0,60,300.0,Official
2025-08,2025,8,2025-08-28,SSA2,Capsika-25 (0.025%) Gel 35g,5.0,3,15.0,Official
2025-08,2025,8,2025-08-28,SSA3,Capsika-25 (0.025%) Gel 35g,5.0,12,60.0,Official
2025-08,2025,8,2025-08-28,SSA5,Capsika-25 (0.025%) Gel 35g,5.0,10,50.0,Official
2025-08,2025,8,2025-08-28,SSA7,Capsika-25 (0.025%) Gel 35g,5.0,24,120.0,Official
2025-08,2025,8,2025-08-28,SSA1,Capsika-25 Lotion Spray 100ml,10.0,11,110.0,Official
2025-08,2025,8,2025-08-28,SSA3,Capsika-25 Lotion Spray 100ml,10.0,7,70.0,Official
2025-08,2025,8,2025-08-28,SSA5,Capsika-25 Lotion Spray 100ml,10.0,20,200.0,Official
2025-08,2025,8,2025-08-28,SSA6,Capsika-25 Lotion Spray 100ml,10.0,1,10.0,Official
2025-08,2025,8,2025-08-28,SSA7,Capsika-25 Lotion Spray 100ml,10.0,3,30.0,Official
2025-08,2025,8,2025-08-28,SSA1,AROTIKA Rub 35g BDC,5.0,18,90.0,Official
2025-08,2025,8,2025-08-28,SSA3,AROTIKA Rub 35g BDC,5.0,6,30.0,Official
2025-08,2025,8,2025-08-28,SSA5,AROTIKA Rub 35g BDC,5.0,6,30.0,Official
2025-08,2025,8,2025-08-28,SSA6,AROTIKA Rub 35g BDC,5.0,11,55.0,Official
2025-08,2025,8,2025-08-28,SSA7,AROTIKA Rub 35g BDC,5.0,26,130.0,Official
2025-08,2025,8,2025-08-28,SSA1,AROTIKA Rub SprayPak 60ml BDC,10.0,16,160.0,Official
2025-08,2025,8,2025-08-28,SSA3,AROTIKA Rub SprayPak 60ml BDC,10.0,9,90.0,Official
2025-08,2025,8,2025-08-28,SSA5,AROTIKA Rub SprayPak 60ml BDC,10.0,14,140.0,Official
2025-08,2025,8,2025-08-28,SSA6,AROTIKA Rub SprayPak 60ml BDC,10.0,9,90.0,Official
2025-08,2025,8,2025-08-28,SSA7,AROTIKA Rub SprayPak 60ml BDC,10.0,5,50.0,Official
2025-08,2025,8,2025-08-28,SSA1,AROTIKA Rub Location 80ml,10.0,10,100.0,Official
2025-08,2025,8,2025-08-28,SSA5,AROTIKA Rub Location 80ml,10.0,2,20.0,Official
2025-08,2025,8,2025-08-28,SSA6,AROTIKA Rub Location 80ml,10.0,1,10.0,Official
2025-08,2025,8,2025-08-28,SSA7,AROTIKA Rub Location 80ml,10.0,1,10.0,Official
2025-08,2025,8,2025-08-28,SSA1,Plaivana cream 14% 35g BDC,5.0,27,135.0,Official
2025-08,2025,8,2025-08-28,SSA2,Plaivana cream 14% 35g BDC,5.0,2,10.0,Official
2025-08,2025,8,2025-08-28,SSA3,Plaivana cream 14% 35g BDC,5.0,9,45.0,Official
2025-08,2025,8,2025-08-28,SSA5,Plaivana cream 14% 35g BDC,5.0,5,25.0,Official
2025-08,2025,8,2025-08-28,SSA6,Plaivana cream 14% 35g BDC,5.0,4,20.0,Official
2025-08,2025,8,2025-08-28,SSA7,Plaivana cream 14% 35g BDC,5.0,32,160.0,Official
2025-08,2025,8,2025-08-28,SSA1,Arotika cool spay 60ml,10.0,22,220.0,Official
2025-08,2025,8,2025-08-28,SSA2,Arotika cool spay 60ml,10.0,3,30.0,Official
2025-08,2025,8,2025-08-28,SSA3,Arotika cool spay 60ml,10.0,9,90.0,Official
2025-08,2025,8,2025-08-28,SSA5,Arotika cool spay 60ml,10.0,20,200.0,Official
2025-08,2025,8,2025-08-28,SSA7,Arotika cool spay 60ml,10.0,11,110.0,Official
2025-08,2025,8,2025-08-28,SSA5,Clenascar gel 15g BDC,10.0,4,40.0,Official
2025-08,2025,8,2025-08-28,SSA1,Glucosa 1500mg Red Sach1x30,10.0,53,530.0,Official
2025-08,2025,8,2025-08-28,SSA2,Glucosa 1500mg Red Sach1x30,10.0,1,10.0,Official
2025-08,2025,8,2025-08-28,SSA3,Glucosa 1500mg Red Sach1x30,10.0,45,450.0,Official
2025-08,2025,8,2025-08-28,SSA5,Glucosa 1500mg Red Sach1x30,10.0,48,480.0,Official
2025-08,2025,8,2025-08-28,SSA6,Glucosa 1500mg Red Sach1x30,10.0,19,190.0,Official
2025-08,2025,8,2025-08-28,SSA7,Glucosa 1500mg Red Sach1x30,10.0,22,220.0,Official
2025-08,2025,8,2025-08-28,SSA1,Glucosa-500mg Cap/BI BDC,10.0,32,320.0,Official
2025-08,2025,8,2025-08-28,SSA2,Glucosa-500mg Cap/BI BDC,10.0,2,20.0,Official
2025-08,2025,8,2025-08-28,SSA3,Glucosa-500mg Cap/BI BDC,10.0,46,460.0,Official
2025-08,2025,8,2025-08-28,SSA5,Glucosa-500mg Cap/BI BDC,10.0,35,350.0,Official
2025-08,2025,8,2025-08-28,SSA6,Glucosa-500mg Cap/BI BDC,10.0,14,140.0,Official
2025-08,2025,8,2025-08-28,SSA7,Glucosa-500mg Cap/BI BDC,10.0,24,240.0,Official
2025-08,2025,8,2025-08-28,SSA1,Glucosa 1500mg Lemon Sach BDC 30ຊອງ/ກ,10.0,13,130.0,Official
2025-08,2025,8,2025-08-28,SSA2,Glucosa 1500mg Lemon Sach BDC 30ຊອງ/ກ,10.0,2,20.0,Official
2025-08,2025,8,2025-08-28,SSA3,Glucosa 1500mg Lemon Sach BDC 30ຊອງ/ກ,10.0,22,220.0,Official
2025-08,2025,8,2025-08-28,SSA5,Glucosa 1500mg Lemon Sach BDC 30ຊອງ/ກ,10.0,7,70.0,Official
2025-08,2025,8,2025-08-28,SSA6,Glucosa 1500mg Lemon Sach BDC 30ຊອງ/ກ,10.0,2,20.0,Official
2025-08,2025,8,2025-08-28,SSA7,Glucosa 1500mg Lemon Sach BDC 30ຊອງ/ກ,10.0,6,60.0,Official
2025-08,2025,8,2025-08-28,SSA1,Prozeus 15 10Sach,20.0,6,120.0,Official
2025-08,2025,8,2025-08-28,SSA5,Prozeus 15 10Sach,20.0,2,40.0,Official
2025-08,2025,8,2025-08-28,SSA7,Prozeus 15 10Sach,20.0,10,200.0,Official
2025-08,2025,8,2025-08-28,SSA1,Prozeus 15 (ກະປ໋ອງ),40.0,3,120.0,Official
2025-08,2025,8,2025-08-28,SSA3,Prozeus 15 (ກະປ໋ອງ),40.0,5,200.0,Official
2025-08,2025,8,2025-08-28,SSA5,Prozeus 15 (ກະປ໋ອງ),40.0,5,200.0,Official
2025-08,2025,8,2025-08-28,SSA7,Prozeus 15 (ກະປ໋ອງ),40.0,4,160.0,Official
2025-08,2025,8,2025-08-28,SSA1,Tristan (etoricoxib) 90mg,2.0,15,30.0,Official
2025-08,2025,8,2025-08-28,SSA2,Tristan (etoricoxib) 90mg,2.0,4,8.0,Official
2025-08,2025,8,2025-08-28,SSA3,Tristan (etoricoxib) 90mg,2.0,2,4.0,Official
2025-08,2025,8,2025-08-28,SSA5,Tristan (etoricoxib) 90mg,2.0,51,102.0,Official
2025-08,2025,8,2025-08-28,SSA6,Tristan (etoricoxib) 90mg,2.0,64,128.0,Official
2025-08,2025,8,2025-08-28,SSA7,Tristan (etoricoxib) 90mg,2.0,10,20.0,Official
2025-08,2025,8,2025-08-28,SSA1,Gastro bismol 524,5.0,24,120.0,Official
2025-08,2025,8,2025-08-28,SSA2,Gastro bismol 524,5.0,4,20.0,Official
2025-08,2025,8,2025-08-28,SSA3,Gastro bismol 524,5.0,42,210.0,Official
2025-08,2025,8,2025-08-28,SSA5,Gastro bismol 524,5.0,19,95.0,Official
2025-08,2025,8,2025-08-28,SSA6,Gastro bismol 524,5.0,32,160.0,Official
2025-08,2025,8,2025-08-28,SSA7,Gastro bismol 524,5.0,50,250.0,Official
2025-08,2025,8,2025-08-28,SSA6,Finasteride 1mg (3BI/Box),20.0,3,60.0,Official
2025-08,2025,8,2025-08-28,SSA1,Nacoxib 90 mg,5.0,84,420.0,Official
2025-08,2025,8,2025-08-28,SSA2,Nacoxib 90 mg,5.0,5,25.0,Official
2025-08,2025,8,2025-08-28,SSA3,Nacoxib 90 mg,5.0,97,485.0,Official
2025-08,2025,8,2025-08-28,SSA5,Nacoxib 90 mg,5.0,78,390.0,Official
2025-08,2025,8,2025-08-28,SSA6,Nacoxib 90 mg,5.0,27,135.0,Official
2025-08,2025,8,2025-08-28,SSA7,Nacoxib 90 mg,5.0,61,305.0,Official
2025-08,2025,8,2025-08-28,SSA1,Diabederm Cream 10% 35g,5.0,11,55.0,Official
2025-08,2025,8,2025-08-28,SSA2,Diabederm Cream 10% 35g,5.0,1,5.0,Official
2025-08,2025,8,2025-08-28,SSA3,Diabederm Cream 10% 35g,5.0,18,90.0,Official
2025-08,2025,8,2025-08-28,SSA5,Diabederm Cream 10% 35g,5.0,12,60.0,Official
2025-08,2025,8,2025-08-28,SSA6,Diabederm Cream 10% 35g,5.0,15,75.0,Official
2025-08,2025,8,2025-08-28,SSA7,Diabederm Cream 10% 35g,5.0,10,50.0,Official
2025-08,2025,8,2025-08-28,SSA1,Diabederm Cream 20% 35g,5.0,21,105.0,Official
2025-08,2025,8,2025-08-28,SSA2,Diabederm Cream 20% 35g,5.0,1,5.0,Official
2025-08,2025,8,2025-08-28,SSA3,Diabederm Cream 20% 35g,5.0,9,45.0,Official
2025-08,2025,8,2025-08-28,SSA5,Diabederm Cream 20% 35g,5.0,11,55.0,Official
2025-08,2025,8,2025-08-28,SSA6,Diabederm Cream 20% 35g,5.0,3,15.0,Official
2025-08,2025,8,2025-08-28,SSA7,Diabederm Cream 20% 35g,5.0,18,90.0,Official
2025-08,2025,8,2025-08-28,SSA1,Zentozide 1x4's,3.0,2,6.0,Official
2025-08,2025,8,2025-08-28,SSA1,Precius 6x10's,25.0,1,25.0,Official
2025-08,2025,8,2025-08-28,SSA3,Precius 6x10's,25.0,2,50.0,Official
2025-08,2025,8,2025-08-28,SSA5,Precius 6x10's,25.0,25,625.0,Official
2025-08,2025,8,2025-08-28,SSA7,Precius 6x10's,25.0,2,50.0,Official
2025-09,2025,9,2025-09-28,SSA1,Capsika 0.0125%gel 35g BDC,5.0,27,135.0,Official
2025-09,2025,9,2025-09-28,SSA2,Capsika 0.0125%gel 35g BDC,5.0,1,5.0,Official
2025-09,2025,9,2025-09-28,SSA3,Capsika 0.0125%gel 35g BDC,5.0,32,160.0,Official
2025-09,2025,9,2025-09-28,SSA5,Capsika 0.0125%gel 35g BDC,5.0,7,35.0,Official
2025-09,2025,9,2025-09-28,SSA6,Capsika 0.0125%gel 35g BDC,5.0,7,35.0,Official
2025-09,2025,9,2025-09-28,SSA7,Capsika 0.0125%gel 35g BDC,5.0,23,115.0,Official
2025-09,2025,9,2025-09-28,SSA1,Capsika-25 (0.025%) Gel 35g,5.0,35,175.0,Official
2025-09,2025,9,2025-09-28,SSA3,Capsika-25 (0.025%) Gel 35g,5.0,19,95.0,Official
2025-09,2025,9,2025-09-28,SSA5,Capsika-25 (0.025%) Gel 35g,5.0,28,140.0,Official
2025-09,2025,9,2025-09-28,SSA6,Capsika-25 (0.025%) Gel 35g,5.0,2,10.0,Official
2025-09,2025,9,2025-09-28,SSA7,Capsika-25 (0.025%) Gel 35g,5.0,23,115.0,Official
2025-09,2025,9,2025-09-28,SSA1,Capsika-25 Lotion Spray 100ml,10.0,12,120.0,Official
2025-09,2025,9,2025-09-28,SSA2,Capsika-25 Lotion Spray 100ml,10.0,1,10.0,Official
2025-09,2025,9,2025-09-28,SSA3,Capsika-25 Lotion Spray 100ml,10.0,8,80.0,Official
2025-09,2025,9,2025-09-28,SSA5,Capsika-25 Lotion Spray 100ml,10.0,7,70.0,Official
2025-09,2025,9,2025-09-28,SSA6,Capsika-25 Lotion Spray 100ml,10.0,6,60.0,Official
2025-09,2025,9,2025-09-28,SSA7,Capsika-25 Lotion Spray 100ml,10.0,3,30.0,Official
2025-09,2025,9,2025-09-28,SSA1,AROTIKA Rub 35g BDC,5.0,56,280.0,Official
2025-09,2025,9,2025-09-28,SSA2,AROTIKA Rub 35g BDC,5.0,1,5.0,Official
2025-09,2025,9,2025-09-28,SSA3,AROTIKA Rub 35g BDC,5.0,9,45.0,Official
2025-09,2025,9,2025-09-28,SSA5,AROTIKA Rub 35g BDC,5.0,4,20.0,Official
2025-09,2025,9,2025-09-28,SSA6,AROTIKA Rub 35g BDC,5.0,21,105.0,Official
2025-09,2025,9,2025-09-28,SSA7,AROTIKA Rub 35g BDC,5.0,19,95.0,Official
2025-09,2025,9,2025-09-28,SSA1,AROTIKA Rub SprayPak 60ml BDC,10.0,35,350.0,Official
2025-09,2025,9,2025-09-28,SSA3,AROTIKA Rub SprayPak 60ml BDC,10.0,16,160.0,Official
2025-09,2025,9,2025-09-28,SSA5,AROTIKA Rub SprayPak 60ml BDC,10.0,5,50.0,Official
2025-09,2025,9,2025-09-28,SSA6,AROTIKA Rub SprayPak 60ml BDC,10.0,7,70.0,Official
2025-09,2025,9,2025-09-28,SSA7,AROTIKA Rub SprayPak 60ml BDC,10.0,14,140.0,Official
2025-09,2025,9,2025-09-28,SSA1,AROTIKA Rub Location 80ml,10.0,7,70.0,Official
2025-09,2025,9,2025-09-28,SSA3,AROTIKA Rub Location 80ml,10.0,3,30.0,Official
2025-09,2025,9,2025-09-28,SSA5,AROTIKA Rub Location 80ml,10.0,2,20.0,Official
2025-09,2025,9,2025-09-28,SSA6,AROTIKA Rub Location 80ml,10.0,1,10.0,Official
2025-09,2025,9,2025-09-28,SSA1,Plaivana cream 14% 35g BDC,5.0,18,90.0,Official
2025-09,2025,9,2025-09-28,SSA2,Plaivana cream 14% 35g BDC,5.0,3,15.0,Official
2025-09,2025,9,2025-09-28,SSA3,Plaivana cream 14% 35g BDC,5.0,24,120.0,Official
2025-09,2025,9,2025-09-28,SSA5,Plaivana cream 14% 35g BDC,5.0,5,25.0,Official
2025-09,2025,9,2025-09-28,SSA6,Plaivana cream 14% 35g BDC,5.0,6,30.0,Official
2025-09,2025,9,2025-09-28,SSA7,Plaivana cream 14% 35g BDC,5.0,16,80.0,Official
2025-09,2025,9,2025-09-28,SSA1,Arotika cool spay 60ml,10.0,28,280.0,Official
2025-09,2025,9,2025-09-28,SSA2,Arotika cool spay 60ml,10.0,1,10.0,Official
2025-09,2025,9,2025-09-28,SSA3,Arotika cool spay 60ml,10.0,8,80.0,Official
2025-09,2025,9,2025-09-28,SSA5,Arotika cool spay 60ml,10.0,26,260.0,Official
2025-09,2025,9,2025-09-28,SSA6,Arotika cool spay 60ml,10.0,6,60.0,Official
2025-09,2025,9,2025-09-28,SSA7,Arotika cool spay 60ml,10.0,8,80.0,Official
2025-09,2025,9,2025-09-28,SSA3,Clenascar gel 15g BDC,10.0,3,30.0,Official
2025-09,2025,9,2025-09-28,SSA5,Clenascar gel 15g BDC,10.0,10,100.0,Official
2025-09,2025,9,2025-09-28,SSA1,Glucosa 1500mg Red Sach1x30,10.0,50,500.0,Official
2025-09,2025,9,2025-09-28,SSA2,Glucosa 1500mg Red Sach1x30,10.0,3,30.0,Official
2025-09,2025,9,2025-09-28,SSA3,Glucosa 1500mg Red Sach1x30,10.0,49,490.0,Official
2025-09,2025,9,2025-09-28,SSA5,Glucosa 1500mg Red Sach1x30,10.0,64,640.0,Official
2025-09,2025,9,2025-09-28,SSA6,Glucosa 1500mg Red Sach1x30,10.0,26,260.0,Official
2025-09,2025,9,2025-09-28,SSA7,Glucosa 1500mg Red Sach1x30,10.0,31,310.0,Official
2025-09,2025,9,2025-09-28,SSA1,Glucosa-500mg Cap/BI BDC,10.0,39,390.0,Official
2025-09,2025,9,2025-09-28,SSA3,Glucosa-500mg Cap/BI BDC,10.0,36,360.0,Official
2025-09,2025,9,2025-09-28,SSA5,Glucosa-500mg Cap/BI BDC,10.0,23,230.0,Official
2025-09,2025,9,2025-09-28,SSA6,Glucosa-500mg Cap/BI BDC,10.0,13,130.0,Official
2025-09,2025,9,2025-09-28,SSA7,Glucosa-500mg Cap/BI BDC,10.0,20,200.0,Official
2025-09,2025,9,2025-09-28,SSA1,Glucosa 1500mg Lemon Sach BDC 30ຊອງ/ກ,10.0,26,260.0,Official
2025-09,2025,9,2025-09-28,SSA3,Glucosa 1500mg Lemon Sach BDC 30ຊອງ/ກ,10.0,18,180.0,Official
2025-09,2025,9,2025-09-28,SSA5,Glucosa 1500mg Lemon Sach BDC 30ຊອງ/ກ,10.0,32,320.0,Official
2025-09,2025,9,2025-09-28,SSA6,Glucosa 1500mg Lemon Sach BDC 30ຊອງ/ກ,10.0,7,70.0,Official
2025-09,2025,9,2025-09-28,SSA7,Glucosa 1500mg Lemon Sach BDC 30ຊອງ/ກ,10.0,9,90.0,Official
2025-09,2025,9,2025-09-28,SSA1,Prozeus 15 10Sach,10.0,5,50.0,Official
2025-09,2025,9,2025-09-28,SSA2,Prozeus 15 10Sach,10.0,1,10.0,Official
2025-09,2025,9,2025-09-28,SSA5,Prozeus 15 10Sach,10.0,5,50.0,Official
2025-09,2025,9,2025-09-28,SSA7,Prozeus 15 10Sach,10.0,14,140.0,Official
2025-09,2025,9,2025-09-28,SSA1,Prozeus 15 (ກະປ໋ອງ),20.0,7,140.0,Official
2025-09,2025,9,2025-09-28,SSA5,Prozeus 15 (ກະປ໋ອງ),20.0,1,20.0,Official
2025-09,2025,9,2025-09-28,SSA6,Prozeus 15 (ກະປ໋ອງ),20.0,5,100.0,Official
2025-09,2025,9,2025-09-28,SSA1,Tristan (etoricoxib) 90mg,2.0,13,26.0,Official
2025-09,2025,9,2025-09-28,SSA2,Tristan (etoricoxib) 90mg,2.0,2,4.0,Official
2025-09,2025,9,2025-09-28,SSA3,Tristan (etoricoxib) 90mg,2.0,12,24.0,Official
2025-09,2025,9,2025-09-28,SSA5,Tristan (etoricoxib) 90mg,2.0,20,40.0,Official
2025-09,2025,9,2025-09-28,SSA6,Tristan (etoricoxib) 90mg,2.0,79,158.0,Official
2025-09,2025,9,2025-09-28,SSA7,Tristan (etoricoxib) 90mg,2.0,13,26.0,Official
2025-09,2025,9,2025-09-28,SSA1,Gastro bismol 524,5.0,14,70.0,Official
2025-09,2025,9,2025-09-28,SSA3,Gastro bismol 524,5.0,18,90.0,Official
2025-09,2025,9,2025-09-28,SSA5,Gastro bismol 524,5.0,13,65.0,Official
2025-09,2025,9,2025-09-28,SSA6,Gastro bismol 524,5.0,70,350.0,Official
2025-09,2025,9,2025-09-28,SSA7,Gastro bismol 524,5.0,13,65.0,Official
2025-09,2025,9,2025-09-28,SSA1,Nacoxib 90 mg,5.0,86,430.0,Official
2025-09,2025,9,2025-09-28,SSA2,Nacoxib 90 mg,5.0,13,65.0,Official
2025-09,2025,9,2025-09-28,SSA3,Nacoxib 90 mg,5.0,58,290.0,Official
2025-09,2025,9,2025-09-28,SSA5,Nacoxib 90 mg,5.0,101,505.0,Official
2025-09,2025,9,2025-09-28,SSA6,Nacoxib 90 mg,5.0,17,85.0,Official
2025-09,2025,9,2025-09-28,SSA7,Nacoxib 90 mg,5.0,70,350.0,Official
2025-09,2025,9,2025-09-28,SSA1,Diabederm Cream 10% 35g,5.0,25,125.0,Official
2025-09,2025,9,2025-09-28,SSA2,Diabederm Cream 10% 35g,5.0,1,5.0,Official
2025-09,2025,9,2025-09-28,SSA3,Diabederm Cream 10% 35g,5.0,18,90.0,Official
2025-09,2025,9,2025-09-28,SSA5,Diabederm Cream 10% 35g,5.0,30,150.0,Official
2025-09,2025,9,2025-09-28,SSA6,Diabederm Cream 10% 35g,5.0,13,65.0,Official
2025-09,2025,9,2025-09-28,SSA7,Diabederm Cream 10% 35g,5.0,16,80.0,Official
2025-09,2025,9,2025-09-28,SSA1,Diabederm Cream 20% 35g,5.0,32,160.0,Official
2025-09,2025,9,2025-09-28,SSA2,Diabederm Cream 20% 35g,5.0,1,5.0,Official
2025-09,2025,9,2025-09-28,SSA3,Diabederm Cream 20% 35g,5.0,7,35.0,Official
2025-09,2025,9,2025-09-28,SSA5,Diabederm Cream 20% 35g,5.0,13,65.0,Official
2025-09,2025,9,2025-09-28,SSA6,Diabederm Cream 20% 35g,5.0,2,10.0,Official
2025-09,2025,9,2025-09-28,SSA7,Diabederm Cream 20% 35g,5.0,51,255.0,Official
2025-09,2025,9,2025-09-28,SSA1,Zentozide 1x4's,3.0,2,6.0,Official
2025-09,2025,9,2025-09-28,SSA5,Zentozide 1x4's,3.0,8,24.0,Official
2025-09,2025,9,2025-09-28,SSA7,Zentozide 1x4's,3.0,7,21.0,Official
2025-09,2025,9,2025-09-28,SSA1,Precius 6x10's,25.0,43,1075.0,Official
2025-09,2025,9,2025-09-28,SSA3,Precius 6x10's,25.0,8,200.0,Official
2025-09,2025,9,2025-09-28,SSA5,Precius 6x10's,25.0,3,75.0,Official
2025-09,2025,9,2025-09-28,SSA7,Precius 6x10's,25.0,5,125.0,Official
2025-09,2025,9,2025-09-28,SSA1,Clena TM EX (Anti melasma) 15g,10.0,44,440.0,Official
2025-09,2025,9,2025-09-28,SSA2,Clena TM EX (Anti melasma) 15g,10.0,5,50.0,Official
2025-09,2025,9,2025-09-28,SSA3,Clena TM EX (Anti melasma) 15g,10.0,24,240.0,Official
2025-09,2025,9,2025-09-28,SSA5,Clena TM EX (Anti melasma) 15g,10.0,31,310.0,Official
2025-09,2025,9,2025-09-28,SSA6,Clena TM EX (Anti melasma) 15g,10.0,19,190.0,Official
2025-09,2025,9,2025-09-28,SSA7,Clena TM EX (Anti melasma) 15g,10.0,31,310.0,Official
2025-10,2025,10,2025-10-28,SSA1,Capsika 0.0125%gel 35g BDC,5.0,39,195.0,Official
2025-10,2025,10,2025-10-28,SSA3,Capsika 0.0125%gel 35g BDC,5.0,7,35.0,Official
2025-10,2025,10,2025-10-28,SSA5,Capsika 0.0125%gel 35g BDC,5.0,40,200.0,Official
2025-10,2025,10,2025-10-28,SSA6,Capsika 0.0125%gel 35g BDC,5.0,3,15.0,Official
2025-10,2025,10,2025-10-28,SSA7,Capsika 0.0125%gel 35g BDC,5.0,7,35.0,Official
2025-10,2025,10,2025-10-28,SSA1,Capsika-25 (0.025%) Gel 35g,5.0,53,265.0,Official
2025-10,2025,10,2025-10-28,SSA2,Capsika-25 (0.025%) Gel 35g,5.0,1,5.0,Official
2025-10,2025,10,2025-10-28,SSA3,Capsika-25 (0.025%) Gel 35g,5.0,12,60.0,Official
2025-10,2025,10,2025-10-28,SSA5,Capsika-25 (0.025%) Gel 35g,5.0,31,155.0,Official
2025-10,2025,10,2025-10-28,SSA7,Capsika-25 (0.025%) Gel 35g,5.0,19,95.0,Official
2025-10,2025,10,2025-10-28,SSA1,Capsika-25 Lotion Spray 100ml,10.0,9,90.0,Official
2025-10,2025,10,2025-10-28,SSA3,Capsika-25 Lotion Spray 100ml,10.0,5,50.0,Official
2025-10,2025,10,2025-10-28,SSA5,Capsika-25 Lotion Spray 100ml,10.0,8,80.0,Official
2025-10,2025,10,2025-10-28,SSA6,Capsika-25 Lotion Spray 100ml,10.0,3,30.0,Official
2025-10,2025,10,2025-10-28,SSA7,Capsika-25 Lotion Spray 100ml,10.0,4,40.0,Official
2025-10,2025,10,2025-10-28,SSA1,AROTIKA Rub 35g BDC,5.0,58,290.0,Official
2025-10,2025,10,2025-10-28,SSA2,AROTIKA Rub 35g BDC,5.0,1,5.0,Official
2025-10,2025,10,2025-10-28,SSA3,AROTIKA Rub 35g BDC,5.0,7,35.0,Official
2025-10,2025,10,2025-10-28,SSA5,AROTIKA Rub 35g BDC,5.0,30,150.0,Official
2025-10,2025,10,2025-10-28,SSA6,AROTIKA Rub 35g BDC,5.0,12,60.0,Official
2025-10,2025,10,2025-10-28,SSA7,AROTIKA Rub 35g BDC,5.0,10,50.0,Official
2025-10,2025,10,2025-10-28,SSA1,AROTIKA Rub SprayPak 60ml BDC,10.0,102,1020.0,Official
2025-10,2025,10,2025-10-28,SSA2,AROTIKA Rub SprayPak 60ml BDC,10.0,2,20.0,Official
2025-10,2025,10,2025-10-28,SSA3,AROTIKA Rub SprayPak 60ml BDC,10.0,10,100.0,Official
2025-10,2025,10,2025-10-28,SSA5,AROTIKA Rub SprayPak 60ml BDC,10.0,10,100.0,Official
2025-10,2025,10,2025-10-28,SSA6,AROTIKA Rub SprayPak 60ml BDC,10.0,11,110.0,Official
2025-10,2025,10,2025-10-28,SSA7,AROTIKA Rub SprayPak 60ml BDC,10.0,12,120.0,Official
2025-10,2025,10,2025-10-28,SSA1,AROTIKA Rub Location 80ml,10.0,2,20.0,Official
2025-10,2025,10,2025-10-28,SSA3,AROTIKA Rub Location 80ml,10.0,2,20.0,Official
2025-10,2025,10,2025-10-28,SSA5,AROTIKA Rub Location 80ml,10.0,6,60.0,Official
2025-10,2025,10,2025-10-28,SSA7,AROTIKA Rub Location 80ml,10.0,8,80.0,Official
2025-10,2025,10,2025-10-28,SSA1,Plaivana cream 14% 35g BDC,5.0,42,210.0,Official
2025-10,2025,10,2025-10-28,SSA2,Plaivana cream 14% 35g BDC,5.0,2,10.0,Official
2025-10,2025,10,2025-10-28,SSA3,Plaivana cream 14% 35g BDC,5.0,22,110.0,Official
2025-10,2025,10,2025-10-28,SSA5,Plaivana cream 14% 35g BDC,5.0,3,15.0,Official
2025-10,2025,10,2025-10-28,SSA6,Plaivana cream 14% 35g BDC,5.0,2,10.0,Official
2025-10,2025,10,2025-10-28,SSA7,Plaivana cream 14% 35g BDC,5.0,13,65.0,Official
2025-10,2025,10,2025-10-28,SSA1,Arotika cool spay 60ml,10.0,27,270.0,Official
2025-10,2025,10,2025-10-28,SSA2,Arotika cool spay 60ml,10.0,2,20.0,Official
2025-10,2025,10,2025-10-28,SSA3,Arotika cool spay 60ml,10.0,5,50.0,Official
2025-10,2025,10,2025-10-28,SSA5,Arotika cool spay 60ml,10.0,33,330.0,Official
2025-10,2025,10,2025-10-28,SSA6,Arotika cool spay 60ml,10.0,14,140.0,Official
2025-10,2025,10,2025-10-28,SSA7,Arotika cool spay 60ml,10.0,4,40.0,Official
2025-10,2025,10,2025-10-28,SSA1,Clenascar gel 15g BDC,10.0,1,10.0,Official
2025-10,2025,10,2025-10-28,SSA2,Clenascar gel 15g BDC,10.0,1,10.0,Official
2025-10,2025,10,2025-10-28,SSA3,Clenascar gel 15g BDC,10.0,9,90.0,Official
2025-10,2025,10,2025-10-28,SSA5,Clenascar gel 15g BDC,10.0,9,90.0,Official
2025-10,2025,10,2025-10-28,SSA6,Clenascar gel 15g BDC,10.0,10,100.0,Official
2025-10,2025,10,2025-10-28,SSA7,Clenascar gel 15g BDC,10.0,1,10.0,Official
2025-10,2025,10,2025-10-28,SSA1,Glucosa 1500mg Red Sach1x30,10.0,48,480.0,Official
2025-10,2025,10,2025-10-28,SSA3,Glucosa 1500mg Red Sach1x30,10.0,47,470.0,Official
2025-10,2025,10,2025-10-28,SSA5,Glucosa 1500mg Red Sach1x30,10.0,45,450.0,Official
2025-10,2025,10,2025-10-28,SSA6,Glucosa 1500mg Red Sach1x30,10.0,13,130.0,Official
2025-10,2025,10,2025-10-28,SSA7,Glucosa 1500mg Red Sach1x30,10.0,18,180.0,Official
2025-10,2025,10,2025-10-28,SSA1,Glucosa-500mg Cap/BI BDC,10.0,39,390.0,Official
2025-10,2025,10,2025-10-28,SSA2,Glucosa-500mg Cap/BI BDC,10.0,1,10.0,Official
2025-10,2025,10,2025-10-28,SSA3,Glucosa-500mg Cap/BI BDC,10.0,30,300.0,Official
2025-10,2025,10,2025-10-28,SSA5,Glucosa-500mg Cap/BI BDC,10.0,19,190.0,Official
2025-10,2025,10,2025-10-28,SSA6,Glucosa-500mg Cap/BI BDC,10.0,9,90.0,Official
2025-10,2025,10,2025-10-28,SSA7,Glucosa-500mg Cap/BI BDC,10.0,20,200.0,Official
2025-10,2025,10,2025-10-28,SSA1,Glucosa 1500mg Lemon Sach BDC 30ຊອງ/ກ,10.0,22,220.0,Official
2025-10,2025,10,2025-10-28,SSA2,Glucosa 1500mg Lemon Sach BDC 30ຊອງ/ກ,10.0,1,10.0,Official
2025-10,2025,10,2025-10-28,SSA3,Glucosa 1500mg Lemon Sach BDC 30ຊອງ/ກ,10.0,28,280.0,Official
2025-10,2025,10,2025-10-28,SSA5,Glucosa 1500mg Lemon Sach BDC 30ຊອງ/ກ,10.0,28,280.0,Official
2025-10,2025,10,2025-10-28,SSA6,Glucosa 1500mg Lemon Sach BDC 30ຊອງ/ກ,10.0,10,100.0,Official
2025-10,2025,10,2025-10-28,SSA7,Glucosa 1500mg Lemon Sach BDC 30ຊອງ/ກ,10.0,6,60.0,Official
2025-10,2025,10,2025-10-28,SSA1,Prozeus 15 10Sach,10.0,7,70.0,Official
2025-10,2025,10,2025-10-28,SSA5,Prozeus 15 10Sach,10.0,4,40.0,Official
2025-10,2025,10,2025-10-28,SSA6,Prozeus 15 10Sach,10.0,5,50.0,Official
2025-10,2025,10,2025-10-28,SSA1,Prozeus 15 (ກະປ໋ອງ),20.0,5,100.0,Official
2025-10,2025,10,2025-10-28,SSA6,Prozeus 15 (ກະປ໋ອງ),20.0,2,40.0,Official
2025-10,2025,10,2025-10-28,SSA7,Prozeus 15 (ກະປ໋ອງ),20.0,5,100.0,Official
2025-10,2025,10,2025-10-28,SSA1,Tristan (etoricoxib) 90mg,2.0,29,58.0,Official
2025-10,2025,10,2025-10-28,SSA3,Tristan (etoricoxib) 90mg,2.0,51,102.0,Official
2025-10,2025,10,2025-10-28,SSA5,Tristan (etoricoxib) 90mg,2.0,19,38.0,Official
2025-10,2025,10,2025-10-28,SSA6,Tristan (etoricoxib) 90mg,2.0,38,76.0,Official
2025-10,2025,10,2025-10-28,SSA7,Tristan (etoricoxib) 90mg,2.0,1,2.0,Official
2025-10,2025,10,2025-10-28,SSA1,Gastro bismol 524,5.0,18,90.0,Official
2025-10,2025,10,2025-10-28,SSA3,Gastro bismol 524,5.0,10,50.0,Official
2025-10,2025,10,2025-10-28,SSA5,Gastro bismol 524,5.0,7,35.0,Official
2025-10,2025,10,2025-10-28,SSA6,Gastro bismol 524,5.0,23,115.0,Official
2025-10,2025,10,2025-10-28,SSA7,Gastro bismol 524,5.0,39,195.0,Official
2025-10,2025,10,2025-10-28,SSA1,Nacoxib 90 mg,5.0,77,385.0,Official
2025-10,2025,10,2025-10-28,SSA2,Nacoxib 90 mg,5.0,5,25.0,Official
2025-10,2025,10,2025-10-28,SSA3,Nacoxib 90 mg,5.0,52,260.0,Official
2025-10,2025,10,2025-10-28,SSA5,Nacoxib 90 mg,5.0,112,560.0,Official
2025-10,2025,10,2025-10-28,SSA6,Nacoxib 90 mg,5.0,27,135.0,Official
2025-10,2025,10,2025-10-28,SSA7,Nacoxib 90 mg,5.0,49,245.0,Official
2025-10,2025,10,2025-10-28,SSA1,Diabederm Cream 10% 35g,5.0,10,50.0,Official
2025-10,2025,10,2025-10-28,SSA2,Diabederm Cream 10% 35g,5.0,4,20.0,Official
2025-10,2025,10,2025-10-28,SSA3,Diabederm Cream 10% 35g,5.0,17,85.0,Official
2025-10,2025,10,2025-10-28,SSA5,Diabederm Cream 10% 35g,5.0,26,130.0,Official
2025-10,2025,10,2025-10-28,SSA6,Diabederm Cream 10% 35g,5.0,7,35.0,Official
2025-10,2025,10,2025-10-28,SSA7,Diabederm Cream 10% 35g,5.0,20,100.0,Official
2025-10,2025,10,2025-10-28,SSA1,Diabederm Cream 20% 35g,5.0,23,115.0,Official
2025-10,2025,10,2025-10-28,SSA2,Diabederm Cream 20% 35g,5.0,5,25.0,Official
2025-10,2025,10,2025-10-28,SSA3,Diabederm Cream 20% 35g,5.0,15,75.0,Official
2025-10,2025,10,2025-10-28,SSA5,Diabederm Cream 20% 35g,5.0,16,80.0,Official
2025-10,2025,10,2025-10-28,SSA6,Diabederm Cream 20% 35g,5.0,9,45.0,Official
2025-10,2025,10,2025-10-28,SSA7,Diabederm Cream 20% 35g,5.0,27,135.0,Official
2025-10,2025,10,2025-10-28,SSA1,Zentozide 1x4's,3.0,2,6.0,Official
2025-10,2025,10,2025-10-28,SSA5,Zentozide 1x4's,3.0,1,3.0,Official
2025-10,2025,10,2025-10-28,SSA7,Zentozide 1x4's,3.0,9,27.0,Official
2025-10,2025,10,2025-10-28,SSA1,Precius 6x10's,25.0,26,650.0,Official
2025-10,2025,10,2025-10-28,SSA3,Precius 6x10's,25.0,11,275.0,Official
2025-10,2025,10,2025-10-28,SSA5,Precius 6x10's,25.0,20,500.0,Official
2025-10,2025,10,2025-10-28,SSA6,Precius 6x10's,25.0,2,50.0,Official
2025-10,2025,10,2025-10-28,SSA7,Precius 6x10's,25.0,3,75.0,Official
2025-10,2025,10,2025-10-28,SSA1,Clena TM EX (Anti melasma) 15g,10.0,27,270.0,Official
2025-10,2025,10,2025-10-28,SSA2,Clena TM EX (Anti melasma) 15g,10.0,1,10.0,Official
2025-10,2025,10,2025-10-28,SSA3,Clena TM EX (Anti melasma) 15g,10.0,24,240.0,Official
2025-10,2025,10,2025-10-28,SSA5,Clena TM EX (Anti melasma) 15g,10.0,13,130.0,Official
2025-10,2025,10,2025-10-28,SSA6,Clena TM EX (Anti melasma) 15g,10.0,12,120.0,Official
2025-10,2025,10,2025-10-28,SSA7,Clena TM EX (Anti melasma) 15g,10.0,11,110.0,Official
2025-11,2025,11,2025-11-28,SSA1,Capsika 0.0125%gel 35g BDC,5.0,26,130.0,Official
2025-11,2025,11,2025-11-28,SSA3,Capsika 0.0125%gel 35g BDC,5.0,9,45.0,Official
2025-11,2025,11,2025-11-28,SSA5,Capsika 0.0125%gel 35g BDC,5.0,31,155.0,Official
2025-11,2025,11,2025-11-28,SSA6,Capsika 0.0125%gel 35g BDC,5.0,2,10.0,Official
2025-11,2025,11,2025-11-28,SSA7,Capsika 0.0125%gel 35g BDC,5.0,15,75.0,Official
2025-11,2025,11,2025-11-28,SSA1,Capsika-25 (0.025%) Gel 35g,5.0,29,145.0,Official
2025-11,2025,11,2025-11-28,SSA2,Capsika-25 (0.025%) Gel 35g,5.0,1,5.0,Official
2025-11,2025,11,2025-11-28,SSA3,Capsika-25 (0.025%) Gel 35g,5.0,12,60.0,Official
2025-11,2025,11,2025-11-28,SSA5,Capsika-25 (0.025%) Gel 35g,5.0,17,85.0,Official
2025-11,2025,11,2025-11-28,SSA6,Capsika-25 (0.025%) Gel 35g,5.0,5,25.0,Official
2025-11,2025,11,2025-11-28,SSA7,Capsika-25 (0.025%) Gel 35g,5.0,30,150.0,Official
2025-11,2025,11,2025-11-28,SSA1,Capsika-25 Lotion Spray 100ml,10.0,10,100.0,Official
2025-11,2025,11,2025-11-28,SSA3,Capsika-25 Lotion Spray 100ml,10.0,13,130.0,Official
2025-11,2025,11,2025-11-28,SSA5,Capsika-25 Lotion Spray 100ml,10.0,18,180.0,Official
2025-11,2025,11,2025-11-28,SSA6,Capsika-25 Lotion Spray 100ml,10.0,1,10.0,Official
2025-11,2025,11,2025-11-28,SSA7,Capsika-25 Lotion Spray 100ml,10.0,15,150.0,Official
2025-11,2025,11,2025-11-28,SSA1,AROTIKA Rub 35g BDC,5.0,32,160.0,Official
2025-11,2025,11,2025-11-28,SSA3,AROTIKA Rub 35g BDC,5.0,1,5.0,Official
2025-11,2025,11,2025-11-28,SSA5,AROTIKA Rub 35g BDC,5.0,4,20.0,Official
2025-11,2025,11,2025-11-28,SSA6,AROTIKA Rub 35g BDC,5.0,2,10.0,Official
2025-11,2025,11,2025-11-28,SSA1,AROTIKA Rub SprayPak 60ml BDC,10.0,20,200.0,Official
2025-11,2025,11,2025-11-28,SSA2,AROTIKA Rub SprayPak 60ml BDC,10.0,2,20.0,Official
2025-11,2025,11,2025-11-28,SSA3,AROTIKA Rub SprayPak 60ml BDC,10.0,7,70.0,Official
2025-11,2025,11,2025-11-28,SSA5,AROTIKA Rub SprayPak 60ml BDC,10.0,12,120.0,Official
2025-11,2025,11,2025-11-28,SSA6,AROTIKA Rub SprayPak 60ml BDC,10.0,6,60.0,Official
2025-11,2025,11,2025-11-28,SSA7,AROTIKA Rub SprayPak 60ml BDC,10.0,1,10.0,Official
2025-11,2025,11,2025-11-28,SSA1,AROTIKA Rub Location 80ml,10.0,4,40.0,Official
2025-11,2025,11,2025-11-28,SSA3,AROTIKA Rub Location 80ml,10.0,1,10.0,Official
2025-11,2025,11,2025-11-28,SSA5,AROTIKA Rub Location 80ml,10.0,3,30.0,Official
2025-11,2025,11,2025-11-28,SSA1,Plaivana cream 14% 35g BDC,5.0,30,150.0,Official
2025-11,2025,11,2025-11-28,SSA2,Plaivana cream 14% 35g BDC,5.0,3,15.0,Official
2025-11,2025,11,2025-11-28,SSA3,Plaivana cream 14% 35g BDC,5.0,19,95.0,Official
2025-11,2025,11,2025-11-28,SSA5,Plaivana cream 14% 35g BDC,5.0,3,15.0,Official
2025-11,2025,11,2025-11-28,SSA6,Plaivana cream 14% 35g BDC,5.0,3,15.0,Official
2025-11,2025,11,2025-11-28,SSA7,Plaivana cream 14% 35g BDC,5.0,5,25.0,Official
2025-11,2025,11,2025-11-28,SSA1,Arotika cool spay 60ml,10.0,20,200.0,Official
2025-11,2025,11,2025-11-28,SSA2,Arotika cool spay 60ml,10.0,1,10.0,Official
2025-11,2025,11,2025-11-28,SSA3,Arotika cool spay 60ml,10.0,5,50.0,Official
2025-11,2025,11,2025-11-28,SSA5,Arotika cool spay 60ml,10.0,27,270.0,Official
2025-11,2025,11,2025-11-28,SSA6,Arotika cool spay 60ml,10.0,8,80.0,Official
2025-11,2025,11,2025-11-28,SSA7,Arotika cool spay 60ml,10.0,6,60.0,Official
2025-11,2025,11,2025-11-28,SSA1,Clenascar gel 15g BDC,10.0,3,30.0,Official
2025-11,2025,11,2025-11-28,SSA3,Clenascar gel 15g BDC,10.0,2,20.0,Official
2025-11,2025,11,2025-11-28,SSA5,Clenascar gel 15g BDC,10.0,3,30.0,Official
2025-11,2025,11,2025-11-28,SSA6,Clenascar gel 15g BDC,10.0,9,90.0,Official
2025-11,2025,11,2025-11-28,SSA1,Glucosa 1500mg Red Sach1x30,10.0,46,460.0,Official
2025-11,2025,11,2025-11-28,SSA2,Glucosa 1500mg Red Sach1x30,10.0,4,40.0,Official
2025-11,2025,11,2025-11-28,SSA3,Glucosa 1500mg Red Sach1x30,10.0,54,540.0,Official
2025-11,2025,11,2025-11-28,SSA5,Glucosa 1500mg Red Sach1x30,10.0,57,570.0,Official
2025-11,2025,11,2025-11-28,SSA6,Glucosa 1500mg Red Sach1x30,10.0,17,170.0,Official
2025-11,2025,11,2025-11-28,SSA7,Glucosa 1500mg Red Sach1x30,10.0,15,150.0,Official
2025-11,2025,11,2025-11-28,SSA1,Glucosa-500mg Cap/BI BDC,10.0,50,500.0,Official
2025-11,2025,11,2025-11-28,SSA2,Glucosa-500mg Cap/BI BDC,10.0,1,10.0,Official
2025-11,2025,11,2025-11-28,SSA3,Glucosa-500mg Cap/BI BDC,10.0,35,350.0,Official
2025-11,2025,11,2025-11-28,SSA5,Glucosa-500mg Cap/BI BDC,10.0,17,170.0,Official
2025-11,2025,11,2025-11-28,SSA6,Glucosa-500mg Cap/BI BDC,10.0,12,120.0,Official
2025-11,2025,11,2025-11-28,SSA7,Glucosa-500mg Cap/BI BDC,10.0,7,70.0,Official
2025-11,2025,11,2025-11-28,SSA1,Glucosa 1500mg Lemon Sach BDC 30ຊອງ/ກ,10.0,21,210.0,Official
2025-11,2025,11,2025-11-28,SSA3,Glucosa 1500mg Lemon Sach BDC 30ຊອງ/ກ,10.0,9,90.0,Official
2025-11,2025,11,2025-11-28,SSA5,Glucosa 1500mg Lemon Sach BDC 30ຊອງ/ກ,10.0,11,110.0,Official
2025-11,2025,11,2025-11-28,SSA6,Glucosa 1500mg Lemon Sach BDC 30ຊອງ/ກ,10.0,8,80.0,Official
2025-11,2025,11,2025-11-28,SSA7,Glucosa 1500mg Lemon Sach BDC 30ຊອງ/ກ,10.0,6,60.0,Official
2025-11,2025,11,2025-11-28,SSA2,Prozeus 15 10Sach,10.0,1,10.0,Official
2025-11,2025,11,2025-11-28,SSA5,Prozeus 15 10Sach,10.0,1,10.0,Official
2025-11,2025,11,2025-11-28,SSA6,Prozeus 15 10Sach,10.0,9,90.0,Official
2025-11,2025,11,2025-11-28,SSA7,Prozeus 15 10Sach,10.0,13,130.0,Official
2025-11,2025,11,2025-11-28,SSA3,Prozeus 15 (ກະປ໋ອງ),20.0,3,60.0,Official
2025-11,2025,11,2025-11-28,SSA5,Prozeus 15 (ກະປ໋ອງ),20.0,2,40.0,Official
2025-11,2025,11,2025-11-28,SSA6,Prozeus 15 (ກະປ໋ອງ),20.0,2,40.0,Official
2025-11,2025,11,2025-11-28,SSA7,Prozeus 15 (ກະປ໋ອງ),20.0,8,160.0,Official
2025-11,2025,11,2025-11-28,SSA1,Tristan (etoricoxib) 90mg,2.0,6,12.0,Official
2025-11,2025,11,2025-11-28,SSA3,Tristan (etoricoxib) 90mg,2.0,15,30.0,Official
2025-11,2025,11,2025-11-28,SSA5,Tristan (etoricoxib) 90mg,2.0,9,18.0,Official
2025-11,2025,11,2025-11-28,SSA6,Tristan (etoricoxib) 90mg,2.0,19,38.0,Official
2025-11,2025,11,2025-11-28,SSA7,Tristan (etoricoxib) 90mg,2.0,14,28.0,Official
2025-11,2025,11,2025-11-28,SSA1,Gastro bismol 524,5.0,81,405.0,Official
2025-11,2025,11,2025-11-28,SSA3,Gastro bismol 524,5.0,23,115.0,Official
2025-11,2025,11,2025-11-28,SSA5,Gastro bismol 524,5.0,46,230.0,Official
2025-11,2025,11,2025-11-28,SSA6,Gastro bismol 524,5.0,14,70.0,Official
2025-11,2025,11,2025-11-28,SSA7,Gastro bismol 524,5.0,54,270.0,Official
2025-11,2025,11,2025-11-28,SSA1,Finasteride 1mg (3BI/Box),20.0,6,120.0,Official
2025-11,2025,11,2025-11-28,SSA5,Finasteride 1mg (3BI/Box),20.0,10,200.0,Official
2025-11,2025,11,2025-11-28,SSA6,Finasteride 1mg (3BI/Box),20.0,2,40.0,Official
2025-11,2025,11,2025-11-28,SSA1,Nacoxib 90 mg,5.0,116,580.0,Official
2025-11,2025,11,2025-11-28,SSA2,Nacoxib 90 mg,5.0,10,50.0,Official
2025-11,2025,11,2025-11-28,SSA3,Nacoxib 90 mg,5.0,81,405.0,Official
2025-11,2025,11,2025-11-28,SSA5,Nacoxib 90 mg,5.0,144,720.0,Official
2025-11,2025,11,2025-11-28,SSA6,Nacoxib 90 mg,5.0,19,95.0,Official
2025-11,2025,11,2025-11-28,SSA7,Nacoxib 90 mg,5.0,44,220.0,Official
2025-11,2025,11,2025-11-28,SSA1,Diabederm Cream 10% 35g,5.0,13,65.0,Official
2025-11,2025,11,2025-11-28,SSA2,Diabederm Cream 10% 35g,5.0,2,10.0,Official
2025-11,2025,11,2025-11-28,SSA3,Diabederm Cream 10% 35g,5.0,27,135.0,Official
2025-11,2025,11,2025-11-28,SSA5,Diabederm Cream 10% 35g,5.0,27,135.0,Official
2025-11,2025,11,2025-11-28,SSA6,Diabederm Cream 10% 35g,5.0,8,40.0,Official
2025-11,2025,11,2025-11-28,SSA7,Diabederm Cream 10% 35g,5.0,29,145.0,Official
2025-11,2025,11,2025-11-28,SSA1,Diabederm Cream 20% 35g,5.0,57,285.0,Official
2025-11,2025,11,2025-11-28,SSA2,Diabederm Cream 20% 35g,5.0,5,25.0,Official
2025-11,2025,11,2025-11-28,SSA3,Diabederm Cream 20% 35g,5.0,19,95.0,Official
2025-11,2025,11,2025-11-28,SSA5,Diabederm Cream 20% 35g,5.0,19,95.0,Official
2025-11,2025,11,2025-11-28,SSA6,Diabederm Cream 20% 35g,5.0,6,30.0,Official
2025-11,2025,11,2025-11-28,SSA7,Diabederm Cream 20% 35g,5.0,36,180.0,Official
2025-11,2025,11,2025-11-28,SSA1,Zentozide 1x4's,3.0,2,6.0,Official
2025-11,2025,11,2025-11-28,SSA5,Zentozide 1x4's,3.0,1,3.0,Official
2025-11,2025,11,2025-11-28,SSA7,Zentozide 1x4's,3.0,2,6.0,Official
2025-11,2025,11,2025-11-28,SSA1,Precius 6x10's,25.0,16,400.0,Official
2025-11,2025,11,2025-11-28,SSA3,Precius 6x10's,25.0,11,275.0,Official
2025-11,2025,11,2025-11-28,SSA5,Precius 6x10's,25.0,17,425.0,Official
2025-11,2025,11,2025-11-28,SSA6,Precius 6x10's,25.0,2,50.0,Official
2025-11,2025,11,2025-11-28,SSA7,Precius 6x10's,25.0,2,50.0,Official
2025-11,2025,11,2025-11-28,SSA1,Clena TM EX (Anti melasma) 15g,10.0,45,450.0,Official
2025-11,2025,11,2025-11-28,SSA3,Clena TM EX (Anti melasma) 15g,10.0,35,350.0,Official
2025-11,2025,11,2025-11-28,SSA5,Clena TM EX (Anti melasma) 15g,10.0,31,310.0,Official
2025-11,2025,11,2025-11-28,SSA6,Clena TM EX (Anti melasma) 15g,10.0,21,210.0,Official
2025-11,2025,11,2025-11-28,SSA7,Clena TM EX (Anti melasma) 15g,10.0,11,110.0,Official
2025-12,2025,12,2025-12-28,SSA1,Capsika 0.0125%gel 35g BDC,5.0,24,120.0,Official
2025-12,2025,12,2025-12-28,SSA3,Capsika 0.0125%gel 35g BDC,5.0,13,65.0,Official
2025-12,2025,12,2025-12-28,SSA5,Capsika 0.0125%gel 35g BDC,5.0,25,125.0,Official
2025-12,2025,12,2025-12-28,SSA6,Capsika 0.0125%gel 35g BDC,5.0,2,10.0,Official
2025-12,2025,12,2025-12-28,SSA7,Capsika 0.0125%gel 35g BDC,5.0,10,50.0,Official
2025-12,2025,12,2025-12-28,SSA1,Capsika-25 (0.025%) Gel 35g,5.0,55,275.0,Official
2025-12,2025,12,2025-12-28,SSA2,Capsika-25 (0.025%) Gel 35g,5.0,1,5.0,Official
2025-12,2025,12,2025-12-28,SSA3,Capsika-25 (0.025%) Gel 35g,5.0,17,85.0,Official
2025-12,2025,12,2025-12-28,SSA5,Capsika-25 (0.025%) Gel 35g,5.0,28,140.0,Official
2025-12,2025,12,2025-12-28,SSA6,Capsika-25 (0.025%) Gel 35g,5.0,1,5.0,Official
2025-12,2025,12,2025-12-28,SSA7,Capsika-25 (0.025%) Gel 35g,5.0,46,230.0,Official
2025-12,2025,12,2025-12-28,SSA1,Capsika-25 Lotion Spray 100ml,10.0,2,20.0,Official
2025-12,2025,12,2025-12-28,SSA2,Capsika-25 Lotion Spray 100ml,10.0,2,20.0,Official
2025-12,2025,12,2025-12-28,SSA3,Capsika-25 Lotion Spray 100ml,10.0,1,10.0,Official
2025-12,2025,12,2025-12-28,SSA5,Capsika-25 Lotion Spray 100ml,10.0,18,180.0,Official
2025-12,2025,12,2025-12-28,SSA6,Capsika-25 Lotion Spray 100ml,10.0,1,10.0,Official
2025-12,2025,12,2025-12-28,SSA1,AROTIKA Rub 35g BDC,5.0,25,125.0,Official
2025-12,2025,12,2025-12-28,SSA2,AROTIKA Rub 35g BDC,5.0,2,10.0,Official
2025-12,2025,12,2025-12-28,SSA3,AROTIKA Rub 35g BDC,5.0,14,70.0,Official
2025-12,2025,12,2025-12-28,SSA5,AROTIKA Rub 35g BDC,5.0,2,10.0,Official
2025-12,2025,12,2025-12-28,SSA6,AROTIKA Rub 35g BDC,5.0,23,115.0,Official
2025-12,2025,12,2025-12-28,SSA7,AROTIKA Rub 35g BDC,5.0,10,50.0,Official
2025-12,2025,12,2025-12-28,SSA1,AROTIKA Rub SprayPak 60ml BDC,10.0,15,150.0,Official
2025-12,2025,12,2025-12-28,SSA3,AROTIKA Rub SprayPak 60ml BDC,10.0,11,110.0,Official
2025-12,2025,12,2025-12-28,SSA6,AROTIKA Rub SprayPak 60ml BDC,10.0,7,70.0,Official
2025-12,2025,12,2025-12-28,SSA7,AROTIKA Rub SprayPak 60ml BDC,10.0,4,40.0,Official
2025-12,2025,12,2025-12-28,SSA1,AROTIKA Rub Location 80ml,10.0,2,20.0,Official
2025-12,2025,12,2025-12-28,SSA3,AROTIKA Rub Location 80ml,10.0,6,60.0,Official
2025-12,2025,12,2025-12-28,SSA5,AROTIKA Rub Location 80ml,10.0,13,130.0,Official
2025-12,2025,12,2025-12-28,SSA7,AROTIKA Rub Location 80ml,10.0,6,60.0,Official
2025-12,2025,12,2025-12-28,SSA1,Plaivana cream 14% 35g BDC,5.0,33,165.0,Official
2025-12,2025,12,2025-12-28,SSA2,Plaivana cream 14% 35g BDC,5.0,1,5.0,Official
2025-12,2025,12,2025-12-28,SSA3,Plaivana cream 14% 35g BDC,5.0,8,40.0,Official
2025-12,2025,12,2025-12-28,SSA5,Plaivana cream 14% 35g BDC,5.0,15,75.0,Official
2025-12,2025,12,2025-12-28,SSA6,Plaivana cream 14% 35g BDC,5.0,6,30.0,Official
2025-12,2025,12,2025-12-28,SSA7,Plaivana cream 14% 35g BDC,5.0,11,55.0,Official
2025-12,2025,12,2025-12-28,SSA1,Arotika cool spay 60ml,10.0,25,250.0,Official
2025-12,2025,12,2025-12-28,SSA3,Arotika cool spay 60ml,10.0,8,80.0,Official
2025-12,2025,12,2025-12-28,SSA5,Arotika cool spay 60ml,10.0,27,270.0,Official
2025-12,2025,12,2025-12-28,SSA6,Arotika cool spay 60ml,10.0,13,130.0,Official
2025-12,2025,12,2025-12-28,SSA7,Arotika cool spay 60ml,10.0,7,70.0,Official
2025-12,2025,12,2025-12-28,SSA1,Clenascar gel 15g BDC,10.0,4,40.0,Official
2025-12,2025,12,2025-12-28,SSA2,Clenascar gel 15g BDC,10.0,1,10.0,Official
2025-12,2025,12,2025-12-28,SSA3,Clenascar gel 15g BDC,10.0,4,40.0,Official
2025-12,2025,12,2025-12-28,SSA5,Clenascar gel 15g BDC,10.0,4,40.0,Official
2025-12,2025,12,2025-12-28,SSA6,Clenascar gel 15g BDC,10.0,12,120.0,Official
2025-12,2025,12,2025-12-28,SSA7,Clenascar gel 15g BDC,10.0,2,20.0,Official
2025-12,2025,12,2025-12-28,SSA1,Glucosa 1500mg Red Sach1x30,10.0,74,740.0,Official
2025-12,2025,12,2025-12-28,SSA2,Glucosa 1500mg Red Sach1x30,10.0,3,30.0,Official
2025-12,2025,12,2025-12-28,SSA3,Glucosa 1500mg Red Sach1x30,10.0,63,630.0,Official
2025-12,2025,12,2025-12-28,SSA5,Glucosa 1500mg Red Sach1x30,10.0,41,410.0,Official
2025-12,2025,12,2025-12-28,SSA6,Glucosa 1500mg Red Sach1x30,10.0,16,160.0,Official
2025-12,2025,12,2025-12-28,SSA7,Glucosa 1500mg Red Sach1x30,10.0,23,230.0,Official
2025-12,2025,12,2025-12-28,SSA1,Glucosa-500mg Cap/BI BDC,10.0,50,500.0,Official
2025-12,2025,12,2025-12-28,SSA2,Glucosa-500mg Cap/BI BDC,10.0,3,30.0,Official
2025-12,2025,12,2025-12-28,SSA3,Glucosa-500mg Cap/BI BDC,10.0,40,400.0,Official
2025-12,2025,12,2025-12-28,SSA5,Glucosa-500mg Cap/BI BDC,10.0,34,340.0,Official
2025-12,2025,12,2025-12-28,SSA6,Glucosa-500mg Cap/BI BDC,10.0,18,180.0,Official
2025-12,2025,12,2025-12-28,SSA7,Glucosa-500mg Cap/BI BDC,10.0,18,180.0,Official
2025-12,2025,12,2025-12-28,SSA1,Glucosa 1500mg Lemon Sach BDC 30ຊອງ/ກ,10.0,1,10.0,Official
2025-12,2025,12,2025-12-28,SSA1,Prozeus 15 10Sach,10.0,7,70.0,Official
2025-12,2025,12,2025-12-28,SSA3,Prozeus 15 10Sach,10.0,9,90.0,Official
2025-12,2025,12,2025-12-28,SSA5,Prozeus 15 10Sach,10.0,2,20.0,Official
2025-12,2025,12,2025-12-28,SSA6,Prozeus 15 10Sach,10.0,8,80.0,Official
2025-12,2025,12,2025-12-28,SSA7,Prozeus 15 10Sach,10.0,15,150.0,Official
2025-12,2025,12,2025-12-28,SSA1,Prozeus 15 (ກະປ໋ອງ),20.0,4,80.0,Official
2025-12,2025,12,2025-12-28,SSA3,Prozeus 15 (ກະປ໋ອງ),20.0,3,60.0,Official
2025-12,2025,12,2025-12-28,SSA5,Prozeus 15 (ກະປ໋ອງ),20.0,4,80.0,Official
2025-12,2025,12,2025-12-28,SSA6,Prozeus 15 (ກະປ໋ອງ),20.0,3,60.0,Official
2025-12,2025,12,2025-12-28,SSA7,Prozeus 15 (ກະປ໋ອງ),20.0,1,20.0,Official
2025-12,2025,12,2025-12-28,SSA1,Tristan (etoricoxib) 90mg,2.0,15,30.0,Official
2025-12,2025,12,2025-12-28,SSA3,Tristan (etoricoxib) 90mg,2.0,22,44.0,Official
2025-12,2025,12,2025-12-28,SSA5,Tristan (etoricoxib) 90mg,2.0,12,24.0,Official
2025-12,2025,12,2025-12-28,SSA6,Tristan (etoricoxib) 90mg,2.0,10,20.0,Official
2025-12,2025,12,2025-12-28,SSA7,Tristan (etoricoxib) 90mg,2.0,12,24.0,Official
2025-12,2025,12,2025-12-28,SSA1,Gastro bismol 524,5.0,54,270.0,Official
2025-12,2025,12,2025-12-28,SSA3,Gastro bismol 524,5.0,10,50.0,Official
2025-12,2025,12,2025-12-28,SSA5,Gastro bismol 524,5.0,59,295.0,Official
2025-12,2025,12,2025-12-28,SSA6,Gastro bismol 524,5.0,2,10.0,Official
2025-12,2025,12,2025-12-28,SSA7,Gastro bismol 524,5.0,82,410.0,Official
2025-12,2025,12,2025-12-28,SSA1,Finasteride 1mg (3BI/Box),20.0,12,240.0,Official
2025-12,2025,12,2025-12-28,SSA3,Finasteride 1mg (3BI/Box),20.0,11,220.0,Official
2025-12,2025,12,2025-12-28,SSA5,Finasteride 1mg (3BI/Box),20.0,4,80.0,Official
2025-12,2025,12,2025-12-28,SSA6,Finasteride 1mg (3BI/Box),20.0,2,40.0,Official
2025-12,2025,12,2025-12-28,SSA7,Finasteride 1mg (3BI/Box),20.0,9,180.0,Official
2025-12,2025,12,2025-12-28,SSA1,Nacoxib 90 mg,5.0,96,480.0,Official
2025-12,2025,12,2025-12-28,SSA2,Nacoxib 90 mg,5.0,11,55.0,Official
2025-12,2025,12,2025-12-28,SSA3,Nacoxib 90 mg,5.0,98,490.0,Official
2025-12,2025,12,2025-12-28,SSA5,Nacoxib 90 mg,5.0,134,670.0,Official
2025-12,2025,12,2025-12-28,SSA6,Nacoxib 90 mg,5.0,20,100.0,Official
2025-12,2025,12,2025-12-28,SSA7,Nacoxib 90 mg,5.0,37,185.0,Official
2025-12,2025,12,2025-12-28,SSA1,Diabederm Cream 10% 35g,5.0,32,160.0,Official
2025-12,2025,12,2025-12-28,SSA2,Diabederm Cream 10% 35g,5.0,1,5.0,Official
2025-12,2025,12,2025-12-28,SSA3,Diabederm Cream 10% 35g,5.0,5,25.0,Official
2025-12,2025,12,2025-12-28,SSA5,Diabederm Cream 10% 35g,5.0,20,100.0,Official
2025-12,2025,12,2025-12-28,SSA6,Diabederm Cream 10% 35g,5.0,10,50.0,Official
2025-12,2025,12,2025-12-28,SSA7,Diabederm Cream 10% 35g,5.0,21,105.0,Official
2025-12,2025,12,2025-12-28,SSA1,Diabederm Cream 20% 35g,5.0,65,325.0,Official
2025-12,2025,12,2025-12-28,SSA2,Diabederm Cream 20% 35g,5.0,5,25.0,Official
2025-12,2025,12,2025-12-28,SSA3,Diabederm Cream 20% 35g,5.0,6,30.0,Official
2025-12,2025,12,2025-12-28,SSA5,Diabederm Cream 20% 35g,5.0,22,110.0,Official
2025-12,2025,12,2025-12-28,SSA6,Diabederm Cream 20% 35g,5.0,9,45.0,Official
2025-12,2025,12,2025-12-28,SSA7,Diabederm Cream 20% 35g,5.0,19,95.0,Official
2025-12,2025,12,2025-12-28,SSA1,Zentozide 1x4's,3.0,4,12.0,Official
2025-12,2025,12,2025-12-28,SSA5,Zentozide 1x4's,3.0,6,18.0,Official
2025-12,2025,12,2025-12-28,SSA1,Precius 6x10's,25.0,27,675.0,Official
2025-12,2025,12,2025-12-28,SSA3,Precius 6x10's,25.0,15,375.0,Official
2025-12,2025,12,2025-12-28,SSA5,Precius 6x10's,25.0,44,1100.0,Official
2025-12,2025,12,2025-12-28,SSA6,Precius 6x10's,25.0,3,75.0,Official
2025-12,2025,12,2025-12-28,SSA7,Precius 6x10's,25.0,4,100.0,Official
2025-12,2025,12,2025-12-28,SSA1,Clena TM EX (Anti melasma) 15g,10.0,37,370.0,Official
2025-12,2025,12,2025-12-28,SSA2,Clena TM EX (Anti melasma) 15g,10.0,9,90.0,Official
2025-12,2025,12,2025-12-28,SSA3,Clena TM EX (Anti melasma) 15g,10.0,26,260.0,Official
2025-12,2025,12,2025-12-28,SSA5,Clena TM EX (Anti melasma) 15g,10.0,34,340.0,Official
2025-12,2025,12,2025-12-28,SSA6,Clena TM EX (Anti melasma) 15g,10.0,16,160.0,Official
2025-12,2025,12,2025-12-28,SSA7,Clena TM EX (Anti melasma) 15g,10.0,15,150.0,Official
2026-01,2026,1,2026-01-28,SSA1,Capsika 0.0125%gel 35g BDC,5.0,33,165.0,Official
2026-01,2026,1,2026-01-28,SSA2,Capsika 0.0125%gel 35g BDC,5.0,3,15.0,Official
2026-01,2026,1,2026-01-28,SSA3,Capsika 0.0125%gel 35g BDC,5.0,14,70.0,Official
2026-01,2026,1,2026-01-28,SSA5,Capsika 0.0125%gel 35g BDC,5.0,41,205.0,Official
2026-01,2026,1,2026-01-28,SSA6,Capsika 0.0125%gel 35g BDC,5.0,2,10.0,Official
2026-01,2026,1,2026-01-28,SSA7,Capsika 0.0125%gel 35g BDC,5.0,39,195.0,Official
2026-01,2026,1,2026-01-28,SSA1,Capsika-25 (0.025%) Gel 35g,5.0,96,480.0,Official
2026-01,2026,1,2026-01-28,SSA3,Capsika-25 (0.025%) Gel 35g,5.0,20,100.0,Official
2026-01,2026,1,2026-01-28,SSA5,Capsika-25 (0.025%) Gel 35g,5.0,30,150.0,Official
2026-01,2026,1,2026-01-28,SSA6,Capsika-25 (0.025%) Gel 35g,5.0,2,10.0,Official
2026-01,2026,1,2026-01-28,SSA7,Capsika-25 (0.025%) Gel 35g,5.0,34,170.0,Official
2026-01,2026,1,2026-01-28,SSA1,Capsika-25 Lotion Spray 100ml,10.0,15,150.0,Official
2026-01,2026,1,2026-01-28,SSA1,AROTIKA Rub 35g BDC,5.0,33,165.0,Official
2026-01,2026,1,2026-01-28,SSA3,AROTIKA Rub 35g BDC,5.0,7,35.0,Official
2026-01,2026,1,2026-01-28,SSA5,AROTIKA Rub 35g BDC,5.0,9,45.0,Official
2026-01,2026,1,2026-01-28,SSA6,AROTIKA Rub 35g BDC,5.0,12,60.0,Official
2026-01,2026,1,2026-01-28,SSA7,AROTIKA Rub 35g BDC,5.0,9,45.0,Official
2026-01,2026,1,2026-01-28,SSA1,AROTIKA Rub SprayPak 60ml BDC,10.0,30,300.0,Official
2026-01,2026,1,2026-01-28,SSA3,AROTIKA Rub SprayPak 60ml BDC,10.0,11,110.0,Official
2026-01,2026,1,2026-01-28,SSA5,AROTIKA Rub SprayPak 60ml BDC,10.0,14,140.0,Official
2026-01,2026,1,2026-01-28,SSA6,AROTIKA Rub SprayPak 60ml BDC,10.0,5,50.0,Official
2026-01,2026,1,2026-01-28,SSA7,AROTIKA Rub SprayPak 60ml BDC,10.0,13,130.0,Official
2026-01,2026,1,2026-01-28,SSA1,AROTIKA Rub Location 80ml,10.0,3,30.0,Official
2026-01,2026,1,2026-01-28,SSA3,AROTIKA Rub Location 80ml,10.0,3,30.0,Official
2026-01,2026,1,2026-01-28,SSA5,AROTIKA Rub Location 80ml,10.0,12,120.0,Official
2026-01,2026,1,2026-01-28,SSA7,AROTIKA Rub Location 80ml,10.0,3,30.0,Official
2026-01,2026,1,2026-01-28,SSA1,Plaivana cream 14% 35g BDC,5.0,25,125.0,Official
2026-01,2026,1,2026-01-28,SSA2,Plaivana cream 14% 35g BDC,5.0,1,5.0,Official
2026-01,2026,1,2026-01-28,SSA3,Plaivana cream 14% 35g BDC,5.0,15,75.0,Official
2026-01,2026,1,2026-01-28,SSA5,Plaivana cream 14% 35g BDC,5.0,5,25.0,Official
2026-01,2026,1,2026-01-28,SSA6,Plaivana cream 14% 35g BDC,5.0,4,20.0,Official
2026-01,2026,1,2026-01-28,SSA7,Plaivana cream 14% 35g BDC,5.0,8,40.0,Official
2026-01,2026,1,2026-01-28,SSA1,Arotika cool spay 60ml,10.0,33,330.0,Official
2026-01,2026,1,2026-01-28,SSA3,Arotika cool spay 60ml,10.0,11,110.0,Official
2026-01,2026,1,2026-01-28,SSA5,Arotika cool spay 60ml,10.0,41,410.0,Official
2026-01,2026,1,2026-01-28,SSA6,Arotika cool spay 60ml,10.0,6,60.0,Official
2026-01,2026,1,2026-01-28,SSA7,Arotika cool spay 60ml,10.0,13,130.0,Official
2026-01,2026,1,2026-01-28,SSA1,Clenascar gel 15g BDC,10.0,1,10.0,Official
2026-01,2026,1,2026-01-28,SSA2,Clenascar gel 15g BDC,10.0,2,20.0,Official
2026-01,2026,1,2026-01-28,SSA3,Clenascar gel 15g BDC,10.0,2,20.0,Official
2026-01,2026,1,2026-01-28,SSA5,Clenascar gel 15g BDC,10.0,5,50.0,Official
2026-01,2026,1,2026-01-28,SSA6,Clenascar gel 15g BDC,10.0,28,280.0,Official
2026-01,2026,1,2026-01-28,SSA1,Glucosa 1500mg Red Sach1x30,10.0,65,650.0,Official
2026-01,2026,1,2026-01-28,SSA3,Glucosa 1500mg Red Sach1x30,10.0,46,460.0,Official
2026-01,2026,1,2026-01-28,SSA5,Glucosa 1500mg Red Sach1x30,10.0,70,700.0,Official
2026-01,2026,1,2026-01-28,SSA6,Glucosa 1500mg Red Sach1x30,10.0,16,160.0,Official
2026-01,2026,1,2026-01-28,SSA7,Glucosa 1500mg Red Sach1x30,10.0,28,280.0,Official
2026-01,2026,1,2026-01-28,SSA1,Glucosa-500mg Cap/BI BDC,10.0,48,480.0,Official
2026-01,2026,1,2026-01-28,SSA2,Glucosa-500mg Cap/BI BDC,10.0,2,20.0,Official
2026-01,2026,1,2026-01-28,SSA3,Glucosa-500mg Cap/BI BDC,10.0,34,340.0,Official
2026-01,2026,1,2026-01-28,SSA5,Glucosa-500mg Cap/BI BDC,10.0,30,300.0,Official
2026-01,2026,1,2026-01-28,SSA6,Glucosa-500mg Cap/BI BDC,10.0,16,160.0,Official
2026-01,2026,1,2026-01-28,SSA7,Glucosa-500mg Cap/BI BDC,10.0,10,100.0,Official
2026-01,2026,1,2026-01-28,SSA1,Glucosa 1500mg Lemon Sach BDC 30ຊອງ/ກ,10.0,15,150.0,Official
2026-01,2026,1,2026-01-28,SSA2,Glucosa 1500mg Lemon Sach BDC 30ຊອງ/ກ,10.0,1,10.0,Official
2026-01,2026,1,2026-01-28,SSA3,Glucosa 1500mg Lemon Sach BDC 30ຊອງ/ກ,10.0,23,230.0,Official
2026-01,2026,1,2026-01-28,SSA5,Glucosa 1500mg Lemon Sach BDC 30ຊອງ/ກ,10.0,16,160.0,Official
2026-01,2026,1,2026-01-28,SSA6,Glucosa 1500mg Lemon Sach BDC 30ຊອງ/ກ,10.0,9,90.0,Official
2026-01,2026,1,2026-01-28,SSA7,Glucosa 1500mg Lemon Sach BDC 30ຊອງ/ກ,10.0,2,20.0,Official
2026-01,2026,1,2026-01-28,SSA1,Prozeus 15 10Sach,10.0,6,60.0,Official
2026-01,2026,1,2026-01-28,SSA3,Prozeus 15 10Sach,10.0,1,10.0,Official
2026-01,2026,1,2026-01-28,SSA5,Prozeus 15 10Sach,10.0,3,30.0,Official
2026-01,2026,1,2026-01-28,SSA7,Prozeus 15 10Sach,10.0,15,150.0,Official
2026-01,2026,1,2026-01-28,SSA1,Prozeus 15 (ກະປ໋ອງ),20.0,6,120.0,Official
2026-01,2026,1,2026-01-28,SSA3,Prozeus 15 (ກະປ໋ອງ),20.0,2,40.0,Official
2026-01,2026,1,2026-01-28,SSA6,Prozeus 15 (ກະປ໋ອງ),20.0,5,100.0,Official
2026-01,2026,1,2026-01-28,SSA7,Prozeus 15 (ກະປ໋ອງ),20.0,6,120.0,Official
2026-01,2026,1,2026-01-28,SSA1,Tristan (etoricoxib) 90mg,2.0,36,72.0,Official
2026-01,2026,1,2026-01-28,SSA3,Tristan (etoricoxib) 90mg,2.0,5,10.0,Official
2026-01,2026,1,2026-01-28,SSA5,Tristan (etoricoxib) 90mg,2.0,19,38.0,Official
2026-01,2026,1,2026-01-28,SSA6,Tristan (etoricoxib) 90mg,2.0,7,14.0,Official
2026-01,2026,1,2026-01-28,SSA7,Tristan (etoricoxib) 90mg,2.0,9,18.0,Official
2026-01,2026,1,2026-01-28,SSA1,Gastro bismol 524,5.0,59,295.0,Official
2026-01,2026,1,2026-01-28,SSA3,Gastro bismol 524,5.0,40,200.0,Official
2026-01,2026,1,2026-01-28,SSA5,Gastro bismol 524,5.0,182,910.0,Official
2026-01,2026,1,2026-01-28,SSA6,Gastro bismol 524,5.0,8,40.0,Official
2026-01,2026,1,2026-01-28,SSA7,Gastro bismol 524,5.0,146,730.0,Official
2026-01,2026,1,2026-01-28,SSA1,Finasteride 1mg (3BI/Box),20.0,27,540.0,Official
2026-01,2026,1,2026-01-28,SSA3,Finasteride 1mg (3BI/Box),20.0,17,340.0,Official
2026-01,2026,1,2026-01-28,SSA5,Finasteride 1mg (3BI/Box),20.0,13,260.0,Official
2026-01,2026,1,2026-01-28,SSA6,Finasteride 1mg (3BI/Box),20.0,1,20.0,Official
2026-01,2026,1,2026-01-28,SSA7,Finasteride 1mg (3BI/Box),20.0,9,180.0,Official
2026-01,2026,1,2026-01-28,SSA1,Nacoxib 90 mg,5.0,97,485.0,Official
2026-01,2026,1,2026-01-28,SSA2,Nacoxib 90 mg,5.0,4,20.0,Official
2026-01,2026,1,2026-01-28,SSA3,Nacoxib 90 mg,5.0,103,515.0,Official
2026-01,2026,1,2026-01-28,SSA5,Nacoxib 90 mg,5.0,111,555.0,Official
2026-01,2026,1,2026-01-28,SSA6,Nacoxib 90 mg,5.0,25,125.0,Official
2026-01,2026,1,2026-01-28,SSA7,Nacoxib 90 mg,5.0,54,270.0,Official
2026-01,2026,1,2026-01-28,SSA1,Diabederm Cream 10% 35g,10.0,18,180.0,Official
2026-01,2026,1,2026-01-28,SSA3,Diabederm Cream 10% 35g,10.0,22,220.0,Official
2026-01,2026,1,2026-01-28,SSA5,Diabederm Cream 10% 35g,10.0,20,200.0,Official
2026-01,2026,1,2026-01-28,SSA6,Diabederm Cream 10% 35g,10.0,16,160.0,Official
2026-01,2026,1,2026-01-28,SSA7,Diabederm Cream 10% 35g,10.0,57,570.0,Official
2026-01,2026,1,2026-01-28,SSA1,Diabederm Cream 20% 35g,10.0,36,360.0,Official
2026-01,2026,1,2026-01-28,SSA2,Diabederm Cream 20% 35g,10.0,5,50.0,Official
2026-01,2026,1,2026-01-28,SSA3,Diabederm Cream 20% 35g,10.0,21,210.0,Official
2026-01,2026,1,2026-01-28,SSA5,Diabederm Cream 20% 35g,10.0,16,160.0,Official
2026-01,2026,1,2026-01-28,SSA6,Diabederm Cream 20% 35g,10.0,9,90.0,Official
2026-01,2026,1,2026-01-28,SSA7,Diabederm Cream 20% 35g,10.0,29,290.0,Official
2026-01,2026,1,2026-01-28,SSA1,Zentozide 1x4's,3.0,9,27.0,Official
2026-01,2026,1,2026-01-28,SSA5,Zentozide 1x4's,3.0,24,72.0,Official
2026-01,2026,1,2026-01-28,SSA7,Zentozide 1x4's,3.0,11,33.0,Official
2026-01,2026,1,2026-01-28,SSA1,Precius 6x10's,25.0,23,575.0,Official
2026-01,2026,1,2026-01-28,SSA3,Precius 6x10's,25.0,21,525.0,Official
2026-01,2026,1,2026-01-28,SSA5,Precius 6x10's,25.0,20,500.0,Official
2026-01,2026,1,2026-01-28,SSA6,Precius 6x10's,25.0,1,25.0,Official
2026-01,2026,1,2026-01-28,SSA7,Precius 6x10's,25.0,4,100.0,Official
2026-01,2026,1,2026-01-28,SSA1,Clena TM EX (Anti melasma) 15g,10.0,46,460.0,Official
2026-01,2026,1,2026-01-28,SSA2,Clena TM EX (Anti melasma) 15g,10.0,1,10.0,Official
2026-01,2026,1,2026-01-28,SSA3,Clena TM EX (Anti melasma) 15g,10.0,25,250.0,Official
2026-01,2026,1,2026-01-28,SSA5,Clena TM EX (Anti melasma) 15g,10.0,20,200.0,Official
2026-01,2026,1,2026-01-28,SSA6,Clena TM EX (Anti melasma) 15g,10.0,22,220.0,Official
2026-01,2026,1,2026-01-28,SSA7,Clena TM EX (Anti melasma) 15g,10.0,18,180.0,Official
2026-02,2026,2,2026-02-28,SSA1,Capsika 0.0125%gel 35g BDC,5.0,61,305.0,Official
2026-02,2026,2,2026-02-28,SSA2,Capsika 0.0125%gel 35g BDC,5.0,3,15.0,Official
2026-02,2026,2,2026-02-28,SSA3,Capsika 0.0125%gel 35g BDC,5.0,20,100.0,Official
2026-02,2026,2,2026-02-28,SSA5,Capsika 0.0125%gel 35g BDC,5.0,28,140.0,Official
2026-02,2026,2,2026-02-28,SSA6,Capsika 0.0125%gel 35g BDC,5.0,4,20.0,Official
2026-02,2026,2,2026-02-28,SSA7,Capsika 0.0125%gel 35g BDC,5.0,39,195.0,Official
2026-02,2026,2,2026-02-28,SSA1,Capsika-25 (0.025%) Gel 35g,5.0,52,260.0,Official
2026-02,2026,2,2026-02-28,SSA2,Capsika-25 (0.025%) Gel 35g,5.0,2,10.0,Official
2026-02,2026,2,2026-02-28,SSA3,Capsika-25 (0.025%) Gel 35g,5.0,14,70.0,Official
2026-02,2026,2,2026-02-28,SSA5,Capsika-25 (0.025%) Gel 35g,5.0,20,100.0,Official
2026-02,2026,2,2026-02-28,SSA6,Capsika-25 (0.025%) Gel 35g,5.0,6,30.0,Official
2026-02,2026,2,2026-02-28,SSA7,Capsika-25 (0.025%) Gel 35g,5.0,31,155.0,Official
2026-02,2026,2,2026-02-28,SSA1,Capsika-25 Lotion Spray 100ml,10.0,10,100.0,Official
2026-02,2026,2,2026-02-28,SSA1,AROTIKA Rub 35g BDC,5.0,16,80.0,Official
2026-02,2026,2,2026-02-28,SSA2,AROTIKA Rub 35g BDC,5.0,1,5.0,Official
2026-02,2026,2,2026-02-28,SSA3,AROTIKA Rub 35g BDC,5.0,7,35.0,Official
2026-02,2026,2,2026-02-28,SSA5,AROTIKA Rub 35g BDC,5.0,10,50.0,Official
2026-02,2026,2,2026-02-28,SSA6,AROTIKA Rub 35g BDC,5.0,9,45.0,Official
2026-02,2026,2,2026-02-28,SSA7,AROTIKA Rub 35g BDC,5.0,11,55.0,Official
2026-02,2026,2,2026-02-28,SSA1,AROTIKA Rub SprayPak 60ml BDC,10.0,75,750.0,Official
2026-02,2026,2,2026-02-28,SSA2,AROTIKA Rub SprayPak 60ml BDC,10.0,2,20.0,Official
2026-02,2026,2,2026-02-28,SSA3,AROTIKA Rub SprayPak 60ml BDC,10.0,8,80.0,Official
2026-02,2026,2,2026-02-28,SSA5,AROTIKA Rub SprayPak 60ml BDC,10.0,20,200.0,Official
2026-02,2026,2,2026-02-28,SSA6,AROTIKA Rub SprayPak 60ml BDC,10.0,9,90.0,Official
2026-02,2026,2,2026-02-28,SSA7,AROTIKA Rub SprayPak 60ml BDC,10.0,13,130.0,Official
2026-02,2026,2,2026-02-28,SSA1,AROTIKA Rub Location 80ml,10.0,8,80.0,Official
2026-02,2026,2,2026-02-28,SSA3,AROTIKA Rub Location 80ml,10.0,6,60.0,Official
2026-02,2026,2,2026-02-28,SSA5,AROTIKA Rub Location 80ml,10.0,3,30.0,Official
2026-02,2026,2,2026-02-28,SSA7,AROTIKA Rub Location 80ml,10.0,3,30.0,Official
2026-02,2026,2,2026-02-28,SSA1,Plaivana cream 14% 35g BDC,5.0,17,85.0,Official
2026-02,2026,2,2026-02-28,SSA2,Plaivana cream 14% 35g BDC,5.0,5,25.0,Official
2026-02,2026,2,2026-02-28,SSA3,Plaivana cream 14% 35g BDC,5.0,8,40.0,Official
2026-02,2026,2,2026-02-28,SSA5,Plaivana cream 14% 35g BDC,5.0,6,30.0,Official
2026-02,2026,2,2026-02-28,SSA6,Plaivana cream 14% 35g BDC,5.0,3,15.0,Official
2026-02,2026,2,2026-02-28,SSA7,Plaivana cream 14% 35g BDC,5.0,10,50.0,Official
2026-02,2026,2,2026-02-28,SSA1,Arotika cool spay 60ml,10.0,24,240.0,Official
2026-02,2026,2,2026-02-28,SSA2,Arotika cool spay 60ml,10.0,3,30.0,Official
2026-02,2026,2,2026-02-28,SSA3,Arotika cool spay 60ml,10.0,5,50.0,Official
2026-02,2026,2,2026-02-28,SSA5,Arotika cool spay 60ml,10.0,32,320.0,Official
2026-02,2026,2,2026-02-28,SSA6,Arotika cool spay 60ml,10.0,10,100.0,Official
2026-02,2026,2,2026-02-28,SSA7,Arotika cool spay 60ml,10.0,14,140.0,Official
2026-02,2026,2,2026-02-28,SSA1,Clenascar gel 15g BDC,10.0,5,50.0,Official
2026-02,2026,2,2026-02-28,SSA2,Clenascar gel 15g BDC,10.0,2,20.0,Official
2026-02,2026,2,2026-02-28,SSA3,Clenascar gel 15g BDC,10.0,3,30.0,Official
2026-02,2026,2,2026-02-28,SSA6,Clenascar gel 15g BDC,10.0,11,110.0,Official
2026-02,2026,2,2026-02-28,SSA7,Clenascar gel 15g BDC,10.0,3,30.0,Official
2026-02,2026,2,2026-02-28,SSA1,Glucosa 1500mg Red Sach1x30,10.0,54,540.0,Official
2026-02,2026,2,2026-02-28,SSA2,Glucosa 1500mg Red Sach1x30,10.0,1,10.0,Official
2026-02,2026,2,2026-02-28,SSA3,Glucosa 1500mg Red Sach1x30,10.0,40,400.0,Official
2026-02,2026,2,2026-02-28,SSA5,Glucosa 1500mg Red Sach1x30,10.0,58,580.0,Official
2026-02,2026,2,2026-02-28,SSA6,Glucosa 1500mg Red Sach1x30,10.0,17,170.0,Official
2026-02,2026,2,2026-02-28,SSA7,Glucosa 1500mg Red Sach1x30,10.0,21,210.0,Official
2026-02,2026,2,2026-02-28,SSA1,Glucosa-500mg Cap/BI BDC,10.0,43,430.0,Official
2026-02,2026,2,2026-02-28,SSA2,Glucosa-500mg Cap/BI BDC,10.0,2,20.0,Official
2026-02,2026,2,2026-02-28,SSA3,Glucosa-500mg Cap/BI BDC,10.0,31,310.0,Official
2026-02,2026,2,2026-02-28,SSA5,Glucosa-500mg Cap/BI BDC,10.0,25,250.0,Official
2026-02,2026,2,2026-02-28,SSA6,Glucosa-500mg Cap/BI BDC,10.0,12,120.0,Official
2026-02,2026,2,2026-02-28,SSA7,Glucosa-500mg Cap/BI BDC,10.0,15,150.0,Official
2026-02,2026,2,2026-02-28,SSA1,Glucosa 1500mg Lemon Sach BDC 30ຊອງ/ກ,10.0,23,230.0,Official
2026-02,2026,2,2026-02-28,SSA3,Glucosa 1500mg Lemon Sach BDC 30ຊອງ/ກ,10.0,18,180.0,Official
2026-02,2026,2,2026-02-28,SSA5,Glucosa 1500mg Lemon Sach BDC 30ຊອງ/ກ,10.0,17,170.0,Official
2026-02,2026,2,2026-02-28,SSA6,Glucosa 1500mg Lemon Sach BDC 30ຊອງ/ກ,10.0,4,40.0,Official
2026-02,2026,2,2026-02-28,SSA7,Glucosa 1500mg Lemon Sach BDC 30ຊອງ/ກ,10.0,11,110.0,Official
2026-02,2026,2,2026-02-28,SSA1,Prozeus 15 10Sach,10.0,2,20.0,Official
2026-02,2026,2,2026-02-28,SSA5,Prozeus 15 10Sach,10.0,9,90.0,Official
2026-02,2026,2,2026-02-28,SSA6,Prozeus 15 10Sach,10.0,7,70.0,Official
2026-02,2026,2,2026-02-28,SSA7,Prozeus 15 10Sach,10.0,12,120.0,Official
2026-02,2026,2,2026-02-28,SSA1,Prozeus 15 (ກະປ໋ອງ),20.0,4,80.0,Official
2026-02,2026,2,2026-02-28,SSA3,Prozeus 15 (ກະປ໋ອງ),20.0,2,40.0,Official
2026-02,2026,2,2026-02-28,SSA5,Prozeus 15 (ກະປ໋ອງ),20.0,5,100.0,Official
2026-02,2026,2,2026-02-28,SSA6,Prozeus 15 (ກະປ໋ອງ),20.0,3,60.0,Official
2026-02,2026,2,2026-02-28,SSA7,Prozeus 15 (ກະປ໋ອງ),20.0,3,60.0,Official
2026-02,2026,2,2026-02-28,SSA1,Tristan (etoricoxib) 90mg,2.0,71,142.0,Official
2026-02,2026,2,2026-02-28,SSA3,Tristan (etoricoxib) 90mg,2.0,8,16.0,Official
2026-02,2026,2,2026-02-28,SSA5,Tristan (etoricoxib) 90mg,2.0,17,34.0,Official
2026-02,2026,2,2026-02-28,SSA6,Tristan (etoricoxib) 90mg,2.0,12,24.0,Official
2026-02,2026,2,2026-02-28,SSA7,Tristan (etoricoxib) 90mg,2.0,6,12.0,Official
2026-02,2026,2,2026-02-28,SSA1,Gastro bismol 524,5.0,24,120.0,Official
2026-02,2026,2,2026-02-28,SSA3,Gastro bismol 524,5.0,17,85.0,Official
2026-02,2026,2,2026-02-28,SSA5,Gastro bismol 524,5.0,148,740.0,Official
2026-02,2026,2,2026-02-28,SSA6,Gastro bismol 524,5.0,3,15.0,Official
2026-02,2026,2,2026-02-28,SSA7,Gastro bismol 524,5.0,97,485.0,Official
2026-02,2026,2,2026-02-28,SSA1,Finasteride 1mg (3BI/Box),20.0,18,360.0,Official
2026-02,2026,2,2026-02-28,SSA3,Finasteride 1mg (3BI/Box),20.0,66,1320.0,Official
2026-02,2026,2,2026-02-28,SSA5,Finasteride 1mg (3BI/Box),20.0,30,600.0,Official
2026-02,2026,2,2026-02-28,SSA6,Finasteride 1mg (3BI/Box),20.0,6,120.0,Official
2026-02,2026,2,2026-02-28,SSA7,Finasteride 1mg (3BI/Box),20.0,42,840.0,Official
2026-02,2026,2,2026-02-28,SSA1,Nacoxib 90 mg,5.0,81,405.0,Official
2026-02,2026,2,2026-02-28,SSA2,Nacoxib 90 mg,5.0,2,10.0,Official
2026-02,2026,2,2026-02-28,SSA3,Nacoxib 90 mg,5.0,58,290.0,Official
2026-02,2026,2,2026-02-28,SSA5,Nacoxib 90 mg,5.0,91,455.0,Official
2026-02,2026,2,2026-02-28,SSA6,Nacoxib 90 mg,5.0,21,105.0,Official
2026-02,2026,2,2026-02-28,SSA7,Nacoxib 90 mg,5.0,40,200.0,Official
2026-02,2026,2,2026-02-28,SSA1,Diabederm Cream 10% 35g,10.0,14,140.0,Official
2026-02,2026,2,2026-02-28,SSA2,Diabederm Cream 10% 35g,10.0,3,30.0,Official
2026-02,2026,2,2026-02-28,SSA3,Diabederm Cream 10% 35g,10.0,26,260.0,Official
2026-02,2026,2,2026-02-28,SSA5,Diabederm Cream 10% 35g,10.0,21,210.0,Official
2026-02,2026,2,2026-02-28,SSA6,Diabederm Cream 10% 35g,10.0,8,80.0,Official
2026-02,2026,2,2026-02-28,SSA7,Diabederm Cream 10% 35g,10.0,15,150.0,Official
2026-02,2026,2,2026-02-28,SSA1,Diabederm Cream 20% 35g,10.0,37,370.0,Official
2026-02,2026,2,2026-02-28,SSA2,Diabederm Cream 20% 35g,10.0,7,70.0,Official
2026-02,2026,2,2026-02-28,SSA3,Diabederm Cream 20% 35g,10.0,41,410.0,Official
2026-02,2026,2,2026-02-28,SSA5,Diabederm Cream 20% 35g,10.0,15,150.0,Official
2026-02,2026,2,2026-02-28,SSA6,Diabederm Cream 20% 35g,10.0,9,90.0,Official
2026-02,2026,2,2026-02-28,SSA7,Diabederm Cream 20% 35g,10.0,14,140.0,Official
2026-02,2026,2,2026-02-28,SSA1,Zentozide 1x4's,3.0,6,18.0,Official
2026-02,2026,2,2026-02-28,SSA5,Zentozide 1x4's,3.0,15,45.0,Official
2026-02,2026,2,2026-02-28,SSA7,Zentozide 1x4's,3.0,1,3.0,Official
2026-02,2026,2,2026-02-28,SSA1,Precius 6x10's,25.0,13,325.0,Official
2026-02,2026,2,2026-02-28,SSA3,Precius 6x10's,25.0,5,125.0,Official
2026-02,2026,2,2026-02-28,SSA5,Precius 6x10's,25.0,5,125.0,Official
2026-02,2026,2,2026-02-28,SSA1,Clena TM EX (Anti melasma) 15g,10.0,42,420.0,Official
2026-02,2026,2,2026-02-28,SSA3,Clena TM EX (Anti melasma) 15g,10.0,27,270.0,Official
2026-02,2026,2,2026-02-28,SSA5,Clena TM EX (Anti melasma) 15g,10.0,35,350.0,Official
2026-02,2026,2,2026-02-28,SSA6,Clena TM EX (Anti melasma) 15g,10.0,21,210.0,Official
2026-02,2026,2,2026-02-28,SSA7,Clena TM EX (Anti melasma) 15g,10.0,21,210.0,Official
2026-03,2026,3,2026-03-28,SSA1,Capsika 0.0125%gel 35g BDC,5.0,57,285.0,Official
2026-03,2026,3,2026-03-28,SSA2,Capsika 0.0125%gel 35g BDC,5.0,1,5.0,Official
2026-03,2026,3,2026-03-28,SSA3,Capsika 0.0125%gel 35g BDC,5.0,10,50.0,Official
2026-03,2026,3,2026-03-28,SSA5,Capsika 0.0125%gel 35g BDC,5.0,34,170.0,Official
2026-03,2026,3,2026-03-28,SSA6,Capsika 0.0125%gel 35g BDC,5.0,3,15.0,Official
2026-03,2026,3,2026-03-28,SSA7,Capsika 0.0125%gel 35g BDC,5.0,8,40.0,Official
2026-03,2026,3,2026-03-28,SSA1,Capsika-25 (0.025%) Gel 35g,5.0,28,140.0,Official
2026-03,2026,3,2026-03-28,SSA2,Capsika-25 (0.025%) Gel 35g,5.0,1,5.0,Official
2026-03,2026,3,2026-03-28,SSA3,Capsika-25 (0.025%) Gel 35g,5.0,6,30.0,Official
2026-03,2026,3,2026-03-28,SSA5,Capsika-25 (0.025%) Gel 35g,5.0,44,220.0,Official
2026-03,2026,3,2026-03-28,SSA6,Capsika-25 (0.025%) Gel 35g,5.0,8,40.0,Official
2026-03,2026,3,2026-03-28,SSA7,Capsika-25 (0.025%) Gel 35g,5.0,17,85.0,Official
2026-03,2026,3,2026-03-28,SSA1,Capsika-25 Lotion Spray 100ml,10.0,32,320.0,Official
2026-03,2026,3,2026-03-28,SSA5,Capsika-25 Lotion Spray 100ml,10.0,3,30.0,Official
2026-03,2026,3,2026-03-28,SSA6,Capsika-25 Lotion Spray 100ml,10.0,2,20.0,Official
2026-03,2026,3,2026-03-28,SSA1,AROTIKA Rub 35g BDC,5.0,29,145.0,Official
2026-03,2026,3,2026-03-28,SSA3,AROTIKA Rub 35g BDC,5.0,12,60.0,Official
2026-03,2026,3,2026-03-28,SSA5,AROTIKA Rub 35g BDC,5.0,13,65.0,Official
2026-03,2026,3,2026-03-28,SSA6,AROTIKA Rub 35g BDC,5.0,10,50.0,Official
2026-03,2026,3,2026-03-28,SSA7,AROTIKA Rub 35g BDC,5.0,7,35.0,Official
2026-03,2026,3,2026-03-28,SSA1,AROTIKA Rub SprayPak 60ml BDC,10.0,20,200.0,Official
2026-03,2026,3,2026-03-28,SSA3,AROTIKA Rub SprayPak 60ml BDC,10.0,7,70.0,Official
2026-03,2026,3,2026-03-28,SSA5,AROTIKA Rub SprayPak 60ml BDC,10.0,15,150.0,Official
2026-03,2026,3,2026-03-28,SSA6,AROTIKA Rub SprayPak 60ml BDC,10.0,2,20.0,Official
2026-03,2026,3,2026-03-28,SSA7,AROTIKA Rub SprayPak 60ml BDC,10.0,6,60.0,Official
2026-03,2026,3,2026-03-28,SSA1,AROTIKA Rub Location 80ml,10.0,8,80.0,Official
2026-03,2026,3,2026-03-28,SSA3,AROTIKA Rub Location 80ml,10.0,3,30.0,Official
2026-03,2026,3,2026-03-28,SSA5,AROTIKA Rub Location 80ml,10.0,3,30.0,Official
2026-03,2026,3,2026-03-28,SSA7,AROTIKA Rub Location 80ml,10.0,1,10.0,Official
2026-03,2026,3,2026-03-28,SSA1,Plaivana cream 14% 35g BDC,5.0,13,65.0,Official
2026-03,2026,3,2026-03-28,SSA2,Plaivana cream 14% 35g BDC,5.0,1,5.0,Official
2026-03,2026,3,2026-03-28,SSA3,Plaivana cream 14% 35g BDC,5.0,12,60.0,Official
2026-03,2026,3,2026-03-28,SSA5,Plaivana cream 14% 35g BDC,5.0,40,200.0,Official
2026-03,2026,3,2026-03-28,SSA6,Plaivana cream 14% 35g BDC,5.0,2,10.0,Official
2026-03,2026,3,2026-03-28,SSA7,Plaivana cream 14% 35g BDC,5.0,18,90.0,Official
2026-03,2026,3,2026-03-28,SSA1,Arotika cool spay 60ml,10.0,19,190.0,Official
2026-03,2026,3,2026-03-28,SSA3,Arotika cool spay 60ml,10.0,6,60.0,Official
2026-03,2026,3,2026-03-28,SSA5,Arotika cool spay 60ml,10.0,22,220.0,Official
2026-03,2026,3,2026-03-28,SSA6,Arotika cool spay 60ml,10.0,19,190.0,Official
2026-03,2026,3,2026-03-28,SSA7,Arotika cool spay 60ml,10.0,4,40.0,Official
2026-03,2026,3,2026-03-28,SSA1,Clenascar gel 15g BDC,10.0,1,10.0,Official
2026-03,2026,3,2026-03-28,SSA2,Clenascar gel 15g BDC,10.0,5,50.0,Official
2026-03,2026,3,2026-03-28,SSA3,Clenascar gel 15g BDC,10.0,2,20.0,Official
2026-03,2026,3,2026-03-28,SSA5,Clenascar gel 15g BDC,10.0,4,40.0,Official
2026-03,2026,3,2026-03-28,SSA6,Clenascar gel 15g BDC,10.0,20,200.0,Official
2026-03,2026,3,2026-03-28,SSA7,Clenascar gel 15g BDC,10.0,7,70.0,Official
2026-03,2026,3,2026-03-28,SSA1,Glucosa 1500mg Red Sach1x30,10.0,103,1030.0,Official
2026-03,2026,3,2026-03-28,SSA2,Glucosa 1500mg Red Sach1x30,10.0,2,20.0,Official
2026-03,2026,3,2026-03-28,SSA3,Glucosa 1500mg Red Sach1x30,10.0,50,500.0,Official
2026-03,2026,3,2026-03-28,SSA5,Glucosa 1500mg Red Sach1x30,10.0,74,740.0,Official
2026-03,2026,3,2026-03-28,SSA6,Glucosa 1500mg Red Sach1x30,10.0,16,160.0,Official
2026-03,2026,3,2026-03-28,SSA7,Glucosa 1500mg Red Sach1x30,10.0,25,250.0,Official
2026-03,2026,3,2026-03-28,SSA1,Glucosa-500mg Cap/BI BDC,10.0,47,470.0,Official
2026-03,2026,3,2026-03-28,SSA3,Glucosa-500mg Cap/BI BDC,10.0,57,570.0,Official
2026-03,2026,3,2026-03-28,SSA5,Glucosa-500mg Cap/BI BDC,10.0,23,230.0,Official
2026-03,2026,3,2026-03-28,SSA6,Glucosa-500mg Cap/BI BDC,10.0,17,170.0,Official
2026-03,2026,3,2026-03-28,SSA7,Glucosa-500mg Cap/BI BDC,10.0,15,150.0,Official
2026-03,2026,3,2026-03-28,SSA1,Glucosa 1500mg Lemon Sach BDC 30ຊອງ/ກ,10.0,29,290.0,Official
2026-03,2026,3,2026-03-28,SSA2,Glucosa 1500mg Lemon Sach BDC 30ຊອງ/ກ,10.0,5,50.0,Official
2026-03,2026,3,2026-03-28,SSA3,Glucosa 1500mg Lemon Sach BDC 30ຊອງ/ກ,10.0,28,280.0,Official
2026-03,2026,3,2026-03-28,SSA5,Glucosa 1500mg Lemon Sach BDC 30ຊອງ/ກ,10.0,13,130.0,Official
2026-03,2026,3,2026-03-28,SSA6,Glucosa 1500mg Lemon Sach BDC 30ຊອງ/ກ,10.0,6,60.0,Official
2026-03,2026,3,2026-03-28,SSA7,Glucosa 1500mg Lemon Sach BDC 30ຊອງ/ກ,10.0,11,110.0,Official
2026-03,2026,3,2026-03-28,SSA1,Prozeus 15 10Sach,10.0,1,10.0,Official
2026-03,2026,3,2026-03-28,SSA3,Prozeus 15 10Sach,10.0,1,10.0,Official
2026-03,2026,3,2026-03-28,SSA5,Prozeus 15 10Sach,10.0,5,50.0,Official
2026-03,2026,3,2026-03-28,SSA6,Prozeus 15 10Sach,10.0,9,90.0,Official
2026-03,2026,3,2026-03-28,SSA7,Prozeus 15 10Sach,10.0,12,120.0,Official
2026-03,2026,3,2026-03-28,SSA1,Prozeus 15 (ກະປ໋ອງ),20.0,4,80.0,Official
2026-03,2026,3,2026-03-28,SSA3,Prozeus 15 (ກະປ໋ອງ),20.0,2,40.0,Official
2026-03,2026,3,2026-03-28,SSA5,Prozeus 15 (ກະປ໋ອງ),20.0,6,120.0,Official
2026-03,2026,3,2026-03-28,SSA6,Prozeus 15 (ກະປ໋ອງ),20.0,2,40.0,Official
2026-03,2026,3,2026-03-28,SSA7,Prozeus 15 (ກະປ໋ອງ),20.0,2,40.0,Official
2026-03,2026,3,2026-03-28,SSA1,Tristan (etoricoxib) 90mg,2.0,21,42.0,Official
2026-03,2026,3,2026-03-28,SSA3,Tristan (etoricoxib) 90mg,2.0,9,18.0,Official
2026-03,2026,3,2026-03-28,SSA5,Tristan (etoricoxib) 90mg,2.0,8,16.0,Official
2026-03,2026,3,2026-03-28,SSA6,Tristan (etoricoxib) 90mg,2.0,8,16.0,Official
2026-03,2026,3,2026-03-28,SSA1,Gastro bismol 524,5.0,36,180.0,Official
2026-03,2026,3,2026-03-28,SSA3,Gastro bismol 524,5.0,6,30.0,Official
2026-03,2026,3,2026-03-28,SSA5,Gastro bismol 524,5.0,140,700.0,Official
2026-03,2026,3,2026-03-28,SSA6,Gastro bismol 524,5.0,8,40.0,Official
2026-03,2026,3,2026-03-28,SSA7,Gastro bismol 524,5.0,59,295.0,Official
2026-03,2026,3,2026-03-28,SSA1,Finasteride 1mg (3BI/Box),20.0,63,1260.0,Official
2026-03,2026,3,2026-03-28,SSA3,Finasteride 1mg (3BI/Box),20.0,45,900.0,Official
2026-03,2026,3,2026-03-28,SSA5,Finasteride 1mg (3BI/Box),20.0,51,1020.0,Official
2026-03,2026,3,2026-03-28,SSA6,Finasteride 1mg (3BI/Box),20.0,9,180.0,Official
2026-03,2026,3,2026-03-28,SSA7,Finasteride 1mg (3BI/Box),20.0,39,780.0,Official
2026-03,2026,3,2026-03-28,SSA1,Nacoxib 90 mg,5.0,79,395.0,Official
2026-03,2026,3,2026-03-28,SSA2,Nacoxib 90 mg,5.0,2,10.0,Official
2026-03,2026,3,2026-03-28,SSA3,Nacoxib 90 mg,5.0,80,400.0,Official
2026-03,2026,3,2026-03-28,SSA5,Nacoxib 90 mg,5.0,85,425.0,Official
2026-03,2026,3,2026-03-28,SSA6,Nacoxib 90 mg,5.0,14,70.0,Official
2026-03,2026,3,2026-03-28,SSA7,Nacoxib 90 mg,5.0,39,195.0,Official
2026-03,2026,3,2026-03-28,SSA1,Diabederm Cream 10% 35g,5.0,23,115.0,Official
2026-03,2026,3,2026-03-28,SSA2,Diabederm Cream 10% 35g,5.0,4,20.0,Official
2026-03,2026,3,2026-03-28,SSA3,Diabederm Cream 10% 35g,5.0,19,95.0,Official
2026-03,2026,3,2026-03-28,SSA5,Diabederm Cream 10% 35g,5.0,24,120.0,Official
2026-03,2026,3,2026-03-28,SSA6,Diabederm Cream 10% 35g,5.0,20,100.0,Official
2026-03,2026,3,2026-03-28,SSA7,Diabederm Cream 10% 35g,5.0,41,205.0,Official
2026-03,2026,3,2026-03-28,SSA1,Diabederm Cream 20% 35g,5.0,43,215.0,Official
2026-03,2026,3,2026-03-28,SSA2,Diabederm Cream 20% 35g,5.0,7,35.0,Official
2026-03,2026,3,2026-03-28,SSA3,Diabederm Cream 20% 35g,5.0,38,190.0,Official
2026-03,2026,3,2026-03-28,SSA5,Diabederm Cream 20% 35g,5.0,20,100.0,Official
2026-03,2026,3,2026-03-28,SSA6,Diabederm Cream 20% 35g,5.0,19,95.0,Official
2026-03,2026,3,2026-03-28,SSA7,Diabederm Cream 20% 35g,5.0,47,235.0,Official
2026-03,2026,3,2026-03-28,SSA1,Zentozide 1x4's,3.0,12,36.0,Official
2026-03,2026,3,2026-03-28,SSA5,Zentozide 1x4's,3.0,25,75.0,Official
2026-03,2026,3,2026-03-28,SSA1,Precius 6x10's,25.0,14,350.0,Official
2026-03,2026,3,2026-03-28,SSA3,Precius 6x10's,25.0,15,375.0,Official
2026-03,2026,3,2026-03-28,SSA5,Precius 6x10's,25.0,12,300.0,Official
2026-03,2026,3,2026-03-28,SSA1,Clena TM EX (Anti melasma) 15g,10.0,82,820.0,Official
2026-03,2026,3,2026-03-28,SSA2,Clena TM EX (Anti melasma) 15g,10.0,7,70.0,Official
2026-03,2026,3,2026-03-28,SSA3,Clena TM EX (Anti melasma) 15g,10.0,68,680.0,Official
2026-03,2026,3,2026-03-28,SSA5,Clena TM EX (Anti melasma) 15g,10.0,98,980.0,Official
2026-03,2026,3,2026-03-28,SSA6,Clena TM EX (Anti melasma) 15g,10.0,41,410.0,Official
2026-03,2026,3,2026-03-28,SSA7,Clena TM EX (Anti melasma) 15g,10.0,48,480.0,Official
2026-04,2026,4,2026-04-28,SSA1,Capsika 0.0125%gel 35g BDC,5.0,16,80.0,Official
2026-04,2026,4,2026-04-28,SSA3,Capsika 0.0125%gel 35g BDC,5.0,9,45.0,Official
2026-04,2026,4,2026-04-28,SSA5,Capsika 0.0125%gel 35g BDC,5.0,15,75.0,Official
2026-04,2026,4,2026-04-28,SSA6,Capsika 0.0125%gel 35g BDC,5.0,2,10.0,Official
2026-04,2026,4,2026-04-28,SSA7,Capsika 0.0125%gel 35g BDC,5.0,16,80.0,Official
2026-04,2026,4,2026-04-28,SSA1,Capsika-25 (0.025%) Gel 35g,5.0,32,160.0,Official
2026-04,2026,4,2026-04-28,SSA2,Capsika-25 (0.025%) Gel 35g,5.0,14,70.0,Official
2026-04,2026,4,2026-04-28,SSA3,Capsika-25 (0.025%) Gel 35g,5.0,19,95.0,Official
2026-04,2026,4,2026-04-28,SSA5,Capsika-25 (0.025%) Gel 35g,5.0,49,245.0,Official
2026-04,2026,4,2026-04-28,SSA6,Capsika-25 (0.025%) Gel 35g,5.0,8,40.0,Official
2026-04,2026,4,2026-04-28,SSA7,Capsika-25 (0.025%) Gel 35g,5.0,47,235.0,Official
2026-04,2026,4,2026-04-28,SSA5,Capsika-25 Lotion Spray 100ml,10.0,7,70.0,Official
2026-04,2026,4,2026-04-28,SSA1,AROTIKA Rub 35g BDC,5.0,26,130.0,Official
2026-04,2026,4,2026-04-28,SSA3,AROTIKA Rub 35g BDC,5.0,13,65.0,Official
2026-04,2026,4,2026-04-28,SSA5,AROTIKA Rub 35g BDC,5.0,20,100.0,Official
2026-04,2026,4,2026-04-28,SSA6,AROTIKA Rub 35g BDC,5.0,11,55.0,Official
2026-04,2026,4,2026-04-28,SSA7,AROTIKA Rub 35g BDC,5.0,14,70.0,Official
2026-04,2026,4,2026-04-28,SSA1,AROTIKA Rub SprayPak 60ml BDC,10.0,18,180.0,Official
2026-04,2026,4,2026-04-28,SSA3,AROTIKA Rub SprayPak 60ml BDC,10.0,8,80.0,Official
2026-04,2026,4,2026-04-28,SSA5,AROTIKA Rub SprayPak 60ml BDC,10.0,21,210.0,Official
2026-04,2026,4,2026-04-28,SSA6,AROTIKA Rub SprayPak 60ml BDC,10.0,8,80.0,Official
2026-04,2026,4,2026-04-28,SSA7,AROTIKA Rub SprayPak 60ml BDC,10.0,11,110.0,Official
2026-04,2026,4,2026-04-28,SSA1,AROTIKA Rub Location 80ml,10.0,7,70.0,Official
2026-04,2026,4,2026-04-28,SSA3,AROTIKA Rub Location 80ml,10.0,6,60.0,Official
2026-04,2026,4,2026-04-28,SSA5,AROTIKA Rub Location 80ml,10.0,12,120.0,Official
2026-04,2026,4,2026-04-28,SSA6,AROTIKA Rub Location 80ml,10.0,1,10.0,Official
2026-04,2026,4,2026-04-28,SSA7,AROTIKA Rub Location 80ml,10.0,1,10.0,Official
2026-04,2026,4,2026-04-28,SSA1,Plaivana cream 14% 35g BDC,5.0,10,50.0,Official
2026-04,2026,4,2026-04-28,SSA2,Plaivana cream 14% 35g BDC,5.0,1,5.0,Official
2026-04,2026,4,2026-04-28,SSA3,Plaivana cream 14% 35g BDC,5.0,32,160.0,Official
2026-04,2026,4,2026-04-28,SSA5,Plaivana cream 14% 35g BDC,5.0,20,100.0,Official
2026-04,2026,4,2026-04-28,SSA7,Plaivana cream 14% 35g BDC,5.0,21,105.0,Official
2026-04,2026,4,2026-04-28,SSA1,Arotika cool spay 60ml,10.0,21,210.0,Official
2026-04,2026,4,2026-04-28,SSA2,Arotika cool spay 60ml,10.0,3,30.0,Official
2026-04,2026,4,2026-04-28,SSA3,Arotika cool spay 60ml,10.0,8,80.0,Official
2026-04,2026,4,2026-04-28,SSA5,Arotika cool spay 60ml,10.0,11,110.0,Official
2026-04,2026,4,2026-04-28,SSA6,Arotika cool spay 60ml,10.0,14,140.0,Official
2026-04,2026,4,2026-04-28,SSA7,Arotika cool spay 60ml,10.0,6,60.0,Official
2026-04,2026,4,2026-04-28,SSA3,Clenascar gel 15g BDC,10.0,3,30.0,Official
2026-04,2026,4,2026-04-28,SSA5,Clenascar gel 15g BDC,10.0,4,40.0,Official
2026-04,2026,4,2026-04-28,SSA6,Clenascar gel 15g BDC,10.0,16,160.0,Official
2026-04,2026,4,2026-04-28,SSA7,Clenascar gel 15g BDC,10.0,3,30.0,Official
2026-04,2026,4,2026-04-28,SSA1,Glucosa 1500mg Red Sach1x30,10.0,45,450.0,Official
2026-04,2026,4,2026-04-28,SSA2,Glucosa 1500mg Red Sach1x30,10.0,1,10.0,Official
2026-04,2026,4,2026-04-28,SSA3,Glucosa 1500mg Red Sach1x30,10.0,56,560.0,Official
2026-04,2026,4,2026-04-28,SSA5,Glucosa 1500mg Red Sach1x30,10.0,52,520.0,Official
2026-04,2026,4,2026-04-28,SSA6,Glucosa 1500mg Red Sach1x30,10.0,19,190.0,Official
2026-04,2026,4,2026-04-28,SSA7,Glucosa 1500mg Red Sach1x30,10.0,15,150.0,Official
2026-04,2026,4,2026-04-28,SSA1,Glucosa-500mg Cap/BI BDC,10.0,54,540.0,Official
2026-04,2026,4,2026-04-28,SSA3,Glucosa-500mg Cap/BI BDC,10.0,44,440.0,Official
2026-04,2026,4,2026-04-28,SSA5,Glucosa-500mg Cap/BI BDC,10.0,30,300.0,Official
2026-04,2026,4,2026-04-28,SSA6,Glucosa-500mg Cap/BI BDC,10.0,16,160.0,Official
2026-04,2026,4,2026-04-28,SSA7,Glucosa-500mg Cap/BI BDC,10.0,26,260.0,Official
2026-04,2026,4,2026-04-28,SSA1,Glucosa 1500mg Lemon Sach BDC 30ຊອງ/ກ,10.0,17,170.0,Official
2026-04,2026,4,2026-04-28,SSA3,Glucosa 1500mg Lemon Sach BDC 30ຊອງ/ກ,10.0,18,180.0,Official
2026-04,2026,4,2026-04-28,SSA5,Glucosa 1500mg Lemon Sach BDC 30ຊອງ/ກ,10.0,20,200.0,Official
2026-04,2026,4,2026-04-28,SSA6,Glucosa 1500mg Lemon Sach BDC 30ຊອງ/ກ,10.0,12,120.0,Official
2026-04,2026,4,2026-04-28,SSA7,Glucosa 1500mg Lemon Sach BDC 30ຊອງ/ກ,10.0,6,60.0,Official
2026-04,2026,4,2026-04-28,SSA1,Prozeus 15 10Sach,10.0,4,40.0,Official
2026-04,2026,4,2026-04-28,SSA2,Prozeus 15 10Sach,10.0,1,10.0,Official
2026-04,2026,4,2026-04-28,SSA3,Prozeus 15 10Sach,10.0,6,60.0,Official
2026-04,2026,4,2026-04-28,SSA5,Prozeus 15 10Sach,10.0,3,30.0,Official
2026-04,2026,4,2026-04-28,SSA6,Prozeus 15 10Sach,10.0,6,60.0,Official
2026-04,2026,4,2026-04-28,SSA7,Prozeus 15 10Sach,10.0,15,150.0,Official
2026-04,2026,4,2026-04-28,SSA1,Prozeus 15 (ກະປ໋ອງ),20.0,7,140.0,Official
2026-04,2026,4,2026-04-28,SSA5,Prozeus 15 (ກະປ໋ອງ),20.0,7,140.0,Official
2026-04,2026,4,2026-04-28,SSA6,Prozeus 15 (ກະປ໋ອງ),20.0,3,60.0,Official
2026-04,2026,4,2026-04-28,SSA7,Prozeus 15 (ກະປ໋ອງ),20.0,8,160.0,Official
2026-04,2026,4,2026-04-28,SSA1,Tristan (etoricoxib) 90mg,2.0,18,36.0,Official
2026-04,2026,4,2026-04-28,SSA3,Tristan (etoricoxib) 90mg,2.0,74,148.0,Official
2026-04,2026,4,2026-04-28,SSA5,Tristan (etoricoxib) 90mg,2.0,47,94.0,Official
2026-04,2026,4,2026-04-28,SSA6,Tristan (etoricoxib) 90mg,2.0,10,20.0,Official
2026-04,2026,4,2026-04-28,SSA1,Gastro bismol 524,5.0,86,430.0,Official
2026-04,2026,4,2026-04-28,SSA3,Gastro bismol 524,5.0,24,120.0,Official
2026-04,2026,4,2026-04-28,SSA5,Gastro bismol 524,5.0,143,715.0,Official
2026-04,2026,4,2026-04-28,SSA6,Gastro bismol 524,5.0,36,180.0,Official
2026-04,2026,4,2026-04-28,SSA7,Gastro bismol 524,5.0,77,385.0,Official
2026-04,2026,4,2026-04-28,SSA1,Finasteride 1mg (3BI/Box),20.0,27,540.0,Official
2026-04,2026,4,2026-04-28,SSA3,Finasteride 1mg (3BI/Box),20.0,27,540.0,Official
2026-04,2026,4,2026-04-28,SSA5,Finasteride 1mg (3BI/Box),20.0,13,260.0,Official
2026-04,2026,4,2026-04-28,SSA6,Finasteride 1mg (3BI/Box),20.0,7,140.0,Official
2026-04,2026,4,2026-04-28,SSA7,Finasteride 1mg (3BI/Box),20.0,23,460.0,Official
2026-04,2026,4,2026-04-28,SSA1,Nacoxib 90 mg,5.0,86,430.0,Official
2026-04,2026,4,2026-04-28,SSA2,Nacoxib 90 mg,5.0,5,25.0,Official
2026-04,2026,4,2026-04-28,SSA3,Nacoxib 90 mg,5.0,101,505.0,Official
2026-04,2026,4,2026-04-28,SSA5,Nacoxib 90 mg,5.0,71,355.0,Official
2026-04,2026,4,2026-04-28,SSA6,Nacoxib 90 mg,5.0,11,55.0,Official
2026-04,2026,4,2026-04-28,SSA7,Nacoxib 90 mg,5.0,28,140.0,Official
2026-04,2026,4,2026-04-28,SSA1,Diabederm Cream 10% 35g,5.0,8,40.0,Official
2026-04,2026,4,2026-04-28,SSA2,Diabederm Cream 10% 35g,5.0,1,5.0,Official
2026-04,2026,4,2026-04-28,SSA3,Diabederm Cream 10% 35g,5.0,33,165.0,Official
2026-04,2026,4,2026-04-28,SSA5,Diabederm Cream 10% 35g,5.0,21,105.0,Official
2026-04,2026,4,2026-04-28,SSA6,Diabederm Cream 10% 35g,5.0,7,35.0,Official
2026-04,2026,4,2026-04-28,SSA7,Diabederm Cream 10% 35g,5.0,9,45.0,Official
2026-04,2026,4,2026-04-28,SSA1,Diabederm Cream 20% 35g,5.0,18,90.0,Official
2026-04,2026,4,2026-04-28,SSA2,Diabederm Cream 20% 35g,5.0,2,10.0,Official
2026-04,2026,4,2026-04-28,SSA3,Diabederm Cream 20% 35g,5.0,34,170.0,Official
2026-04,2026,4,2026-04-28,SSA5,Diabederm Cream 20% 35g,5.0,27,135.0,Official
2026-04,2026,4,2026-04-28,SSA6,Diabederm Cream 20% 35g,5.0,21,105.0,Official
2026-04,2026,4,2026-04-28,SSA7,Diabederm Cream 20% 35g,5.0,35,175.0,Official
2026-04,2026,4,2026-04-28,SSA1,Zentozide 1x4's,3.0,16,48.0,Official
2026-04,2026,4,2026-04-28,SSA3,Zentozide 1x4's,3.0,2,6.0,Official
2026-04,2026,4,2026-04-28,SSA5,Zentozide 1x4's,3.0,9,27.0,Official
2026-04,2026,4,2026-04-28,SSA1,Precius 6x10's,25.0,14,350.0,Official
2026-04,2026,4,2026-04-28,SSA3,Precius 6x10's,25.0,9,225.0,Official
2026-04,2026,4,2026-04-28,SSA5,Precius 6x10's,25.0,19,475.0,Official
2026-04,2026,4,2026-04-28,SSA7,Precius 6x10's,25.0,7,175.0,Official
2026-04,2026,4,2026-04-28,SSA1,Clena TM EX (Anti melasma) 15g,10.0,69,690.0,Official
2026-04,2026,4,2026-04-28,SSA2,Clena TM EX (Anti melasma) 15g,10.0,9,90.0,Official
2026-04,2026,4,2026-04-28,SSA3,Clena TM EX (Anti melasma) 15g,10.0,65,650.0,Official
2026-04,2026,4,2026-04-28,SSA5,Clena TM EX (Anti melasma) 15g,10.0,94,940.0,Official
2026-04,2026,4,2026-04-28,SSA6,Clena TM EX (Anti melasma) 15g,10.0,45,450.0,Official
2026-04,2026,4,2026-04-28,SSA7,Clena TM EX (Anti melasma) 15g,10.0,47,470.0,Official
2026-05,2026,5,2026-05-28,SSA1,Capsika 0.0125%gel 35g BDC,5.0,36,180.0,Official
2026-05,2026,5,2026-05-28,SSA3,Capsika 0.0125%gel 35g BDC,5.0,12,60.0,Official
2026-05,2026,5,2026-05-28,SSA5,Capsika 0.0125%gel 35g BDC,5.0,119,595.0,Official
2026-05,2026,5,2026-05-28,SSA6,Capsika 0.0125%gel 35g BDC,5.0,2,10.0,Official
2026-05,2026,5,2026-05-28,SSA7,Capsika 0.0125%gel 35g BDC,5.0,2,10.0,Official
2026-05,2026,5,2026-05-28,SSA1,Capsika-25 (0.025%) Gel 35g,5.0,35,175.0,Official
2026-05,2026,5,2026-05-28,SSA2,Capsika-25 (0.025%) Gel 35g,5.0,2,10.0,Official
2026-05,2026,5,2026-05-28,SSA3,Capsika-25 (0.025%) Gel 35g,5.0,6,30.0,Official
2026-05,2026,5,2026-05-28,SSA5,Capsika-25 (0.025%) Gel 35g,5.0,20,100.0,Official
2026-05,2026,5,2026-05-28,SSA6,Capsika-25 (0.025%) Gel 35g,5.0,10,50.0,Official
2026-05,2026,5,2026-05-28,SSA7,Capsika-25 (0.025%) Gel 35g,5.0,26,130.0,Official
2026-05,2026,5,2026-05-28,SSA2,Capsika-25 Lotion Spray 100ml,10.0,1,10.0,Official
2026-05,2026,5,2026-05-28,SSA1,AROTIKA Rub 35g BDC,5.0,22,110.0,Official
2026-05,2026,5,2026-05-28,SSA2,AROTIKA Rub 35g BDC,5.0,11,55.0,Official
2026-05,2026,5,2026-05-28,SSA3,AROTIKA Rub 35g BDC,5.0,12,60.0,Official
2026-05,2026,5,2026-05-28,SSA5,AROTIKA Rub 35g BDC,5.0,21,105.0,Official
2026-05,2026,5,2026-05-28,SSA6,AROTIKA Rub 35g BDC,5.0,22,110.0,Official
2026-05,2026,5,2026-05-28,SSA7,AROTIKA Rub 35g BDC,5.0,6,30.0,Official
2026-05,2026,5,2026-05-28,SSA1,AROTIKA Rub SprayPak 60ml BDC,10.0,33,330.0,Official
2026-05,2026,5,2026-05-28,SSA3,AROTIKA Rub SprayPak 60ml BDC,10.0,11,110.0,Official
2026-05,2026,5,2026-05-28,SSA5,AROTIKA Rub SprayPak 60ml BDC,10.0,28,280.0,Official
2026-05,2026,5,2026-05-28,SSA6,AROTIKA Rub SprayPak 60ml BDC,10.0,5,50.0,Official
2026-05,2026,5,2026-05-28,SSA7,AROTIKA Rub SprayPak 60ml BDC,10.0,22,220.0,Official
2026-05,2026,5,2026-05-28,SSA1,AROTIKA Rub Location 80ml,10.0,3,30.0,Official
2026-05,2026,5,2026-05-28,SSA3,AROTIKA Rub Location 80ml,10.0,1,10.0,Official
2026-05,2026,5,2026-05-28,SSA5,AROTIKA Rub Location 80ml,10.0,3,30.0,Official
2026-05,2026,5,2026-05-28,SSA7,AROTIKA Rub Location 80ml,10.0,2,20.0,Official
2026-05,2026,5,2026-05-28,SSA1,Plaivana cream 14% 35g BDC,5.0,47,235.0,Official
2026-05,2026,5,2026-05-28,SSA3,Plaivana cream 14% 35g BDC,5.0,10,50.0,Official
2026-05,2026,5,2026-05-28,SSA5,Plaivana cream 14% 35g BDC,5.0,42,210.0,Official
2026-05,2026,5,2026-05-28,SSA6,Plaivana cream 14% 35g BDC,5.0,2,10.0,Official
2026-05,2026,5,2026-05-28,SSA7,Plaivana cream 14% 35g BDC,5.0,11,55.0,Official
2026-05,2026,5,2026-05-28,SSA1,Arotika cool spay 60ml,10.0,12,120.0,Official
2026-05,2026,5,2026-05-28,SSA3,Arotika cool spay 60ml,10.0,11,110.0,Official
2026-05,2026,5,2026-05-28,SSA5,Arotika cool spay 60ml,10.0,31,310.0,Official
2026-05,2026,5,2026-05-28,SSA6,Arotika cool spay 60ml,10.0,15,150.0,Official
2026-05,2026,5,2026-05-28,SSA7,Arotika cool spay 60ml,10.0,12,120.0,Official
2026-05,2026,5,2026-05-28,SSA1,Clenascar gel 15g BDC,10.0,7,70.0,Official
2026-05,2026,5,2026-05-28,SSA3,Clenascar gel 15g BDC,10.0,7,70.0,Official
2026-05,2026,5,2026-05-28,SSA5,Clenascar gel 15g BDC,10.0,3,30.0,Official
2026-05,2026,5,2026-05-28,SSA6,Clenascar gel 15g BDC,10.0,11,110.0,Official
2026-05,2026,5,2026-05-28,SSA7,Clenascar gel 15g BDC,10.0,1,10.0,Official
2026-05,2026,5,2026-05-28,SSA1,Glucosa 1500mg Red Sach1x30,10.0,65,650.0,Official
2026-05,2026,5,2026-05-28,SSA2,Glucosa 1500mg Red Sach1x30,10.0,3,30.0,Official
2026-05,2026,5,2026-05-28,SSA3,Glucosa 1500mg Red Sach1x30,10.0,59,590.0,Official
2026-05,2026,5,2026-05-28,SSA5,Glucosa 1500mg Red Sach1x30,10.0,57,570.0,Official
2026-05,2026,5,2026-05-28,SSA6,Glucosa 1500mg Red Sach1x30,10.0,29,290.0,Official
2026-05,2026,5,2026-05-28,SSA7,Glucosa 1500mg Red Sach1x30,10.0,22,220.0,Official
2026-05,2026,5,2026-05-28,SSA1,Glucosa-500mg Cap/BI BDC,10.0,61,610.0,Official
2026-05,2026,5,2026-05-28,SSA3,Glucosa-500mg Cap/BI BDC,10.0,30,300.0,Official
2026-05,2026,5,2026-05-28,SSA5,Glucosa-500mg Cap/BI BDC,10.0,24,240.0,Official
2026-05,2026,5,2026-05-28,SSA6,Glucosa-500mg Cap/BI BDC,10.0,7,70.0,Official
2026-05,2026,5,2026-05-28,SSA7,Glucosa-500mg Cap/BI BDC,10.0,20,200.0,Official
2026-05,2026,5,2026-05-28,SSA1,Glucosa 1500mg Lemon Sach BDC 30ຊອງ/ກ,10.0,32,320.0,Official
2026-05,2026,5,2026-05-28,SSA3,Glucosa 1500mg Lemon Sach BDC 30ຊອງ/ກ,10.0,29,290.0,Official
2026-05,2026,5,2026-05-28,SSA5,Glucosa 1500mg Lemon Sach BDC 30ຊອງ/ກ,10.0,20,200.0,Official
2026-05,2026,5,2026-05-28,SSA6,Glucosa 1500mg Lemon Sach BDC 30ຊອງ/ກ,10.0,7,70.0,Official
2026-05,2026,5,2026-05-28,SSA7,Glucosa 1500mg Lemon Sach BDC 30ຊອງ/ກ,10.0,7,70.0,Official
2026-05,2026,5,2026-05-28,SSA1,Prozeus 15 10Sach,10.0,5,50.0,Official
2026-05,2026,5,2026-05-28,SSA3,Prozeus 15 10Sach,10.0,2,20.0,Official
2026-05,2026,5,2026-05-28,SSA5,Prozeus 15 10Sach,10.0,7,70.0,Official
2026-05,2026,5,2026-05-28,SSA6,Prozeus 15 10Sach,10.0,4,40.0,Official
2026-05,2026,5,2026-05-28,SSA7,Prozeus 15 10Sach,10.0,5,50.0,Official
2026-05,2026,5,2026-05-28,SSA1,Prozeus 15 (ກະປ໋ອງ),20.0,4,80.0,Official
2026-05,2026,5,2026-05-28,SSA3,Prozeus 15 (ກະປ໋ອງ),20.0,6,120.0,Official
2026-05,2026,5,2026-05-28,SSA5,Prozeus 15 (ກະປ໋ອງ),20.0,6,120.0,Official
2026-05,2026,5,2026-05-28,SSA7,Prozeus 15 (ກະປ໋ອງ),20.0,6,120.0,Official
2026-05,2026,5,2026-05-28,SSA1,Tristan (etoricoxib) 90mg,2.0,16,32.0,Official
2026-05,2026,5,2026-05-28,SSA3,Tristan (etoricoxib) 90mg,2.0,67,134.0,Official
2026-05,2026,5,2026-05-28,SSA5,Tristan (etoricoxib) 90mg,2.0,40,80.0,Official
2026-05,2026,5,2026-05-28,SSA6,Tristan (etoricoxib) 90mg,2.0,3,6.0,Official
2026-05,2026,5,2026-05-28,SSA1,Gastro bismol 524,5.0,44,220.0,Official
2026-05,2026,5,2026-05-28,SSA3,Gastro bismol 524,5.0,18,90.0,Official
2026-05,2026,5,2026-05-28,SSA5,Gastro bismol 524,5.0,212,1060.0,Official
2026-05,2026,5,2026-05-28,SSA6,Gastro bismol 524,5.0,7,35.0,Official
2026-05,2026,5,2026-05-28,SSA7,Gastro bismol 524,5.0,108,540.0,Official
2026-05,2026,5,2026-05-28,SSA1,Finasteride 1mg (3BI/Box),20.0,66,1320.0,Official
2026-05,2026,5,2026-05-28,SSA3,Finasteride 1mg (3BI/Box),20.0,54,1080.0,Official
2026-05,2026,5,2026-05-28,SSA5,Finasteride 1mg (3BI/Box),20.0,24,480.0,Official
2026-05,2026,5,2026-05-28,SSA6,Finasteride 1mg (3BI/Box),20.0,9,180.0,Official
2026-05,2026,5,2026-05-28,SSA7,Finasteride 1mg (3BI/Box),20.0,57,1140.0,Official
2026-05,2026,5,2026-05-28,SSA1,Nacoxib 90 mg,5.0,103,515.0,Official
2026-05,2026,5,2026-05-28,SSA2,Nacoxib 90 mg,5.0,7,35.0,Official
2026-05,2026,5,2026-05-28,SSA3,Nacoxib 90 mg,5.0,65,325.0,Official
2026-05,2026,5,2026-05-28,SSA5,Nacoxib 90 mg,5.0,66,330.0,Official
2026-05,2026,5,2026-05-28,SSA6,Nacoxib 90 mg,5.0,22,110.0,Official
2026-05,2026,5,2026-05-28,SSA7,Nacoxib 90 mg,5.0,45,225.0,Official
2026-05,2026,5,2026-05-28,SSA1,Diabederm Cream 10% 35g,5.0,6,30.0,Official
2026-05,2026,5,2026-05-28,SSA2,Diabederm Cream 10% 35g,5.0,2,10.0,Official
2026-05,2026,5,2026-05-28,SSA3,Diabederm Cream 10% 35g,5.0,18,90.0,Official
2026-05,2026,5,2026-05-28,SSA5,Diabederm Cream 10% 35g,5.0,30,150.0,Official
2026-05,2026,5,2026-05-28,SSA6,Diabederm Cream 10% 35g,5.0,17,85.0,Official
2026-05,2026,5,2026-05-28,SSA7,Diabederm Cream 10% 35g,5.0,9,45.0,Official
2026-05,2026,5,2026-05-28,SSA1,Diabederm Cream 20% 35g,5.0,36,180.0,Official
2026-05,2026,5,2026-05-28,SSA2,Diabederm Cream 20% 35g,5.0,3,15.0,Official
2026-05,2026,5,2026-05-28,SSA3,Diabederm Cream 20% 35g,5.0,26,130.0,Official
2026-05,2026,5,2026-05-28,SSA5,Diabederm Cream 20% 35g,5.0,9,45.0,Official
2026-05,2026,5,2026-05-28,SSA6,Diabederm Cream 20% 35g,5.0,11,55.0,Official
2026-05,2026,5,2026-05-28,SSA7,Diabederm Cream 20% 35g,5.0,25,125.0,Official
2026-05,2026,5,2026-05-28,SSA1,Zentozide 1x4's,3.0,5,15.0,Official
2026-05,2026,5,2026-05-28,SSA3,Zentozide 1x4's,3.0,8,24.0,Official
2026-05,2026,5,2026-05-28,SSA5,Zentozide 1x4's,3.0,10,30.0,Official
2026-05,2026,5,2026-05-28,SSA7,Zentozide 1x4's,3.0,4,12.0,Official
2026-05,2026,5,2026-05-28,SSA1,Precius 6x10's,25.0,12,300.0,Official
2026-05,2026,5,2026-05-28,SSA3,Precius 6x10's,25.0,21,525.0,Official
2026-05,2026,5,2026-05-28,SSA5,Precius 6x10's,25.0,18,450.0,Official
2026-05,2026,5,2026-05-28,SSA7,Precius 6x10's,25.0,9,225.0,Official
2026-05,2026,5,2026-05-28,SSA1,Clena TM EX (Anti melasma) 15g,10.0,104,1040.0,Official
2026-05,2026,5,2026-05-28,SSA2,Clena TM EX (Anti melasma) 15g,10.0,10,100.0,Official
2026-05,2026,5,2026-05-28,SSA3,Clena TM EX (Anti melasma) 15g,10.0,87,870.0,Official
2026-05,2026,5,2026-05-28,SSA5,Clena TM EX (Anti melasma) 15g,10.0,81,810.0,Official
2026-05,2026,5,2026-05-28,SSA6,Clena TM EX (Anti melasma) 15g,10.0,43,430.0,Official
2026-05,2026,5,2026-05-28,SSA7,Clena TM EX (Anti melasma) 15g,10.0,39,390.0,Official
2026-05,2026,5,2026-05-28,SSA6,Raqua cleansing gel 80 mL,5.0,1,5.0,Official
2026-05,2026,5,2026-05-28,SSA3,Diabederm lotion 10% 200mL,10.0,1,10.0,Official
2026-06,2026,6,2026-06-28,SSA1,Capsika 0.0125%gel 35g BDC,5.0,13,65.0,Official
2026-06,2026,6,2026-06-28,SSA3,Capsika 0.0125%gel 35g BDC,5.0,8,40.0,Official
2026-06,2026,6,2026-06-28,SSA5,Capsika 0.0125%gel 35g BDC,5.0,77,385.0,Official
2026-06,2026,6,2026-06-28,SSA6,Capsika 0.0125%gel 35g BDC,5.0,2,10.0,Official
2026-06,2026,6,2026-06-28,SSA7,Capsika 0.0125%gel 35g BDC,5.0,17,85.0,Official
2026-06,2026,6,2026-06-28,SSA1,Capsika-25 (0.025%) Gel 35g,5.0,16,80.0,Official
2026-06,2026,6,2026-06-28,SSA2,Capsika-25 (0.025%) Gel 35g,5.0,3,15.0,Official
2026-06,2026,6,2026-06-28,SSA3,Capsika-25 (0.025%) Gel 35g,5.0,11,55.0,Official
2026-06,2026,6,2026-06-28,SSA5,Capsika-25 (0.025%) Gel 35g,5.0,34,170.0,Official
2026-06,2026,6,2026-06-28,SSA6,Capsika-25 (0.025%) Gel 35g,5.0,7,35.0,Official
2026-06,2026,6,2026-06-28,SSA7,Capsika-25 (0.025%) Gel 35g,5.0,29,145.0,Official
2026-06,2026,6,2026-06-28,SSA1,AROTIKA Rub 35g BDC,5.0,11,55.0,Official
2026-06,2026,6,2026-06-28,SSA3,AROTIKA Rub 35g BDC,5.0,6,30.0,Official
2026-06,2026,6,2026-06-28,SSA5,AROTIKA Rub 35g BDC,5.0,15,75.0,Official
2026-06,2026,6,2026-06-28,SSA6,AROTIKA Rub 35g BDC,5.0,18,90.0,Official
2026-06,2026,6,2026-06-28,SSA7,AROTIKA Rub 35g BDC,5.0,12,60.0,Official
2026-06,2026,6,2026-06-28,SSA1,AROTIKA Rub SprayPak 60ml BDC,10.0,29,290.0,Official
2026-06,2026,6,2026-06-28,SSA3,AROTIKA Rub SprayPak 60ml BDC,10.0,6,60.0,Official
2026-06,2026,6,2026-06-28,SSA5,AROTIKA Rub SprayPak 60ml BDC,10.0,33,330.0,Official
2026-06,2026,6,2026-06-28,SSA6,AROTIKA Rub SprayPak 60ml BDC,10.0,9,90.0,Official
2026-06,2026,6,2026-06-28,SSA7,AROTIKA Rub SprayPak 60ml BDC,10.0,11,110.0,Official
2026-06,2026,6,2026-06-28,SSA1,AROTIKA Rub Location 80ml,10.0,3,30.0,Official
2026-06,2026,6,2026-06-28,SSA3,AROTIKA Rub Location 80ml,10.0,2,20.0,Official
2026-06,2026,6,2026-06-28,SSA5,AROTIKA Rub Location 80ml,10.0,3,30.0,Official
2026-06,2026,6,2026-06-28,SSA1,Plaivana cream 14% 35g BDC,5.0,14,70.0,Official
2026-06,2026,6,2026-06-28,SSA3,Plaivana cream 14% 35g BDC,5.0,10,50.0,Official
2026-06,2026,6,2026-06-28,SSA5,Plaivana cream 14% 35g BDC,5.0,27,135.0,Official
2026-06,2026,6,2026-06-28,SSA6,Plaivana cream 14% 35g BDC,5.0,4,20.0,Official
2026-06,2026,6,2026-06-28,SSA7,Plaivana cream 14% 35g BDC,5.0,20,100.0,Official
2026-06,2026,6,2026-06-28,SSA1,Arotika cool spay 60ml,10.0,18,180.0,Official
2026-06,2026,6,2026-06-28,SSA3,Arotika cool spay 60ml,10.0,9,90.0,Official
2026-06,2026,6,2026-06-28,SSA5,Arotika cool spay 60ml,10.0,27,270.0,Official
2026-06,2026,6,2026-06-28,SSA6,Arotika cool spay 60ml,10.0,12,120.0,Official
2026-06,2026,6,2026-06-28,SSA7,Arotika cool spay 60ml,10.0,10,100.0,Official
2026-06,2026,6,2026-06-28,SSA1,Clenascar gel 15g BDC,10.0,4,40.0,Official
2026-06,2026,6,2026-06-28,SSA2,Clenascar gel 15g BDC,10.0,3,30.0,Official
2026-06,2026,6,2026-06-28,SSA5,Clenascar gel 15g BDC,10.0,2,20.0,Official
2026-06,2026,6,2026-06-28,SSA6,Clenascar gel 15g BDC,10.0,10,100.0,Official
2026-06,2026,6,2026-06-28,SSA1,Glucosa 1500mg Red Sach1x30,10.0,62,620.0,Official
2026-06,2026,6,2026-06-28,SSA3,Glucosa 1500mg Red Sach1x30,10.0,43,430.0,Official
2026-06,2026,6,2026-06-28,SSA5,Glucosa 1500mg Red Sach1x30,10.0,45,450.0,Official
2026-06,2026,6,2026-06-28,SSA6,Glucosa 1500mg Red Sach1x30,10.0,23,230.0,Official
2026-06,2026,6,2026-06-28,SSA7,Glucosa 1500mg Red Sach1x30,10.0,26,260.0,Official
2026-06,2026,6,2026-06-28,SSA1,Glucosa-500mg Cap/BI BDC,10.0,50,500.0,Official
2026-06,2026,6,2026-06-28,SSA2,Glucosa-500mg Cap/BI BDC,10.0,3,30.0,Official
2026-06,2026,6,2026-06-28,SSA3,Glucosa-500mg Cap/BI BDC,10.0,50,500.0,Official
2026-06,2026,6,2026-06-28,SSA5,Glucosa-500mg Cap/BI BDC,10.0,39,390.0,Official
2026-06,2026,6,2026-06-28,SSA6,Glucosa-500mg Cap/BI BDC,10.0,19,190.0,Official
2026-06,2026,6,2026-06-28,SSA7,Glucosa-500mg Cap/BI BDC,10.0,25,250.0,Official
2026-06,2026,6,2026-06-28,SSA1,Glucosa 1500mg Lemon Sach BDC 30ຊອງ/ກ,10.0,18,180.0,Official
2026-06,2026,6,2026-06-28,SSA3,Glucosa 1500mg Lemon Sach BDC 30ຊອງ/ກ,10.0,22,220.0,Official
2026-06,2026,6,2026-06-28,SSA5,Glucosa 1500mg Lemon Sach BDC 30ຊອງ/ກ,10.0,19,190.0,Official
2026-06,2026,6,2026-06-28,SSA6,Glucosa 1500mg Lemon Sach BDC 30ຊອງ/ກ,10.0,4,40.0,Official
2026-06,2026,6,2026-06-28,SSA7,Glucosa 1500mg Lemon Sach BDC 30ຊອງ/ກ,10.0,5,50.0,Official
2026-06,2026,6,2026-06-28,SSA1,Prozeus 15 10Sach,10.0,5,50.0,Official
2026-06,2026,6,2026-06-28,SSA2,Prozeus 15 10Sach,10.0,1,10.0,Official
2026-06,2026,6,2026-06-28,SSA3,Prozeus 15 10Sach,10.0,6,60.0,Official
2026-06,2026,6,2026-06-28,SSA5,Prozeus 15 10Sach,10.0,7,70.0,Official
2026-06,2026,6,2026-06-28,SSA6,Prozeus 15 10Sach,10.0,9,90.0,Official
2026-06,2026,6,2026-06-28,SSA7,Prozeus 15 10Sach,10.0,13,130.0,Official
2026-06,2026,6,2026-06-28,SSA1,Prozeus 15 (ກະປ໋ອງ),20.0,5,100.0,Official
2026-06,2026,6,2026-06-28,SSA5,Prozeus 15 (ກະປ໋ອງ),20.0,6,120.0,Official
2026-06,2026,6,2026-06-28,SSA6,Prozeus 15 (ກະປ໋ອງ),20.0,1,20.0,Official
2026-06,2026,6,2026-06-28,SSA7,Prozeus 15 (ກະປ໋ອງ),20.0,14,280.0,Official
2026-06,2026,6,2026-06-28,SSA1,Tristan (etoricoxib) 90mg,2.0,4,8.0,Official
2026-06,2026,6,2026-06-28,SSA3,Tristan (etoricoxib) 90mg,2.0,39,78.0,Official
2026-06,2026,6,2026-06-28,SSA5,Tristan (etoricoxib) 90mg,2.0,24,48.0,Official
2026-06,2026,6,2026-06-28,SSA6,Tristan (etoricoxib) 90mg,2.0,32,64.0,Official
2026-06,2026,6,2026-06-28,SSA7,Tristan (etoricoxib) 90mg,2.0,5,10.0,Official
2026-06,2026,6,2026-06-28,SSA1,Gastro bismol 524,5.0,36,180.0,Official
2026-06,2026,6,2026-06-28,SSA3,Gastro bismol 524,5.0,19,95.0,Official
2026-06,2026,6,2026-06-28,SSA5,Gastro bismol 524,5.0,77,385.0,Official
2026-06,2026,6,2026-06-28,SSA6,Gastro bismol 524,5.0,7,35.0,Official
2026-06,2026,6,2026-06-28,SSA7,Gastro bismol 524,5.0,124,620.0,Official
2026-06,2026,6,2026-06-28,SSA1,Nacoxib 90 mg,5.0,86,430.0,Official
2026-06,2026,6,2026-06-28,SSA3,Nacoxib 90 mg,5.0,86,430.0,Official
2026-06,2026,6,2026-06-28,SSA5,Nacoxib 90 mg,5.0,79,395.0,Official
2026-06,2026,6,2026-06-28,SSA6,Nacoxib 90 mg,5.0,17,85.0,Official
2026-06,2026,6,2026-06-28,SSA7,Nacoxib 90 mg,5.0,47,235.0,Official
2026-06,2026,6,2026-06-28,SSA1,Diabederm Cream 10% 35g,5.0,8,40.0,Official
2026-06,2026,6,2026-06-28,SSA3,Diabederm Cream 10% 35g,5.0,10,50.0,Official
2026-06,2026,6,2026-06-28,SSA5,Diabederm Cream 10% 35g,5.0,26,130.0,Official
2026-06,2026,6,2026-06-28,SSA6,Diabederm Cream 10% 35g,5.0,5,25.0,Official
2026-06,2026,6,2026-06-28,SSA7,Diabederm Cream 10% 35g,5.0,34,170.0,Official
2026-06,2026,6,2026-06-28,SSA1,Diabederm Cream 20% 35g,5.0,23,115.0,Official
2026-06,2026,6,2026-06-28,SSA2,Diabederm Cream 20% 35g,5.0,1,5.0,Official
2026-06,2026,6,2026-06-28,SSA3,Diabederm Cream 20% 35g,5.0,33,165.0,Official
2026-06,2026,6,2026-06-28,SSA5,Diabederm Cream 20% 35g,5.0,34,170.0,Official
2026-06,2026,6,2026-06-28,SSA6,Diabederm Cream 20% 35g,5.0,13,65.0,Official
2026-06,2026,6,2026-06-28,SSA7,Diabederm Cream 20% 35g,5.0,22,110.0,Official
2026-06,2026,6,2026-06-28,SSA1,Zentozide 1x4's,3.0,5,15.0,Official
2026-06,2026,6,2026-06-28,SSA3,Zentozide 1x4's,3.0,2,6.0,Official
2026-06,2026,6,2026-06-28,SSA5,Zentozide 1x4's,3.0,1,3.0,Official
2026-06,2026,6,2026-06-28,SSA7,Zentozide 1x4's,3.0,1,3.0,Official
2026-06,2026,6,2026-06-28,SSA1,Precius 6x10's,25.0,20,500.0,Official
2026-06,2026,6,2026-06-28,SSA3,Precius 6x10's,25.0,16,400.0,Official
2026-06,2026,6,2026-06-28,SSA5,Precius 6x10's,25.0,16,400.0,Official
2026-06,2026,6,2026-06-28,SSA7,Precius 6x10's,25.0,9,225.0,Official
2026-06,2026,6,2026-06-28,SSA1,Clena TM EX (Anti melasma) 15g,10.0,73,730.0,Official
2026-06,2026,6,2026-06-28,SSA2,Clena TM EX (Anti melasma) 15g,10.0,4,40.0,Official
2026-06,2026,6,2026-06-28,SSA3,Clena TM EX (Anti melasma) 15g,10.0,67,670.0,Official
2026-06,2026,6,2026-06-28,SSA5,Clena TM EX (Anti melasma) 15g,10.0,79,790.0,Official
2026-06,2026,6,2026-06-28,SSA6,Clena TM EX (Anti melasma) 15g,10.0,63,630.0,Official
2026-06,2026,6,2026-06-28,SSA7,Clena TM EX (Anti melasma) 15g,10.0,31,310.0,Official
2026-06,2026,6,2026-06-28,SSA1,Raqua cleansing gel 80 mL,5.0,1,5.0,Official
2026-06,2026,6,2026-06-28,SSA1,Diabederm lotion 10% 200mL,10.0,1,10.0,Official
2026-06,2026,6,2026-06-28,SSA3,Diabederm lotion 10% 200mL,10.0,1,10.0,Official
2026-07,2026,7,2026-07-28,SSA1,Capsika 0.0125%gel 35g BDC,5.0,26,130.0,Official
2026-07,2026,7,2026-07-28,SSA3,Capsika 0.0125%gel 35g BDC,5.0,12,60.0,Official
2026-07,2026,7,2026-07-28,SSA5,Capsika 0.0125%gel 35g BDC,5.0,166,830.0,Official
2026-07,2026,7,2026-07-28,SSA6,Capsika 0.0125%gel 35g BDC,5.0,5,25.0,Official
2026-07,2026,7,2026-07-28,SSA7,Capsika 0.0125%gel 35g BDC,5.0,35,175.0,Official
2026-07,2026,7,2026-07-28,SSA1,Capsika-25 (0.025%) Gel 35g,5.0,36,180.0,Official
2026-07,2026,7,2026-07-28,SSA2,Capsika-25 (0.025%) Gel 35g,5.0,1,5.0,Official
2026-07,2026,7,2026-07-28,SSA3,Capsika-25 (0.025%) Gel 35g,5.0,6,30.0,Official
2026-07,2026,7,2026-07-28,SSA5,Capsika-25 (0.025%) Gel 35g,5.0,22,110.0,Official
2026-07,2026,7,2026-07-28,SSA6,Capsika-25 (0.025%) Gel 35g,5.0,6,30.0,Official
2026-07,2026,7,2026-07-28,SSA7,Capsika-25 (0.025%) Gel 35g,5.0,58,290.0,Official
2026-07,2026,7,2026-07-28,SSA1,AROTIKA Rub 35g BDC,5.0,36,180.0,Official
2026-07,2026,7,2026-07-28,SSA3,AROTIKA Rub 35g BDC,5.0,5,25.0,Official
2026-07,2026,7,2026-07-28,SSA5,AROTIKA Rub 35g BDC,5.0,25,125.0,Official
2026-07,2026,7,2026-07-28,SSA6,AROTIKA Rub 35g BDC,5.0,14,70.0,Official
2026-07,2026,7,2026-07-28,SSA7,AROTIKA Rub 35g BDC,5.0,3,15.0,Official
2026-07,2026,7,2026-07-28,SSA1,AROTIKA Rub SprayPak 60ml BDC,10.0,25,250.0,Official
2026-07,2026,7,2026-07-28,SSA3,AROTIKA Rub SprayPak 60ml BDC,10.0,3,30.0,Official
2026-07,2026,7,2026-07-28,SSA5,AROTIKA Rub SprayPak 60ml BDC,10.0,29,290.0,Official
2026-07,2026,7,2026-07-28,SSA6,AROTIKA Rub SprayPak 60ml BDC,10.0,7,70.0,Official
2026-07,2026,7,2026-07-28,SSA7,AROTIKA Rub SprayPak 60ml BDC,10.0,12,120.0,Official
2026-07,2026,7,2026-07-28,SSA1,AROTIKA Rub Location 80ml,10.0,28,280.0,Official
2026-07,2026,7,2026-07-28,SSA2,AROTIKA Rub Location 80ml,10.0,1,10.0,Official
2026-07,2026,7,2026-07-28,SSA3,AROTIKA Rub Location 80ml,10.0,1,10.0,Official
2026-07,2026,7,2026-07-28,SSA5,AROTIKA Rub Location 80ml,10.0,2,20.0,Official
2026-07,2026,7,2026-07-28,SSA7,AROTIKA Rub Location 80ml,10.0,1,10.0,Official
2026-07,2026,7,2026-07-28,SSA1,Plaivana cream 14% 35g BDC,5.0,17,85.0,Official
2026-07,2026,7,2026-07-28,SSA3,Plaivana cream 14% 35g BDC,5.0,10,50.0,Official
2026-07,2026,7,2026-07-28,SSA5,Plaivana cream 14% 35g BDC,5.0,22,110.0,Official
2026-07,2026,7,2026-07-28,SSA6,Plaivana cream 14% 35g BDC,5.0,10,50.0,Official
2026-07,2026,7,2026-07-28,SSA7,Plaivana cream 14% 35g BDC,5.0,36,180.0,Official
2026-07,2026,7,2026-07-28,SSA1,Arotika cool spay 60ml,10.0,20,200.0,Official
2026-07,2026,7,2026-07-28,SSA3,Arotika cool spay 60ml,10.0,8,80.0,Official
2026-07,2026,7,2026-07-28,SSA5,Arotika cool spay 60ml,10.0,46,460.0,Official
2026-07,2026,7,2026-07-28,SSA6,Arotika cool spay 60ml,10.0,15,150.0,Official
2026-07,2026,7,2026-07-28,SSA7,Arotika cool spay 60ml,10.0,7,70.0,Official
2026-07,2026,7,2026-07-28,SSA1,Clenascar gel 15g BDC,10.0,3,30.0,Official
2026-07,2026,7,2026-07-28,SSA3,Clenascar gel 15g BDC,10.0,1,10.0,Official
2026-07,2026,7,2026-07-28,SSA5,Clenascar gel 15g BDC,10.0,5,50.0,Official
2026-07,2026,7,2026-07-28,SSA6,Clenascar gel 15g BDC,10.0,6,60.0,Official
2026-07,2026,7,2026-07-28,SSA7,Clenascar gel 15g BDC,10.0,3,30.0,Official
2026-07,2026,7,2026-07-28,SSA1,Glucosa 1500mg Red Sach1x30,10.0,52,520.0,Official
2026-07,2026,7,2026-07-28,SSA2,Glucosa 1500mg Red Sach1x30,10.0,2,20.0,Official
2026-07,2026,7,2026-07-28,SSA3,Glucosa 1500mg Red Sach1x30,10.0,56,560.0,Official
2026-07,2026,7,2026-07-28,SSA5,Glucosa 1500mg Red Sach1x30,10.0,56,560.0,Official
2026-07,2026,7,2026-07-28,SSA6,Glucosa 1500mg Red Sach1x30,10.0,20,200.0,Official
2026-07,2026,7,2026-07-28,SSA7,Glucosa 1500mg Red Sach1x30,10.0,30,300.0,Official
2026-07,2026,7,2026-07-28,SSA1,Glucosa-500mg Cap/BI BDC,10.0,57,570.0,Official
2026-07,2026,7,2026-07-28,SSA3,Glucosa-500mg Cap/BI BDC,10.0,56,560.0,Official
2026-07,2026,7,2026-07-28,SSA5,Glucosa-500mg Cap/BI BDC,10.0,37,370.0,Official
2026-07,2026,7,2026-07-28,SSA6,Glucosa-500mg Cap/BI BDC,10.0,19,190.0,Official
2026-07,2026,7,2026-07-28,SSA7,Glucosa-500mg Cap/BI BDC,10.0,27,270.0,Official
2026-07,2026,7,2026-07-28,SSA1,Glucosa 1500mg Lemon Sach BDC 30ຊອງ/ກ,10.0,31,310.0,Official
2026-07,2026,7,2026-07-28,SSA3,Glucosa 1500mg Lemon Sach BDC 30ຊອງ/ກ,10.0,27,270.0,Official
2026-07,2026,7,2026-07-28,SSA5,Glucosa 1500mg Lemon Sach BDC 30ຊອງ/ກ,10.0,16,160.0,Official
2026-07,2026,7,2026-07-28,SSA6,Glucosa 1500mg Lemon Sach BDC 30ຊອງ/ກ,10.0,8,80.0,Official
2026-07,2026,7,2026-07-28,SSA7,Glucosa 1500mg Lemon Sach BDC 30ຊອງ/ກ,10.0,14,140.0,Official
2026-07,2026,7,2026-07-28,SSA1,Prozeus 15 10Sach,10.0,8,80.0,Official
2026-07,2026,7,2026-07-28,SSA3,Prozeus 15 10Sach,10.0,10,100.0,Official
2026-07,2026,7,2026-07-28,SSA5,Prozeus 15 10Sach,10.0,14,140.0,Official
2026-07,2026,7,2026-07-28,SSA6,Prozeus 15 10Sach,10.0,9,90.0,Official
2026-07,2026,7,2026-07-28,SSA7,Prozeus 15 10Sach,10.0,14,140.0,Official
2026-07,2026,7,2026-07-28,SSA1,Prozeus 15 (ກະປ໋ອງ),20.0,2,40.0,Official
2026-07,2026,7,2026-07-28,SSA5,Prozeus 15 (ກະປ໋ອງ),20.0,5,100.0,Official
2026-07,2026,7,2026-07-28,SSA6,Prozeus 15 (ກະປ໋ອງ),20.0,1,20.0,Official
2026-07,2026,7,2026-07-28,SSA7,Prozeus 15 (ກະປ໋ອງ),20.0,10,200.0,Official
2026-07,2026,7,2026-07-28,SSA1,Tristan (etoricoxib) 90mg,2.0,5,10.0,Official
2026-07,2026,7,2026-07-28,SSA3,Tristan (etoricoxib) 90mg,2.0,152,304.0,Official
2026-07,2026,7,2026-07-28,SSA5,Tristan (etoricoxib) 90mg,2.0,42,84.0,Official
2026-07,2026,7,2026-07-28,SSA6,Tristan (etoricoxib) 90mg,2.0,15,30.0,Official
2026-07,2026,7,2026-07-28,SSA7,Tristan (etoricoxib) 90mg,2.0,24,48.0,Official
2026-07,2026,7,2026-07-28,SSA1,Gastro bismol 524,5.0,27,135.0,Official
2026-07,2026,7,2026-07-28,SSA3,Gastro bismol 524,5.0,33,165.0,Official
2026-07,2026,7,2026-07-28,SSA5,Gastro bismol 524,5.0,131,655.0,Official
2026-07,2026,7,2026-07-28,SSA6,Gastro bismol 524,5.0,31,155.0,Official
2026-07,2026,7,2026-07-28,SSA7,Gastro bismol 524,5.0,116,580.0,Official
2026-07,2026,7,2026-07-28,SSA1,Nacoxib 90 mg,5.0,65,325.0,Official
2026-07,2026,7,2026-07-28,SSA2,Nacoxib 90 mg,5.0,2,10.0,Official
2026-07,2026,7,2026-07-28,SSA3,Nacoxib 90 mg,5.0,94,470.0,Official
2026-07,2026,7,2026-07-28,SSA5,Nacoxib 90 mg,5.0,80,400.0,Official
2026-07,2026,7,2026-07-28,SSA6,Nacoxib 90 mg,5.0,26,130.0,Official
2026-07,2026,7,2026-07-28,SSA7,Nacoxib 90 mg,5.0,31,155.0,Official
2026-07,2026,7,2026-07-28,SSA1,Diabederm Cream 10% 35g,5.0,30,150.0,Official
2026-07,2026,7,2026-07-28,SSA2,Diabederm Cream 10% 35g,5.0,2,10.0,Official
2026-07,2026,7,2026-07-28,SSA3,Diabederm Cream 10% 35g,5.0,16,80.0,Official
2026-07,2026,7,2026-07-28,SSA5,Diabederm Cream 10% 35g,5.0,56,280.0,Official
2026-07,2026,7,2026-07-28,SSA6,Diabederm Cream 10% 35g,5.0,4,20.0,Official
2026-07,2026,7,2026-07-28,SSA7,Diabederm Cream 10% 35g,5.0,10,50.0,Official
2026-07,2026,7,2026-07-28,SSA1,Diabederm Cream 20% 35g,5.0,43,215.0,Official
2026-07,2026,7,2026-07-28,SSA2,Diabederm Cream 20% 35g,5.0,3,15.0,Official
2026-07,2026,7,2026-07-28,SSA3,Diabederm Cream 20% 35g,5.0,21,105.0,Official
2026-07,2026,7,2026-07-28,SSA5,Diabederm Cream 20% 35g,5.0,14,70.0,Official
2026-07,2026,7,2026-07-28,SSA6,Diabederm Cream 20% 35g,5.0,9,45.0,Official
2026-07,2026,7,2026-07-28,SSA7,Diabederm Cream 20% 35g,5.0,29,145.0,Official
2026-07,2026,7,2026-07-28,SSA1,Zentozide 1x4's,3.0,8,24.0,Official
2026-07,2026,7,2026-07-28,SSA3,Zentozide 1x4's,3.0,3,9.0,Official
2026-07,2026,7,2026-07-28,SSA1,Precius 6x10's,25.0,13,325.0,Official
2026-07,2026,7,2026-07-28,SSA3,Precius 6x10's,25.0,19,475.0,Official
2026-07,2026,7,2026-07-28,SSA5,Precius 6x10's,25.0,20,500.0,Official
2026-07,2026,7,2026-07-28,SSA7,Precius 6x10's,25.0,8,200.0,Official
2026-07,2026,7,2026-07-28,SSA1,Clena TM EX (Anti melasma) 15g,10.0,95,950.0,Official
2026-07,2026,7,2026-07-28,SSA2,Clena TM EX (Anti melasma) 15g,10.0,7,70.0,Official
2026-07,2026,7,2026-07-28,SSA3,Clena TM EX (Anti melasma) 15g,10.0,81,810.0,Official
2026-07,2026,7,2026-07-28,SSA5,Clena TM EX (Anti melasma) 15g,10.0,79,790.0,Official
2026-07,2026,7,2026-07-28,SSA6,Clena TM EX (Anti melasma) 15g,10.0,55,550.0,Official
2026-07,2026,7,2026-07-28,SSA7,Clena TM EX (Anti melasma) 15g,10.0,33,330.0,Official
2026-07,2026,7,2026-07-28,SSA1,Diabederm lotion 10% 200mL,10.0,1,10.0,Official
2026-07,2026,7,2026-07-28,SSA6,Diabederm lotion 10% 200mL,10.0,2,20.0,Official
2026-08,2026,8,2026-08-28,SSA1,Capsika 0.0125%gel 35g BDC,5.0,63,315.0,Official
2026-08,2026,8,2026-08-28,SSA2,Capsika 0.0125%gel 35g BDC,5.0,5,25.0,Official
2026-08,2026,8,2026-08-28,SSA3,Capsika 0.0125%gel 35g BDC,5.0,7,35.0,Official
2026-08,2026,8,2026-08-28,SSA5,Capsika 0.0125%gel 35g BDC,5.0,86,430.0,Official
2026-08,2026,8,2026-08-28,SSA7,Capsika 0.0125%gel 35g BDC,5.0,28,140.0,Official
2026-08,2026,8,2026-08-28,SSA1,Capsika-25 (0.025%) Gel 35g,5.0,85,425.0,Official
2026-08,2026,8,2026-08-28,SSA2,Capsika-25 (0.025%) Gel 35g,5.0,4,20.0,Official
2026-08,2026,8,2026-08-28,SSA3,Capsika-25 (0.025%) Gel 35g,5.0,3,15.0,Official
2026-08,2026,8,2026-08-28,SSA5,Capsika-25 (0.025%) Gel 35g,5.0,21,105.0,Official
2026-08,2026,8,2026-08-28,SSA6,Capsika-25 (0.025%) Gel 35g,5.0,4,20.0,Official
2026-08,2026,8,2026-08-28,SSA7,Capsika-25 (0.025%) Gel 35g,5.0,17,85.0,Official
2026-08,2026,8,2026-08-28,SSA1,AROTIKA Rub 35g BDC,5.0,57,285.0,Official
2026-08,2026,8,2026-08-28,SSA3,AROTIKA Rub 35g BDC,5.0,8,40.0,Official
2026-08,2026,8,2026-08-28,SSA5,AROTIKA Rub 35g BDC,5.0,16,80.0,Official
2026-08,2026,8,2026-08-28,SSA6,AROTIKA Rub 35g BDC,5.0,10,50.0,Official
2026-08,2026,8,2026-08-28,SSA7,AROTIKA Rub 35g BDC,5.0,21,105.0,Official
2026-08,2026,8,2026-08-28,SSA1,AROTIKA Rub SprayPak 60ml BDC,10.0,20,200.0,Official
2026-08,2026,8,2026-08-28,SSA3,AROTIKA Rub SprayPak 60ml BDC,10.0,17,170.0,Official
2026-08,2026,8,2026-08-28,SSA5,AROTIKA Rub SprayPak 60ml BDC,10.0,27,270.0,Official
2026-08,2026,8,2026-08-28,SSA6,AROTIKA Rub SprayPak 60ml BDC,10.0,7,70.0,Official
2026-08,2026,8,2026-08-28,SSA7,AROTIKA Rub SprayPak 60ml BDC,10.0,3,30.0,Official
2026-08,2026,8,2026-08-28,SSA1,AROTIKA Rub Location 80ml,10.0,10,100.0,Official
2026-08,2026,8,2026-08-28,SSA3,AROTIKA Rub Location 80ml,10.0,3,30.0,Official
2026-08,2026,8,2026-08-28,SSA5,AROTIKA Rub Location 80ml,10.0,5,50.0,Official
2026-08,2026,8,2026-08-28,SSA7,AROTIKA Rub Location 80ml,10.0,3,30.0,Official
2026-08,2026,8,2026-08-28,SSA1,Plaivana cream 14% 35g BDC,5.0,34,170.0,Official
2026-08,2026,8,2026-08-28,SSA2,Plaivana cream 14% 35g BDC,5.0,3,15.0,Official
2026-08,2026,8,2026-08-28,SSA3,Plaivana cream 14% 35g BDC,5.0,17,85.0,Official
2026-08,2026,8,2026-08-28,SSA5,Plaivana cream 14% 35g BDC,5.0,19,95.0,Official
2026-08,2026,8,2026-08-28,SSA6,Plaivana cream 14% 35g BDC,5.0,3,15.0,Official
2026-08,2026,8,2026-08-28,SSA7,Plaivana cream 14% 35g BDC,5.0,17,85.0,Official
2026-08,2026,8,2026-08-28,SSA1,Arotika cool spay 60ml,10.0,29,290.0,Official
2026-08,2026,8,2026-08-28,SSA3,Arotika cool spay 60ml,10.0,4,40.0,Official
2026-08,2026,8,2026-08-28,SSA5,Arotika cool spay 60ml,10.0,43,430.0,Official
2026-08,2026,8,2026-08-28,SSA6,Arotika cool spay 60ml,10.0,18,180.0,Official
2026-08,2026,8,2026-08-28,SSA7,Arotika cool spay 60ml,10.0,5,50.0,Official
2026-08,2026,8,2026-08-28,SSA5,Clenascar gel 15g BDC,10.0,3,30.0,Official
2026-08,2026,8,2026-08-28,SSA6,Clenascar gel 15g BDC,10.0,11,110.0,Official
2026-08,2026,8,2026-08-28,SSA7,Clenascar gel 15g BDC,10.0,3,30.0,Official
2026-08,2026,8,2026-08-28,SSA1,Glucosa 1500mg Red Sach1x30,10.0,57,570.0,Official
2026-08,2026,8,2026-08-28,SSA2,Glucosa 1500mg Red Sach1x30,10.0,3,30.0,Official
2026-08,2026,8,2026-08-28,SSA3,Glucosa 1500mg Red Sach1x30,10.0,52,520.0,Official
2026-08,2026,8,2026-08-28,SSA5,Glucosa 1500mg Red Sach1x30,10.0,67,670.0,Official
2026-08,2026,8,2026-08-28,SSA6,Glucosa 1500mg Red Sach1x30,10.0,31,310.0,Official
2026-08,2026,8,2026-08-28,SSA7,Glucosa 1500mg Red Sach1x30,10.0,19,190.0,Official
2026-08,2026,8,2026-08-28,SSA1,Glucosa-500mg Cap/BI BDC,10.0,49,490.0,Official
2026-08,2026,8,2026-08-28,SSA2,Glucosa-500mg Cap/BI BDC,10.0,1,10.0,Official
2026-08,2026,8,2026-08-28,SSA3,Glucosa-500mg Cap/BI BDC,10.0,45,450.0,Official
2026-08,2026,8,2026-08-28,SSA5,Glucosa-500mg Cap/BI BDC,10.0,32,320.0,Official
2026-08,2026,8,2026-08-28,SSA6,Glucosa-500mg Cap/BI BDC,10.0,23,230.0,Official
2026-08,2026,8,2026-08-28,SSA7,Glucosa-500mg Cap/BI BDC,10.0,35,350.0,Official
2026-08,2026,8,2026-08-28,SSA1,Glucosa 1500mg Lemon Sach BDC 30ຊອງ/ກ,10.0,23,230.0,Official
2026-08,2026,8,2026-08-28,SSA2,Glucosa 1500mg Lemon Sach BDC 30ຊອງ/ກ,10.0,1,10.0,Official
2026-08,2026,8,2026-08-28,SSA3,Glucosa 1500mg Lemon Sach BDC 30ຊອງ/ກ,10.0,26,260.0,Official
2026-08,2026,8,2026-08-28,SSA5,Glucosa 1500mg Lemon Sach BDC 30ຊອງ/ກ,10.0,26,260.0,Official
2026-08,2026,8,2026-08-28,SSA6,Glucosa 1500mg Lemon Sach BDC 30ຊອງ/ກ,10.0,6,60.0,Official
2026-08,2026,8,2026-08-28,SSA7,Glucosa 1500mg Lemon Sach BDC 30ຊອງ/ກ,10.0,7,70.0,Official
2026-08,2026,8,2026-08-28,SSA1,Prozeus 15 10Sach,10.0,10,100.0,Official
2026-08,2026,8,2026-08-28,SSA3,Prozeus 15 10Sach,10.0,3,30.0,Official
2026-08,2026,8,2026-08-28,SSA5,Prozeus 15 10Sach,10.0,13,130.0,Official
2026-08,2026,8,2026-08-28,SSA6,Prozeus 15 10Sach,10.0,7,70.0,Official
2026-08,2026,8,2026-08-28,SSA7,Prozeus 15 10Sach,10.0,12,120.0,Official
2026-08,2026,8,2026-08-28,SSA1,Prozeus 15 (ກະປ໋ອງ),20.0,10,200.0,Official
2026-08,2026,8,2026-08-28,SSA3,Prozeus 15 (ກະປ໋ອງ),20.0,2,40.0,Official
2026-08,2026,8,2026-08-28,SSA5,Prozeus 15 (ກະປ໋ອງ),20.0,8,160.0,Official
2026-08,2026,8,2026-08-28,SSA6,Prozeus 15 (ກະປ໋ອງ),20.0,3,60.0,Official
2026-08,2026,8,2026-08-28,SSA7,Prozeus 15 (ກະປ໋ອງ),20.0,5,100.0,Official
2026-08,2026,8,2026-08-28,SSA1,Tristan (etoricoxib) 90mg,2.0,15,30.0,Official
2026-08,2026,8,2026-08-28,SSA2,Tristan (etoricoxib) 90mg,2.0,2,4.0,Official
2026-08,2026,8,2026-08-28,SSA3,Tristan (etoricoxib) 90mg,2.0,78,156.0,Official
2026-08,2026,8,2026-08-28,SSA5,Tristan (etoricoxib) 90mg,2.0,3,6.0,Official
2026-08,2026,8,2026-08-28,SSA6,Tristan (etoricoxib) 90mg,2.0,18,36.0,Official
2026-08,2026,8,2026-08-28,SSA7,Tristan (etoricoxib) 90mg,2.0,12,24.0,Official
2026-08,2026,8,2026-08-28,SSA1,Gastro bismol 524,5.0,24,120.0,Official
2026-08,2026,8,2026-08-28,SSA3,Gastro bismol 524,5.0,19,95.0,Official
2026-08,2026,8,2026-08-28,SSA5,Gastro bismol 524,5.0,105,525.0,Official
2026-08,2026,8,2026-08-28,SSA6,Gastro bismol 524,5.0,17,85.0,Official
2026-08,2026,8,2026-08-28,SSA7,Gastro bismol 524,5.0,88,440.0,Official
2026-08,2026,8,2026-08-28,SSA1,Nacoxib 90 mg,5.0,78,390.0,Official
2026-08,2026,8,2026-08-28,SSA2,Nacoxib 90 mg,5.0,8,40.0,Official
2026-08,2026,8,2026-08-28,SSA3,Nacoxib 90 mg,5.0,81,405.0,Official
2026-08,2026,8,2026-08-28,SSA5,Nacoxib 90 mg,5.0,72,360.0,Official
2026-08,2026,8,2026-08-28,SSA6,Nacoxib 90 mg,5.0,20,100.0,Official
2026-08,2026,8,2026-08-28,SSA7,Nacoxib 90 mg,5.0,65,325.0,Official
2026-08,2026,8,2026-08-28,SSA1,Diabederm Cream 10% 35g,5.0,19,95.0,Official
2026-08,2026,8,2026-08-28,SSA2,Diabederm Cream 10% 35g,5.0,1,5.0,Official
2026-08,2026,8,2026-08-28,SSA3,Diabederm Cream 10% 35g,5.0,20,100.0,Official
2026-08,2026,8,2026-08-28,SSA5,Diabederm Cream 10% 35g,5.0,48,240.0,Official
2026-08,2026,8,2026-08-28,SSA6,Diabederm Cream 10% 35g,5.0,6,30.0,Official
2026-08,2026,8,2026-08-28,SSA7,Diabederm Cream 10% 35g,5.0,6,30.0,Official
2026-08,2026,8,2026-08-28,SSA1,Diabederm Cream 20% 35g,5.0,29,145.0,Official
2026-08,2026,8,2026-08-28,SSA2,Diabederm Cream 20% 35g,5.0,2,10.0,Official
2026-08,2026,8,2026-08-28,SSA3,Diabederm Cream 20% 35g,5.0,34,170.0,Official
2026-08,2026,8,2026-08-28,SSA5,Diabederm Cream 20% 35g,5.0,32,160.0,Official
2026-08,2026,8,2026-08-28,SSA6,Diabederm Cream 20% 35g,5.0,7,35.0,Official
2026-08,2026,8,2026-08-28,SSA7,Diabederm Cream 20% 35g,5.0,18,90.0,Official
2026-08,2026,8,2026-08-28,SSA1,Zentozide 1x4's,3.0,15,45.0,Official
2026-08,2026,8,2026-08-28,SSA5,Zentozide 1x4's,3.0,1,3.0,Official
2026-08,2026,8,2026-08-28,SSA6,Zentozide 1x4's,3.0,2,6.0,Official
2026-08,2026,8,2026-08-28,SSA1,Precius 6x10's,25.0,12,300.0,Official
2026-08,2026,8,2026-08-28,SSA3,Precius 6x10's,25.0,14,350.0,Official
2026-08,2026,8,2026-08-28,SSA5,Precius 6x10's,25.0,60,1500.0,Official
2026-08,2026,8,2026-08-28,SSA6,Precius 6x10's,25.0,1,25.0,Official
2026-08,2026,8,2026-08-28,SSA7,Precius 6x10's,25.0,17,425.0,Official
2026-08,2026,8,2026-08-28,SSA1,Clena TM EX (Anti melasma) 15g,10.0,60,600.0,Official
2026-08,2026,8,2026-08-28,SSA2,Clena TM EX (Anti melasma) 15g,10.0,9,90.0,Official
2026-08,2026,8,2026-08-28,SSA3,Clena TM EX (Anti melasma) 15g,10.0,63,630.0,Official
2026-08,2026,8,2026-08-28,SSA5,Clena TM EX (Anti melasma) 15g,10.0,118,1180.0,Official
2026-08,2026,8,2026-08-28,SSA6,Clena TM EX (Anti melasma) 15g,10.0,57,570.0,Official
2026-08,2026,8,2026-08-28,SSA7,Clena TM EX (Anti melasma) 15g,10.0,27,270.0,Official
2026-08,2026,8,2026-08-28,SSA6,Raqua cleansing gel 80 mL,5.0,1,5.0,Official
2026-08,2026,8,2026-08-28,SSA3,Diabederm lotion 10% 200mL,10.0,3,30.0,Official
2026-08,2026,8,2026-08-28,SSA5,Diabederm lotion 10% 200mL,10.0,1,10.0,Official
